{"prediction_class": "Regulatory Breaches Tax Evasion Smuggling of goods", "prediction_score": "0.99", "name": "Alimentation Couche-Tard", "title": "Update Shareholder Alert: Levi &Korsinsky, Llp Notifies Investors Of The Pantry, Inc. Of Class Action Against Board Of Directors Of The Company In Connection With The Fairness Of The", "published": "2015-02-02T00:00:00Z", "updated": "2020-11-16T07:51:13Z", "cleaned_article": "[TITLE] Update Shareholder Alert: Levi &Korsinsky, Llp Notifies Investors Of The Pantry, Inc. Of Class Action Against Board Of Directors Of The Company In Connection With The Fairness Of The [TITLE] \n\nPANTRY, INC. (\"PTRY-Q\") - Update -- Shareholder Alert: Levi &Korsinsky, Llp Notifies - Investors Of The Pantry, Inc. Of Class Action Against Board Of - Directors Of The Company In Connection With The Fairness Of The - Sale Of The Company To Alimentation Couche-tard Inc. -- PtryLevi &Korsinsky notifies investors of The Pantry, Inc. (\"The Pantry\" or \"the Company\") of claims of breaches of fiduciary duty and other violations of state law against the board of directros of the Company in connection with the sale of the Company to Alimentation Couche-Tard Inc. A complaint was filed in Delaware state court. Click here to learn more about the investigation: http://zlk.9nl.com/thepantry-ptry. Under the terms of the transaction, The Pantry shareholders will receive $36.75 in cash for each share of The Pantry common stock they own. The claims concern whether the Board of The Pantry breached their fiduciary duties to stockholders by failing to adequately shop the Company before agreeing to enter into this transaction, and whether Couche-Tard Inc. is underpaying for The Pantry shares.", "raw_cleaned_article": "<h2>Update Shareholder Alert: Levi &Korsinsky, Llp Notifies Investors Of The Pantry, Inc. Of Class Action Against Board Of Directors Of The Company In Connection With The Fairness Of The</h2><p><b>PANTRY, INC. (\"PTRY-Q\") - Update -- Shareholder Alert: Levi &Korsinsky, Llp Notifies - Investors Of The Pantry, Inc. Of Class Action Against Board Of - Directors Of The Company In Connection With The Fairness Of The - Sale Of The Company To Alimentation Couche-tard Inc. -- Ptry</b><b>Levi &Korsinsky notifies investors of The Pantry, Inc. (\"The Pantry\" or \"the Company\") of claims of breaches of fiduciary duty and other violations of state law against the board of directros of the Company in connection with the sale of the Company to Alimentation Couche-Tard Inc. A complaint was filed in Delaware state court.</b> Click here to learn more about the investigation: http://zlk.9nl.com/thepantry-ptry. Under the terms of the transaction, The Pantry shareholders will receive $36.75 in cash for each share of The Pantry common stock they own. The claims concern whether the Board of The Pantry breached their fiduciary duties to stockholders by failing to adequately shop the Company before agreeing to enter into this transaction, and whether Couche-Tard Inc. is underpaying for The Pantry shares.</p>", "original_content": "<entry xmlns=\"http://www.w3.org/2005/Atom\"><id>urn:contentItem:5F6X-51R1-DYG5-70YB-00000-00</id><title>Update Shareholder Alert: Levi &amp;Korsinsky, Llp Notifies Investors Of The Pantry, Inc. Of Class Action Against Board Of Directors Of The Company In Connection With The Fairness Of The</title><published>2015-02-02T00:00:00Z</published><updated>2020-11-16T07:51:13Z</updated><author><name>LexisNexis</name></author><content type=\"application/xml\"><!--Transformation version 1.23--><articleDoc xmlns=\"\" xmlns:xsi=\"http://www.w3.org/2001/XMLSchema-instance\" xsi:noNamespaceSchemaLocation=\"http://www.lexisnexis.com/xmlschemas/content/public/articledoc/1/\" schemaVersion=\"1.8\" xml:lang=\"en\"><articleDocHead><itemInfo/></articleDocHead><nitf:body xmlns:nitf=\"http://iptc.org/std/NITF/2006-10-18/\"><nitf:body.head><nitf:hedline><nitf:hl1>Update Shareholder Alert: Levi &amp;Korsinsky, Llp Notifies Investors Of The Pantry, Inc. Of Class Action Against Board Of Directors Of The Company In Connection With The Fairness Of The</nitf:hl1></nitf:hedline></nitf:body.head><nitf:body.content><bodyText><p nitf:lede=\"true\">PANTRY, INC. (\"PTRY-Q\") - Update -- Shareholder Alert: Levi &amp;Korsinsky, Llp Notifies - Investors Of The Pantry, Inc. Of Class Action Against Board Of - Directors Of The Company In Connection With The Fairness Of The - Sale Of The Company To Alimentation Couche-tard Inc. -- Ptry</p><p>Levi &amp;Korsinsky notifies investors of The Pantry, Inc. (\"The Pantry\" or \"the Company\") of claims of breaches of fiduciary duty and other violations of state law against the board of directros of the Company in connection with the sale of the Company to Alimentation Couche-Tard Inc. A complaint was filed in Delaware state court.</p><p>Click here to learn more about the investigation: <url normalizedValue=\"http://zlk.9nl.com/thepantry-ptry\">http://zlk.9nl.com/thepantry-ptry</url>.</p><p>Under the terms of the transaction, The Pantry shareholders will receive $36.75 in cash for each share of The Pantry common stock they own. The claims concern whether the Board of The Pantry breached their fiduciary duties to stockholders by failing to adequately shop the Company before agreeing to enter into this transaction, and whether Couche-Tard Inc. is underpaying for The Pantry shares.</p><p>If you own The Pantry common stock and wish to obtain additional information, please contact Joseph E. Levi, Esq. either via email at <email normalizedValue=\"mailto:jlevi@zlk.com\">jlevi@zlk.com</email> or by telephone at (212) 363-7500, toll-free: (877) 363-5972, or visit <url normalizedValue=\"http://zlk.9nl.com/thepantry-ptry\">http://zlk.9nl.com/thepantry-ptry</url>.</p><p>Levi &amp;Korsinsky is a national firm with offices in New York, New Jersey, Connecticut and Washington D.C. The firm's attorneys have extensive expertise in prosecuting securities litigation involving financial fraud, representing investors throughout the nation in securities and shareholder lawsuits. For more information, please feel free to contact any of the attorneys listed below. Attorney advertising. Prior results do not guarantee similar outcomes.</p><p>Levi &amp;Korsinsky, LLP NASDAQ closing price for PTRY-Q Date: 2015/01/30 Closing Price: 36.90</p><p>____________________________________________________________</p><p>(c)2015 Market News Publishing Inc. All rights reserved. Toronto:(416)366-8881 Vancouver:(604)689-1101 Fax:(604)689-1106</p></bodyText></nitf:body.content><nitf:body.end><contact><bodyText><p><br/><br/>CONTACT: TEL: (212) 363-7500 Joseph Levi, Esq. FAX: (212) 363-7171 Website: <url normalizedValue=\"http://www.zlk.com\">www.zlk.com</url> ______________________________ _______________________________________________</p></bodyText></contact></nitf:body.end></nitf:body><metadata><dc:metadata xmlns:dc=\"http://purl.org/dc/elements/1.1/\"><dc:identifier identifierScheme=\"DOC-ID\">MNP-UPDATESHAREHOLDERALERTLEVI38KORSINSKYLLPNOTIFIESINPANTRYINCPTRYQUPDATESHAREHOLDERALERTLEVI38KORSINSKYLLPNOTIFIESINVESTORSOFTHEPANTRYINCOFCLASSACTIONAG</dc:identifier><dc:source sourceScheme=\"royaltyReportingKey\">MNP2015</dc:source><dc:identifier identifierScheme=\"PGUID\">urn:contentItem:5F6X-51R1-DYG5-70YB-00000-00</dc:identifier><dc:source sourceScheme=\"productContentSetIdentifier\">312853</dc:source><dc:date dateType=\"last-updated\">2016-06-26</dc:date></dc:metadata><wordCount number=\"371\"/><timeReceived>10:02 AM PST</timeReceived><publicationInfo><copyright>Copyright 2015 Market News Publishing, Inc. All Rights Reserved.</copyright><publicationName>Market News Publishing</publicationName><publicationLogo><logo><inlineObject><locator><locatorKey><keyName name=\"object-key\"/><keyValue value=\"24185\"/></locatorKey><locatorParameters><parameter name=\"object-type\" value=\"201\"/><parameter name=\"object-smi\" value=\"LOGOS\"/><parameter name=\"componentseq\" value=\"1\"/></locatorParameters></locator></inlineObject></logo></publicationLogo><publicationDate day=\"02\" month=\"02\" year=\"2015\"><dateText>February 2, 2015 Monday</dateText></publicationDate><classification classificationScheme=\"publicationtype\"><classificationItem><className>Newswire</className></classificationItem></classification><classification classificationScheme=\"publicationtype\"><classificationItem><className>Newswires &amp; Press Releases</className></classificationItem></classification></publicationInfo><classification classificationScheme=\"language\"><classificationItem classificationScheme=\"lang.english\"><className>ENGLISH</className></classificationItem></classification><classificationGroup classificationScheme=\"indexing-terms\"><classification classificationScheme=\"company\"><classificationItem score=\"95\"><classCode>CC000CJXX</classCode><className>LEVI &amp; KORSINSKY LLP</className></classificationItem><classificationItem score=\"93\"><classCode>CC0002LQL</classCode><className>PANTRY INC</className></classificationItem><classificationItem score=\"92\"><classCode>CC00023LV</classCode><className>ALIMENTATION COUCHE-TARD INC</className></classificationItem></classification><classification classificationScheme=\"ticker\"><classificationItem score=\"92\"><className>ATD.A (TSX)</className></classificationItem></classification></classificationGroup><classificationGroup classificationScheme=\"licensor.indexing-terms\"><classification classificationScheme=\"licensor.company\"><classificationItem><className>PANTRY INC</className></classificationItem></classification><classification classificationScheme=\"licensor.ticker\"><classificationItem><className>PTRY;</className><className>(Nasdaq)</className></classificationItem></classification></classificationGroup><classificationGroup classificationScheme=\"indexing-terms\"><classification classificationScheme=\"subject\"><classificationItem score=\"90\"><classCode>STX001561</classCode><className>SHAREHOLDERS</className><classCode>Z3VpZD11cm46dG9waWM6NEI2QjYxNjkwMTkzNDhFRUExNjlFRjVFRUU3NDhBQkE7cGFyZW50Z3VpZD11cm46dG9waWM6MDQ3M0RFODczN0I4NDg2RjlFRDNFMUNBODRDQTU0Q0E</classCode><className>Shareholders</className></classificationItem><classificationItem score=\"90\"><classCode>STX001648</classCode><className>SUITS &amp; CLAIMS</className><classCode/><className/></classificationItem><classificationItem score=\"89\"><classCode>STX000194</classCode><className>BOARDS OF DIRECTORS</className><classCode/><className/></classificationItem><classificationItem score=\"89\"><classCode>STX001040</classCode><className>LITIGATION</className><classCode/><className/></classificationItem><classificationItem score=\"78\"><classCode>STX001559</classCode><className>SHAREHOLDER LAWSUITS</className><classCode/><className/></classificationItem><classificationItem score=\"77\"><classCode>STX001462</classCode><className>REGULATORY COMPLIANCE</className><classCode/><className/></classificationItem><classificationItem score=\"75\"><classCode>STX001008</classCode><className>LAW PRACTICE</className><classCode/><className/></classificationItem><classificationItem score=\"75\"><classCode>N541110GM</classCode><className>LAWYERS</className><classCode/><className/></classificationItem><classificationItem score=\"75\"><classCode>STX000969</classCode><className>INVESTIGATIONS</className><classCode/><className/></classificationItem></classification><classification classificationScheme=\"industry\"><classificationItem score=\"89\"><classCode>STX000336</classCode><className>COMMON STOCK</className><classCode/><className/></classificationItem><classificationItem score=\"75\"><classCode>STX001008</classCode><className>LAW PRACTICE</className><classCode/><className/></classificationItem><classificationItem score=\"75\"><classCode>N541110GM</classCode><className>LAWYERS</className><classCode/><className/></classificationItem><classificationItem score=\"73\"><classCode>N523210MM</classCode><className>STOCK EXCHANGES</className><classCode>Z3VpZD11cm46dG9waWM6M0ZDMDg5MEQ3OTlGNEJCMkI0M0EyM0MwN0E1Njk1MEQ7cGFyZW50Z3VpZD11cm46dG9waWM6NDBGREFBMDgyNTQ0NERFRUI3MEUwNDBFOTM5NDExREI</classCode><className>Stock Exchanges</className></classificationItem></classification><classification classificationScheme=\"state\"><classificationItem score=\"79\"><classCode>GS148</classCode><className>NEW YORK, USA</className><classCode/><className/></classificationItem><classificationItem score=\"79\"><classCode>GS124</classCode><className>DISTRICT OF COLUMBIA, USA</className><classCode/><className/></classificationItem><classificationItem score=\"77\"><classCode>GS123</classCode><className>DELAWARE, USA</className><classCode/><className/></classificationItem><classificationItem score=\"76\"><classCode>GS146</classCode><className>NEW JERSEY, USA</className><classCode/><className/></classificationItem><classificationItem score=\"69\"><classCode>GS122</classCode><className>CONNECTICUT, USA</className><classCode/><className/></classificationItem></classification><classification classificationScheme=\"country\"><classificationItem score=\"79\"><classCode>GC343</classCode><className>UNITED STATES</className><classCode/><className/></classificationItem></classification></classificationGroup></metadata></articleDoc></content></entry>"}