{"prediction_class": "Regulatory Breaches Tax Evasion Smuggling of goods", "prediction_score": "0.99", "name": "Alimentation Couche-Tard", "title": "Casey's Sues To Block Takeover", "published": "2010-07-01T00:00:00Z", "updated": "2020-11-16T08:12:28Z", "cleaned_article": "[TITLE] Casey's Sues To Block Takeover [TITLE] \n\nQUICK FACT In 2009, 66 percent of c-store chains reported using BI systems, and this year the number jumped to 74 percent. Source: Convenience Store News' 2010 Technology Study Alimentation Couche-Tard brings offer to shareholders, accused of market manipulation", "raw_cleaned_article": "<h2>Casey's Sues To Block Takeover</h2><p>QUICK FACT In 2009, 66 percent of c-store chains reported using BI systems, and this year the number jumped to 74 percent. Source: Convenience Store News' 2010 Technology Study <b>Alimentation Couche-Tard brings offer to shareholders, accused of market manipulation</b></p>", "original_content": "<entry xmlns=\"http://www.w3.org/2005/Atom\"><id>urn:contentItem:5GY4-KRF1-JBTP-P0TK-00000-00</id><title>Casey's Sues To Block Takeover</title><published>2010-07-01T00:00:00Z</published><updated>2020-11-16T08:12:28Z</updated><author><name>LexisNexis</name></author><content type=\"application/xml\"><!--Transformation version 1.23--><articleDoc xmlns=\"\" xmlns:xsi=\"http://www.w3.org/2001/XMLSchema-instance\" xsi:noNamespaceSchemaLocation=\"http://www.lexisnexis.com/xmlschemas/content/public/articledoc/1/\" schemaVersion=\"1.8\" xml:lang=\"en\"><articleDocHead><itemInfo/></articleDocHead><nitf:body xmlns:nitf=\"http://iptc.org/std/NITF/2006-10-18/\"><nitf:body.head><nitf:hedline><nitf:hl1>Casey's Sues To Block Takeover</nitf:hl1></nitf:hedline></nitf:body.head><nitf:body.content><bodyText><p nitf:lede=\"true\"><emphasis typeStyle=\"bf\">\"The No. 1 challenge is to get employees to be customer focused, and I think in the future, technology is going to be one of the things that bridges the gap.\"</emphasis></p><p nitf:lede=\"true\">Gabe Olives, Turkey Hill Minit Markets (see page 28)</p><p nitf:lede=\"true\"><emphasis typeStyle=\"bf\">QUICK FACT In 2009, 66 percent of c-store chains reported using BI systems, and this year the number jumped to 74 percent</emphasis>.</p><p nitf:lede=\"true\">Source: Convenience Store News' 2010 Technology Study</p><p nitf:lede=\"true\"><emphasis typeStyle=\"bf\">Alimentation Couche-Tard brings offer to shareholders, accused of market manipulation</emphasis></p><p>In the latest round of blows in a hostile takeover battle between Canadian c-store operator Alimentation Couche-Tard Inc.and Ankeny, Iowa-based Casey's General Stores Inc., the Midwest retailer filed a complaint last month in the United States District Court for the Southern District of Iowa, alleging Couche-Tard violated federal securities laws in connection with its takeover attempt.</p><p>According to Casey's, when Couche-Tard made its $36-pershare offer for Casey's public on April 9, it had accumulated a stake of 1,975,362 Casey's shares, representing approximately 3.9 percent of those issued. And following its announcement of the offer, Couche-Tard sold almost all its shares for $38.43 per share, totaling 17 percent of the total trading volume for Casey's stock during market hours that day.</p><p>The complaint alleges that with Couche-Tard's announcement of its intent to takeover Casey's, the company then sold its shares, and \"simultaneously reaped millions of dollars of profit by trading on the market's reaction to its own announcement, and artificially depressed the run up in Casey's stock price that otherwise would have followed Couche-Tard's announcement of its takeover bid.\"</p><p>As part of the complaint, Casey's is seeking an injunction preventing Couche-Tard from taking further steps to pursue the hostile takeover, among other measures.</p><p>In response, Couche-Tard stated: \"We believe this lawsuit is entirely without merit, and we will vigorously defend against these baseless claims. We are disappointed that the Casey's board of directors has chosen to proceed down this path, which we believe is designed to distract Casey's shareholders from focusing on the real issue - our all cash, premium bid for Casey's.\"</p><p>Casey's legal action followed a $36-per-share tender offer by the Canadian company. Couche-Tard executives hoped that by going directly to shareholders, the board of directors would open up to negotiations.</p><p>\"We hope to see Casey's management accept our offer,\" Raymond Pare, CFO of Couche-Tard, told Convenience Store News when the tender offer was announced. \"We encourage shareholders to take steps to work with Casey's to bring them to the table.\"</p><p>The cash offer - totaling $1.9 billion - represents the full value of Casey's, the executives said.</p><p>\"This is what we are willing to pay, and we're strong buyers at $36 per share,\" Pare said. \"It is full value at this price.\"</p><p>The combination of Casey's General Stores and Couche-Tard would be beneficial for all parties involved, Couche-Tard shareholders told CSNews.</p><p>\"This transaction would form a stronger, more competitive player in the market areas, and be good for shareholders of both companies,\" said Pare, noting there are only 28 Couche-Tard locations within a mile of Casey's stores.</p><p>Alain Bouchard, Couche-Tard president and CEO, added: \"It's part of our plan to buy more stores, and Casey's is a perfect fit with our geography. We like their foodservice model for their rural stores, and we can add value to their stores and learn from their expertise on foodservice.\"</p><p>In an investor presentation obtained by CSNews, Couche-Tard detailed its integration strategy, including the impact on stores, should the merger come to fruition. Couche-Tard's decentralized business model would allow Casey's to be run as a stand-alone business unit, and the Casey's store banner will remain in place with no rebranding or remodels required, Couche-Tard stated. The chain would continue to grow as a rural store format, and Couche-Tard would possibly leverage Casey's wholesale and distribution capabilities, while potentially implementing the best practices from both chains in their respective counterparts. It also noted no significant capital expenditures would be required to integrate Casey's.</p><p>Days after the tender offer was announced, the board of directors for Casey's recommended shareholders reject the offer, stating it substantially undervalues the company.</p><p>\"We believe this is a self-serving and transparent attempt by Couche-Tard to take significant value that rightly belongs to Casey's shareholders,\" Robert J. Myers, president and CEO of Casey's, said in a statement. \"We believe our shareholders will reap far greater value from our industry leading performance, significant growth opportunities, successful execution of our strategic initiatives, strong balance sheet and real estate position, and the benefits of our highly differentiated business model and well-regarded self-distribution system.\"</p><p>And in response, Couche-Tard issued a statement saying: \"We are disappointed that the Casey's board of directors has recommended that its shareholders reject our ... offer without any discussion or negotiation with us.\"</p><p>In addition, Couche-Tard also named a slate of nine independent candidates that it plans to nominate for election to the Casey's General board of directors at the Midwest retailer's 2010 annual shareholder meeting.</p><p>\"Though it remains our strong preference to enter into a negotiated transaction with Casey's, we are committed to pursuing a combination of our two companies. To reinforce that commitment, we are nominating a full slate of nine directors for election to the Casey's board who will exercise independent judgment in considering the Couche-Tard tender offer,\" Bouchard said in a statement.</p><p>In response, Myers stated the nominations are \"clearly an attempt by Couche-Tard to gain control of Casey's and force through its inadequate proposal to acquire the company.\"</p><p>Goldman, Sachs &amp; Co. is acting as financial advisor to Casey's, and Cravath, Swaine &amp; Moore LLP and Ahlers &amp; Cooney PC are providing legal advice.</p><p>Credit Suisse Securities (USA) LLC is acting as financial advisor to Couche-Tard and dealer manager for Couche-Tard's offer, and Dewey &amp; LeBoeuf LLP is acting as legal counsel. Innisfree M&amp;A Inc. is acting as information agent for Couche-Tard's offer.</p><p>Log onto <url normalizedValue=\"http://www.csnews.com\">www.csnews.com</url> for daily news.</p><p><emphasis typeStyle=\"bf\">\"We believe this is a self-serving and transparent attempt by Couche-Tard to take significant value that rightly belongs to Casey's shareholders.\"</emphasis> ROBERT J. MYERS, CASEY'S GENERAL STORES INC.</p></bodyText></nitf:body.content></nitf:body><metadata><dc:metadata xmlns:dc=\"http://purl.org/dc/elements/1.1/\"><dc:identifier identifierScheme=\"DOC-ID\">CONVSN-</dc:identifier><dc:source sourceScheme=\"royaltyReportingKey\">CONVSN2010</dc:source><dc:identifier identifierScheme=\"PGUID\">urn:contentItem:5GY4-KRF1-JBTP-P0TK-00000-00</dc:identifier><dc:source sourceScheme=\"productContentSetIdentifier\">270659</dc:source><dc:date dateType=\"last-updated\">2016-03-08</dc:date></dc:metadata><wordCount number=\"1095\"/><publicationInfo><copyright>Copyright 2010 Stagnito Media Food Group All Rights Reserved</copyright><publicationName>Convenience Store News</publicationName><publicationDate month=\"07\" year=\"2010\"><dateText>July 2010</dateText></publicationDate><classification classificationScheme=\"publicationtype\"><classificationItem><className>Magazine</className></classificationItem></classification><classification classificationScheme=\"publicationtype\"><classificationItem><className>Magazines &amp; Journals</className></classificationItem></classification></publicationInfo><classification classificationScheme=\"language\"><classificationItem classificationScheme=\"lang.english\"><className>ENGLISH</className></classificationItem></classification><classificationGroup classificationScheme=\"indexing-terms\"><classification classificationScheme=\"company\"><classificationItem score=\"94\"><classCode>CC00023LV</classCode><className>ALIMENTATION COUCHE-TARD INC</className></classificationItem><classificationItem score=\"70\"><classCode>CC000272U</classCode><className>CASEY'S GENERAL STORES INC</className></classificationItem></classification><classification classificationScheme=\"ticker\"><classificationItem score=\"94\"><className>ATD.A (TSX)</className></classificationItem><classificationItem score=\"70\"><className>CASY (NASDAQ)</className></classificationItem></classification></classificationGroup><classificationGroup classificationScheme=\"indexing-terms\"><classification classificationScheme=\"legal\"><classificationItem><className>Business &amp; Corporate Law</className><classCode>Z3VpZD11cm46dG9waWM6QjA4OEVGODBENzY4NDcxM0IyQzA1OTEwQzVDODRBOUE7cGFyZW50Z3VpZD0</classCode><classificationItem score=\"66\"><className>General Overview</className><classCode>Z3VpZD11cm46dG9waWM6MzEyQTY1MzIxNzFGNDJCQkIyMUYyNTlDODY1OUNGQTQ7cGFyZW50Z3VpZD11cm46dG9waWM6MjQxOUM1MEFGMDNGNEYwMDg4MzJEQjkwRUMwODBFQjc</classCode></classificationItem></classificationItem></classification><classification classificationScheme=\"subject\"><classificationItem score=\"90\"><classCode>STX001668</classCode><className>TAKEOVERS</className><classCode/><className/></classificationItem><classificationItem score=\"89\"><classCode>STX001561</classCode><className>SHAREHOLDERS</className><classCode>Z3VpZD11cm46dG9waWM6NEI2QjYxNjkwMTkzNDhFRUExNjlFRjVFRUU3NDhBQkE7cGFyZW50Z3VpZD11cm46dG9waWM6MDQ3M0RFODczN0I4NDg2RjlFRDNFMUNBODRDQTU0Q0E</classCode><className>Shareholders</className></classificationItem><classificationItem score=\"89\"><classCode>STX001648</classCode><className>SUITS &amp; CLAIMS</className><classCode/><className/></classificationItem><classificationItem score=\"89\"><classCode>ST000A68G</classCode><className>TENDER OFFERS</className><classCode/><className/></classificationItem><classificationItem score=\"89\"><classCode>STX001040</classCode><className>LITIGATION</className><classCode/><className/></classificationItem><classificationItem score=\"75\"><classCode>STX000194</classCode><className>BOARDS OF DIRECTORS</className><classCode/><className/></classificationItem><classificationItem score=\"70\"><classCode>N926150GC</classCode><className>BANKING &amp; FINANCE REGULATION</className><classCode/><className/></classificationItem><classificationItem score=\"64\"><classCode>ST000D1BY</classCode><className>EXECUTIVES</className><classCode/><className/></classificationItem></classification><classification classificationScheme=\"industry\"><classificationItem score=\"90\"><classCode>N445120MM</classCode><className>CONVENIENCE STORES</className><classCode/><className/></classificationItem><classificationItem score=\"90\"><classCode>ST0008XSL</classCode><className>RETAILERS</className><classCode/><className/></classificationItem><classificationItem score=\"75\"><classCode>ST000CZTI</classCode><className>STOCK PRICES</className><classCode/><className/></classificationItem><classificationItem score=\"72\"><classCode>ST0009RX6</classCode><classCode/><className/></classificationItem><classificationItem score=\"72\"><classCode>N520000CC</classCode><className>BANKING &amp; FINANCE</className><classCode/><className/></classificationItem><classificationItem score=\"70\"><classCode>N926150GC</classCode><className>BANKING &amp; FINANCE REGULATION</className><classCode/><className/></classificationItem></classification><classification classificationScheme=\"state\"><classificationItem score=\"92\"><classCode>GS131</classCode><className>IOWA, USA</className><classCode/><className/></classificationItem><classificationItem score=\"71\"><classCode>GR213</classCode><className>MIDWEST USA</className><classCode/><className/></classificationItem></classification><classification classificationScheme=\"country\"><classificationItem score=\"79\"><classCode>GC343</classCode><className>UNITED STATES</className><classCode/><className/></classificationItem></classification></classificationGroup></metadata></articleDoc></content></entry>"}