{"prediction_class": "Regulatory Breaches Tax Evasion Smuggling of goods", "prediction_score": "0.81", "name": "Alimentation Couche-Tard", "title": "FTC and DOJ Enforcement Actions Highlight Scrutiny of Divestiture Orders Compliance", "published": "2020-08-24T00:00:00Z", "updated": "2020-11-16T08:16:35Z", "cleaned_article": "[TITLE] FTC and DOJ Enforcement Actions Highlight Scrutiny of Divestiture Orders Compliance [TITLE] \n\nAug 24, 2020( JD Supra: http://www.jdsupra.com Delivered by Newstex)  Recent enforcement actions by the Federal Trade Commission (FTC or Commission) and the Department of Justice (DOJ) demonstrate the agencies' continued close scrutiny of merging parties' compliance with divestiture orders. Last month, the FTC required Alimentation Couche-Tard Inc. (ACT), a gas station and convenience store operator, to pay a $3.5 million fine to settle allegations that it violated an order requiring the divestiture of certain stores to secure approval of its acquisition of Holiday Stationstores, Inc. (Holiday). This month, the DOJ announced a settlement with CenturyLink for violations of a 2018 merger consent decree, whereby the DOJ required CenturyLink to extend the terms of its original settlement agreement related to the acquisition of Level 3 Communications, Inc.", "raw_cleaned_article": "<h2>FTC and DOJ Enforcement Actions Highlight Scrutiny of Divestiture Orders Compliance</h2><p><b>Aug 24, 2020( JD Supra: http://www.jdsupra.com Delivered by Newstex)  Recent enforcement actions by the Federal Trade Commission (FTC or Commission) and the Department of Justice (DOJ) demonstrate the agencies' continued close scrutiny of merging parties' compliance with divestiture orders. Last month, the FTC required Alimentation Couche-Tard Inc. (ACT), a gas station and convenience store operator, to pay a $3.5 million fine to settle allegations that it violated an order requiring the divestiture of certain stores to secure approval of its acquisition of Holiday Stationstores, Inc. (Holiday). This month, the DOJ announced a settlement with CenturyLink for violations of a 2018 merger consent decree, whereby the DOJ required CenturyLink to extend the terms of its original settlement agreement related to the acquisition of Level 3 Communications, Inc.</b></p>", "original_content": "<entry xmlns=\"http://www.w3.org/2005/Atom\"><id>urn:contentItem:60NN-H211-F03R-N2P7-00000-00</id><title>FTC and DOJ Enforcement Actions Highlight Scrutiny of Divestiture Orders Compliance</title><published>2020-08-24T00:00:00Z</published><updated>2020-11-16T08:16:35Z</updated><author><name>LexisNexis</name></author><content type=\"application/xml\"><!--Transformation version 1.23--><articleDoc xmlns=\"\" xmlns:xsi=\"http://www.w3.org/2001/XMLSchema-instance\" xsi:noNamespaceSchemaLocation=\"http://www.lexisnexis.com/xmlschemas/content/public/articledoc/1/\" schemaVersion=\"1.8\" xml:lang=\"en\"><articleDocHead><itemInfo/></articleDocHead><nitf:body xmlns:nitf=\"http://iptc.org/std/NITF/2006-10-18/\"><nitf:body.head><nitf:hedline><nitf:hl1>FTC and DOJ Enforcement Actions Highlight Scrutiny of Divestiture Orders Compliance</nitf:hl1></nitf:hedline><nitf:byline><author><person><nameText>Skadden, Arps, Slate, Meagher &amp; Flom LLP</nameText></person></author></nitf:byline></nitf:body.head><nitf:body.content><bodyText><p nitf:lede=\"true\"/><p nitf:lede=\"true\">Aug 24, 2020( JD Supra: <url normalizedValue=\"http://www.jdsupra.com\">http://www.jdsupra.com</url> Delivered by Newstex)  Recent enforcement actions by the Federal Trade Commission (FTC or Commission) and the Department of Justice (DOJ) demonstrate the agencies' continued close scrutiny of merging parties' compliance with divestiture orders. Last month, the FTC required Alimentation Couche-Tard Inc. (ACT), a gas station and convenience store operator, to pay a $3.5 million fine to settle allegations that it violated an order requiring the divestiture of certain stores to secure approval of its acquisition of Holiday Stationstores, Inc. (Holiday). This month, the DOJ announced a settlement with CenturyLink for violations of a 2018 merger consent decree, whereby the DOJ required CenturyLink to extend the terms of its original settlement agreement related to the acquisition of Level 3 Communications, Inc.</p><p>(Level 3) and enter into certain additional conditions. The agencies took action when they found that the parties missed divestiture deadlines, provided insufficient compliance reporting and violated other obligations in the consent agreements. Federal Trade Commission Action On July 6, 2020, ACT agreed to pay a $3.5 million fine to settle FTC allegations that it violated the terms of the consent order into which it entered in 2018 following its acquisition of approximately 380 locations from Holiday.1[1] The Commission alleged that ACT failed to make the required divestitures by the agreed-upon deadlines in the consent order, and did not maintain the viability of a divested location or provide sufficiently detailed compliance reports. In a 5-0 statement, the FTC explained that the 'settlement sends a strong message to the public: the Commission takes its orders seriously, and parties should too.'2[2]ACT had purchased approximately 380 retail fuel outlets with attached convenience stores from Holiday in 10 states. When the FTC alleged that the transaction would reduce competition in the retail sale of gasoline and diesel fuel in 10 local markets in Minnesota and Wisconsin, ACT entered into a consent agreement with the FTC that required, among other things: (i) divestiture of 10 locations within 120 days of the order; (ii) the maintenance of the viability, marketability and competitiveness of the operations of the divested locations; and (iii) monthly reporting that provided information about the status of the divestiture efforts and compliance with the rest of the order's obligations. The FTC alleged that the parties breached each of those three commitments.3[3] Missed Divestiture Deadline: The FTC alleged that ACT missed the June 15, 2018, divestiture deadline, and therefore was in violation of the consent agreement for every day between June 15, 2018, and the actual divestiture dates, resulting in civil penalties pursuant to the FTC Act (up to $42,530 per day, per violation). ACT had filed petitions to the FTC for approval of several of the divestiture packages prior to the June 15, 2018, deadline; however, the Commission identified issues with one package regarding the St. Paul-Oakdale location, which required ACT to revise the divestiture assets. Ultimately, three divestiture petitions were approved by the FTC following public comment and completed, but all approvals occurred after the June 15, 2018, deadline. Failure to Maintain Viability: The FTC also alleged that ACT failed to maintain the viability of the Hibbing, Minnesota location before it was divested. At the time of the consent agreement, the Hibbing location was operated by a lessee-dealer, but ACT failed to renew the lease and the store closed before it could be divested. Reporting Obligations: Finally, the FTC took issue with ACT's efforts to meet its reporting obligations under the consent agreement. According to the FTC, compliance reports submitted prior to the June 15, 2018, divestiture deadline did not contain sufficient details about ACT's efforts to divest the stores. The FTC also alleged that these reports did not inform the FTC that the Hibbing location had closed and ceased operations until long after the fact.In announcing the $3.5 million fine, the FTC emphasized that it 'will not permit parties to profit from order violations of any kind, including late divestitures.'4[4] Department of Justice Action On August 14, 2020, the DOJ filed an unopposed motion to modify its final judgment with CenturyLink, stemming from the company's acquisition of Level 3. In connection with CenturyLink's acquisition in October 2016, the company entered into a consent agreement with the DOJ, whereby CenturyLink agreed to divest Level 3's local fiber optic networks and certain facilities, and committed not to initiate customer-specific communications to solicit customers of the divested assets for two years.5[5] According to the DOJ's motion, CenturyLink's sales associates contacted customers of one of the divestiture buyers in violation of the consent agreement.6[6]CenturyLink agreed to extend the nonsolicitation requirement for two years to settle the DOJ's allegations, and further agreed to pay $250,000 to the DOJ to reimburse 'costs and attorney fees.' CenturyLink also agreed to the appointment of an independent trustee to monitor its compliance with the terms of the agreement and to certain 'procedural provisions designed to promote compliance and make the enforcement of the new proposed [agreement] as effective as possible.'7[7] The DOJ has been requiring most of these provisions in consent decrees since the beginning of the Trump Administration,8[8] and here they specifically included: Allowing the DOJ to establish a violation by 'a preponderance of the evidence;' Agreement that CenturyLink could be held in contempt for future violations of the consent agreement; Future reimbursement for the fees and expenses incurred by the DOJ to enforce the agreement; and A four-year limitations period after the expiration of the consent agreement in which the DOJ may file an action against CenturyLink for violations of the agreement.In a press release, Assistant Attorney General Makan Delrahim explained that the amended settlement 'ensures that consumers get the benefit of competition otherwise lost by CenturyLink's acquisition of Level 3 Communications,'9[9] adding that '[w]hen a defendant violates the terms of a settlement decree, it must be held accountable to its obligations to the department and the American consumer.'10[10]Following the CenturyLink settlement, Assistant Attorney General Delrahim announced the reorganization of the DOJ Antitrust Division's civil enforcement program and the creation of the Office of Decree Enforcement and Compliance.11[11] The Office of Decree Enforcement and Compliance will enforce judgment and consent decrees in civil matters, which will include working with monitors and compliance officers to ensure compliance with decrees. Lawrence Reicher, who recently served as counsel to the assistant attorney general, will lead the office.12[12] Assistant Attorney General Delrahim described the reorganization as 'building on our recent successes,' including CenturyLink, which 'show how important it is to enforce our consent decrees vigilantly.'13[13] Takeaways These recent enforcement actions reinforce the importance of compliance with consent orders and highlight the agencies' current emphasis on prosecuting violations, including extension of order obligations, fines and even attorneys' fees. Merging parties can, however, mitigate these risks by: Frontloading divestiture efforts during the investigation, rather than waiting, especially in buyer-upfront situations, and choosing divestiture buyers that the agencies will approve; Taking into consideration all third-party actions that could delay the divestitures or otherwise interfere with compliance (e.g., foreign antitrust approvals, lessors, IP holders, etc.); Including terms in the divestiture agreement that maintain buyer responsibility for delays and other complications; Negotiating realistic divestiture deadlines and obligations with the agencies; Keeping agency staff fully informed on divestiture efforts and any anticipated delays or challenges with meeting agreed-upon timetables; Documenting the order negotiation with the agencies in case a subsequent dispute arises regarding the meaning of terms or the parties' intent; and Working with counsel to monitor compliance and fully meet reporting obligations._______________<url normalizedValue=\"https://www.jdsupra.com/post/documentViewerExternal.aspx?fid=f30e6b07-9258-44f4-b667-e3605e693e2b#topftn11\">https://www.jdsupra.com/post/documentViewerExternal.aspx?fid=f30e6b07-9258-44f4-b667-e3605e693e2b#topftn11</url>[14] Press Release, 'Alimentation Couche-Tard Inc. and CrossAmerica Partners LP Agree to Pay $3.5 Million Civil Penalty to Settle FTC Allegations that they Violated 2018 Order[15].'2[16] Statement of the Commission, In re: Alimentation Couce-Tard and CrossAmerica Partners, LP[17],No. C-4635 (Jul. 6, 2020).3[18] Complaint, In re: Alimentation Couce-Tard and CrossAmerica Partners, LP[19], No. C-4635 (D.D.C. Jul. 6, 2020).4[20] Statement of the Commission, In re: Alimentation Couce-Tard and CrossAmerica Partners, LP[21], No. C-4635 (Jul. 6, 2020).5[22] Plaintiff United States' Memorandum in Support of Unopposed Motion to Modify Final Judgment and Enter Amended Final Judgment at 1-3, United States v. CenturyLink[23], No. 17-cv-02028 (D.D.C. August 14, 2018).6[24] Id. at 3-4.7[25] Id. at 4-6.8[26] Remarks of Hon. Andrew C. Finch, Principal Deputy Assistant Attorney General, 'Improving the Antitrust Consensus[27]' (Jan. 25, 2018).9[28] Press Release, 'Justice Department Brings Enforcement Action Against CenturyLink[29]' (Aug. 14, 2020).10[30] Press Release, 'Justice Department Brings Enforcement Action Against Century Link[31]' (Aug. 14, 2020).11[32] Press Release, 'Assistant Attorney General Makan Delrahim Announces Re-Organization of the Antitrust Division's Civil Enforcement Program[33]' (Aug. 20, 2020).12[34] Id.13[35] Id.Download PDF[36] [ 1]: <url normalizedValue=\"https://www.jdsupra.com/post/documentViewerExternal.aspx?fid=f30e6b07-9258-44f4-b667-e3605e693e2b#ftn1\">https://www.jdsupra.com/post/documentViewerExternal.aspx?fid=f30e6b07-9258-44f4-b667-e3605e693e2b#ftn1</url> [ 2]: <url normalizedValue=\"https://www.jdsupra.com/post/documentViewerExternal.aspx?fid=f30e6b07-9258-44f4-b667-e3605e693e2b#ftn2\">https://www.jdsupra.com/post/documentViewerExternal.aspx?fid=f30e6b07-9258-44f4-b667-e3605e693e2b#ftn2</url> [ 3]: <url normalizedValue=\"https://www.jdsupra.com/post/documentViewerExternal.aspx?fid=f30e6b07-9258-44f4-b667-e3605e693e2b#ftn3\">https://www.jdsupra.com/post/documentViewerExternal.aspx?fid=f30e6b07-9258-44f4-b667-e3605e693e2b#ftn3</url> [ 4]: <url normalizedValue=\"https://www.jdsupra.com/post/documentViewerExternal.aspx?fid=f30e6b07-9258-44f4-b667-e3605e693e2b#ftn4\">https://www.jdsupra.com/post/documentViewerExternal.aspx?fid=f30e6b07-9258-44f4-b667-e3605e693e2b#ftn4</url> [ 5]: <url normalizedValue=\"https://www.jdsupra.com/post/documentViewerExternal.aspx?fid=f30e6b07-9258-44f4-b667-e3605e693e2b#ftn5\">https://www.jdsupra.com/post/documentViewerExternal.aspx?fid=f30e6b07-9258-44f4-b667-e3605e693e2b#ftn5</url> [ 6]: <url normalizedValue=\"https://www.jdsupra.com/post/documentViewerExternal.aspx?fid=f30e6b07-9258-44f4-b667-e3605e693e2b#ftn6\">https://www.jdsupra.com/post/documentViewerExternal.aspx?fid=f30e6b07-9258-44f4-b667-e3605e693e2b#ftn6</url> [ 7]: <url normalizedValue=\"https://www.jdsupra.com/post/documentViewerExternal.aspx?fid=f30e6b07-9258-44f4-b667-e3605e693e2b#ftn7\">https://www.jdsupra.com/post/documentViewerExternal.aspx?fid=f30e6b07-9258-44f4-b667-e3605e693e2b#ftn7</url> [ 8]: <url normalizedValue=\"https://www.jdsupra.com/post/documentViewerExternal.aspx?fid=f30e6b07-9258-44f4-b667-e3605e693e2b#ftn8\">https://www.jdsupra.com/post/documentViewerExternal.aspx?fid=f30e6b07-9258-44f4-b667-e3605e693e2b#ftn8</url> [ 9]: <url normalizedValue=\"https://www.jdsupra.com/post/documentViewerExternal.aspx?fid=f30e6b07-9258-44f4-b667-e3605e693e2b#ftn9\">https://www.jdsupra.com/post/documentViewerExternal.aspx?fid=f30e6b07-9258-44f4-b667-e3605e693e2b#ftn9</url> [ 10]: <url normalizedValue=\"https://www.jdsupra.com/post/documentViewerExternal.aspx?fid=f30e6b07-9258-44f4-b667-e3605e693e2b#ftn10\">https://www.jdsupra.com/post/documentViewerExternal.aspx?fid=f30e6b07-9258-44f4-b667-e3605e693e2b#ftn10</url> [ 11]: <url normalizedValue=\"https://www.jdsupra.com/post/documentViewerExternal.aspx?fid=f30e6b07-9258-44f4-b667-e3605e693e2b#ftn11\">https://www.jdsupra.com/post/documentViewerExternal.aspx?fid=f30e6b07-9258-44f4-b667-e3605e693e2b#ftn11</url> [ 12]: <url normalizedValue=\"https://www.jdsupra.com/post/documentViewerExternal.aspx?fid=f30e6b07-9258-44f4-b667-e3605e693e2b#ftn12\">https://www.jdsupra.com/post/documentViewerExternal.aspx?fid=f30e6b07-9258-44f4-b667-e3605e693e2b#ftn12</url> [ 13]: <url normalizedValue=\"https://www.jdsupra.com/post/documentViewerExternal.aspx?fid=f30e6b07-9258-44f4-b667-e3605e693e2b#ftn13\">https://www.jdsupra.com/post/documentViewerExternal.aspx?fid=f30e6b07-9258-44f4-b667-e3605e693e2b#ftn13</url> [ 14]: <url normalizedValue=\"https://www.jdsupra.com/post/documentViewerExternal.aspx?fid=f30e6b07-9258-44f4-b667-e3605e693e2b#topftn1\">https://www.jdsupra.com/post/documentViewerExternal.aspx?fid=f30e6b07-9258-44f4-b667-e3605e693e2b#topftn1</url> [ 15]: <url normalizedValue=\"https://www.ftc.gov/news-events/press-releases/2020/07/alimentation-couche-tard-crossamerica-partners-agree-to-pay-civil-penalty\">https://www.ftc.gov/news-events/press-releases/2020/07/alimentation-couche-tard-crossamerica-partners-agree-to-pay-civil-penalty</url> [ 16]: <url normalizedValue=\"https://www.jdsupra.com/post/documentViewerExternal.aspx?fid=f30e6b07-9258-44f4-b667-e3605e693e2b#topftn2\">https://www.jdsupra.com/post/documentViewerExternal.aspx?fid=f30e6b07-9258-44f4-b667-e3605e693e2b#topftn2</url> [ 17]: <url normalizedValue=\"https://www.skadden.com/-/media/files/publications/2020/08/ftc-and-doj-enforcement-actions/fn2_20200703actcommissionstatement.pdf?la=en\">https://www.skadden.com/-/media/files/publications/2020/08/ftc-and-doj-enforcement-actions/fn2_20200703actcommissionstatement.pdf?la=en</url> [ 18]: <url normalizedValue=\"https://www.jdsupra.com/post/documentViewerExternal.aspx?fid=f30e6b07-9258-44f4-b667-e3605e693e2b#topftn3\">https://www.jdsupra.com/post/documentViewerExternal.aspx?fid=f30e6b07-9258-44f4-b667-e3605e693e2b#topftn3</url> [ 19]: <url normalizedValue=\"https://www.skadden.com/-/media/files/publications/2020/08/ftc-and-doj-enforcement-actions/fn3_actcomplaint.pdf?la=en\">https://www.skadden.com/-/media/files/publications/2020/08/ftc-and-doj-enforcement-actions/fn3_actcomplaint.pdf?la=en</url> [ 20]: <url normalizedValue=\"https://www.jdsupra.com/post/documentViewerExternal.aspx?fid=f30e6b07-9258-44f4-b667-e3605e693e2b#topftn4\">https://www.jdsupra.com/post/documentViewerExternal.aspx?fid=f30e6b07-9258-44f4-b667-e3605e693e2b#topftn4</url> [ 21]: <url normalizedValue=\"https://www.skadden.com/-/media/files/publications/2020/08/ftc-and-doj-enforcement-actions/fn4_20200703actcommissionstatement.pdf?la=en\">https://www.skadden.com/-/media/files/publications/2020/08/ftc-and-doj-enforcement-actions/fn4_20200703actcommissionstatement.pdf?la=en</url> [ 22]: <url normalizedValue=\"https://www.jdsupra.com/post/documentViewerExternal.aspx?fid=f30e6b07-9258-44f4-b667-e3605e693e2b#topftn5\">https://www.jdsupra.com/post/documentViewerExternal.aspx?fid=f30e6b07-9258-44f4-b667-e3605e693e2b#topftn5</url> [ 23]: <url normalizedValue=\"https://www.skadden.com/-/media/files/publications/2020/08/ftc-and-doj-enforcement-actions/fn5.pdf?la=en\">https://www.skadden.com/-/media/files/publications/2020/08/ftc-and-doj-enforcement-actions/fn5.pdf?la=en</url> [ 24]: <url normalizedValue=\"https://www.jdsupra.com/post/documentViewerExternal.aspx?fid=f30e6b07-9258-44f4-b667-e3605e693e2b#topftn6\">https://www.jdsupra.com/post/documentViewerExternal.aspx?fid=f30e6b07-9258-44f4-b667-e3605e693e2b#topftn6</url> [ 25]: <url normalizedValue=\"https://www.jdsupra.com/post/documentViewerExternal.aspx?fid=f30e6b07-9258-44f4-b667-e3605e693e2b#topftn7\">https://www.jdsupra.com/post/documentViewerExternal.aspx?fid=f30e6b07-9258-44f4-b667-e3605e693e2b#topftn7</url> [ 26]: <url normalizedValue=\"https://www.jdsupra.com/post/documentViewerExternal.aspx?fid=f30e6b07-9258-44f4-b667-e3605e693e2b#topftn8\">https://www.jdsupra.com/post/documentViewerExternal.aspx?fid=f30e6b07-9258-44f4-b667-e3605e693e2b#topftn8</url> [ 27]: <url normalizedValue=\"https://www.skadden.com/-/media/files/publications/2020/08/ftc-and-doj-enforcement-actions/fn8.pdf?la=en\">https://www.skadden.com/-/media/files/publications/2020/08/ftc-and-doj-enforcement-actions/fn8.pdf?la=en</url> [ 28]: <url normalizedValue=\"https://www.jdsupra.com/post/documentViewerExternal.aspx?fid=f30e6b07-9258-44f4-b667-e3605e693e2b#topftn9\">https://www.jdsupra.com/post/documentViewerExternal.aspx?fid=f30e6b07-9258-44f4-b667-e3605e693e2b#topftn9</url> [ 29]: <url normalizedValue=\"https://www.justice.gov/opa/pr/justice-department-brings-enforcement-action-against-centurylink\">https://www.justice.gov/opa/pr/justice-department-brings-enforcement-action-against-centurylink</url> [ 30]: <url normalizedValue=\"https://www.jdsupra.com/post/documentViewerExternal.aspx?fid=f30e6b07-9258-44f4-b667-e3605e693e2b#topftn10\">https://www.jdsupra.com/post/documentViewerExternal.aspx?fid=f30e6b07-9258-44f4-b667-e3605e693e2b#topftn10</url> [ 31]: <url normalizedValue=\"https://www.justice.gov/opa/pr/justice-department-brings-enforcement-action-against-centurylink\">https://www.justice.gov/opa/pr/justice-department-brings-enforcement-action-against-centurylink</url> [ 32]: <url normalizedValue=\"https://www.jdsupra.com/post/documentViewerExternal.aspx?fid=f30e6b07-9258-44f4-b667-e3605e693e2b#topftn11\">https://www.jdsupra.com/post/documentViewerExternal.aspx?fid=f30e6b07-9258-44f4-b667-e3605e693e2b#topftn11</url> [ 33]: <url normalizedValue=\"https://www.justice.gov/opa/pr/assistant-attorney-general-makan-delrahim-announces-re-organization-antitrust-divisions-civil\">https://www.justice.gov/opa/pr/assistant-attorney-general-makan-delrahim-announces-re-organization-antitrust-divisions-civil</url> [ 34]: <url normalizedValue=\"https://www.jdsupra.com/post/documentViewerExternal.aspx?fid=f30e6b07-9258-44f4-b667-e3605e693e2b#topftn12\">https://www.jdsupra.com/post/documentViewerExternal.aspx?fid=f30e6b07-9258-44f4-b667-e3605e693e2b#topftn12</url> [ 35]: <url normalizedValue=\"https://www.jdsupra.com/post/documentViewerExternal.aspx?fid=f30e6b07-9258-44f4-b667-e3605e693e2b#topftn13\">https://www.jdsupra.com/post/documentViewerExternal.aspx?fid=f30e6b07-9258-44f4-b667-e3605e693e2b#topftn13</url> [ 36]: <url normalizedValue=\"https://www.skadden.com/-/media/files/publications/2020/08/ftc-and-doj-enforcement-actions/ftcanddojenforcementactionshighlightscrutinyofdive.pdf\">https://www.skadden.com/-/media/files/publications/2020/08/ftc-and-doj-enforcement-actions/ftcanddojenforcementactionshighlightscrutinyofdive.pdf</url></p><p/></bodyText></nitf:body.content></nitf:body><metadata><dc:metadata xmlns:dc=\"http://purl.org/dc/elements/1.1/\"><dc:identifier identifierScheme=\"DOC-ID\">NEWSTX-JSUP105411159828695761725876100101</dc:identifier><dc:source sourceScheme=\"royaltyReportingKey\">JSUP-5263</dc:source><dc:identifier identifierScheme=\"PGUID\">urn:contentItem:60NN-H211-F03R-N2P7-00000-00</dc:identifier><dc:source sourceScheme=\"productContentSetIdentifier\">299488</dc:source><dc:date dateType=\"last-updated\">2020-08-24</dc:date></dc:metadata><wordCount number=\"2347\"/><timeReceived>4:35 PM EST</timeReceived><publicationInfo><copyright>Copyright 2020 Newstex LLC All Rights Reserved</copyright><publicationName>Newstex Blogs <br/>JD Supra</publicationName><publicationDate day=\"24\" month=\"08\" year=\"2020\"><dateText>August 24, 2020 Monday</dateText></publicationDate><classification classificationScheme=\"publicationtype\"><classificationItem><className>Web Blog</className></classificationItem></classification><classification classificationScheme=\"publicationtype\"><classificationItem><className>Blogs</className></classificationItem></classification></publicationInfo><classification classificationScheme=\"language\"><classificationItem classificationScheme=\"lang.english\"><className>English</className></classificationItem></classification><classificationGroup classificationScheme=\"indexing-terms\"><classification classificationScheme=\"company\"><classificationItem score=\"83\"><classCode>CC0001SU2</classCode><className>LEVEL 3 COMMUNICATIONS INC</className></classificationItem><classificationItem score=\"83\"><classCode>CC00023LV</classCode><className>ALIMENTATION COUCHE-TARD INC</className></classificationItem><classificationItem score=\"71\"><classCode>CC0003NL6</classCode><className>HOLIDAY STATIONSTORES INC</className></classificationItem><classificationItem score=\"56\"><classCode>CC0001ZPT</classCode><className>CENTURYLINK INC</className></classificationItem></classification><classification classificationScheme=\"organization\"><classificationItem score=\"94\"><className>FEDERAL TRADE COMMISSION</className></classificationItem></classification><classification classificationScheme=\"industry\"><classificationItem score=\"83\"><className>NAICS541512 COMPUTER SYSTEMS DESIGN SERVICES</className></classificationItem><classificationItem score=\"83\"><className>NAICS517311 WIRED TELECOMMUNICATIONS CARRIERS</className></classificationItem><classificationItem score=\"83\"><className>SIC7373 COMPUTER INTEGRATED SYSTEMS DESIGN</className></classificationItem><classificationItem score=\"83\"><className>SIC4813 TELEPHONE COMMUNICATIONS, EXCEPT RADIOTELEPHONE</className></classificationItem><classificationItem score=\"83\"><className>NAICS447110 GASOLINE STATIONS WITH CONVENIENCE STORES</className></classificationItem><classificationItem score=\"83\"><className>SIC5541 GASOLINE SERVICE STATIONS</className></classificationItem></classification><classification classificationScheme=\"ticker\"><classificationItem score=\"83\"><className>LVLT (NYSE)</className></classificationItem><classificationItem score=\"83\"><className>ATD.A (TSX)</className></classificationItem><classificationItem score=\"56\"><className>CTL (NYSE)</className></classificationItem></classification></classificationGroup><classificationGroup classificationScheme=\"indexing-terms\"><classification classificationScheme=\"legal\"><classificationItem><className>Antitrust &amp; Trade Law</className><classCode>Z3VpZD11cm46dG9waWM6REEyRTNDM0JGQzYyNEMyOEFGNTAwNUJEOUU1MDg4NjU7cGFyZW50Z3VpZD0</classCode><classificationItem score=\"50\"><className>Discretion</className><classCode>Z3VpZD11cm46dG9waWM6RjdERjFENTBEOTdDNENFRjk5ODNBRUJDM0MwRjc4MzM7cGFyZW50Z3VpZD11cm46dG9waWM6RUU1OTEyOTNEQ0U4NEQ1RkEwMkU0MzZCQkE0QjBBOTA</classCode></classificationItem><classificationItem score=\"59\"><className>Hearings &amp; Orders</className><classCode>Z3VpZD11cm46dG9waWM6RkE3N0EwNzI5MUZENDI2RTlBODIwQzJCOEU1Rjg1OEM7cGFyZW50Z3VpZD11cm46dG9waWM6OTg1NEI3RDlDNEQxNDg4MThCMTE0OUVFOTU0MTUyMzM</classCode></classificationItem><classificationItem score=\"54\"><className>State Civil Actions</className><classCode>Z3VpZD11cm46dG9waWM6NTg5MTU0OUZCMUY1NERBMUIwNDVCM0RENzU3NTI4OEQ7cGFyZW50Z3VpZD11cm46dG9waWM6OTBBRDZFRDM5NUI2NDhGOTkyRjNBRDlEQUIwMjFFMkQ</classCode></classificationItem></classificationItem><classificationItem><className>Business &amp; Corporate Compliance</className><classCode>Z3VpZD11cm46dG9waWM6MUFEMUQ2QTA1OUZCNEE5RjkzNTA2RERFMUNEOTk1RTI7cGFyZW50Z3VpZD0</classCode><classificationItem score=\"59\"><className>Hearings &amp; Orders</className><classCode>Z3VpZD11cm46dG9waWM6RkE3N0EwNzI5MUZENDI2RTlBODIwQzJCOEU1Rjg1OEM7cGFyZW50Z3VpZD11cm46dG9waWM6OTg1NEI3RDlDNEQxNDg4MThCMTE0OUVFOTU0MTUyMzM</classCode></classificationItem></classificationItem><classificationItem><className>Mergers &amp; Acquisitions Law</className><classCode>Z3VpZD11cm46dG9waWM6QjRDRTUzQzBCMEIyNDU5QkE4QjFDMEE2Qjg2MUZDOTk7cGFyZW50Z3VpZD0</classCode><classificationItem score=\"86\"><className>Remedies</className><classCode>Z3VpZD11cm46dG9waWM6QjczRkUxODkwMDk5NDg5MTlFMUIwQUFCRjM3MTlBNzQ7cGFyZW50Z3VpZD11cm46dG9waWM6NkE4OEIzNzhFMEUxNEMwRkFENkZBNzlCRDcyNUEyRkI</classCode></classificationItem></classificationItem><classificationItem><className>Securities Law</className><classCode>Z3VpZD11cm46dG9waWM6RkFFMTQ3ODhCRDYyNDkyN0IwQkEyQzRCRDlFMEM5ODc7cGFyZW50Z3VpZD0</classCode><classificationItem score=\"50\"><className>Purposes</className><classCode>Z3VpZD11cm46dG9waWM6MDIxMUMyNEJGMTQ3NEQwMzgyQzQxRkQ1Rjg0MEZGODU7cGFyZW50Z3VpZD11cm46dG9waWM6NDIwQjUyMTIwMkE5NDc3Qjk5ODQyMUI1OThGMzk2OTE</classCode></classificationItem></classificationItem></classification><classification classificationScheme=\"subject\"><classificationItem score=\"91\"><classCode>ST00097CC</classCode><className>COMMERCE DEPARTMENTS</className><classCode/><className/></classificationItem><classificationItem score=\"91\"><classCode>STX000517</classCode><className>DIVESTITURES</className><classCode/><className/></classificationItem><classificationItem score=\"91\"><classCode>N922120CC</classCode><className>LAW ENFORCEMENT</className><classCode/><className/></classificationItem><classificationItem score=\"91\"><classCode>ST0009FJK</classCode><className>NEGATIVE PERSONAL NEWS</className><classCode/><className/></classificationItem><classificationItem score=\"90\"><classCode>ST000DH0Q</classCode><className>AGREEMENTS</className><classCode/><className/></classificationItem><classificationItem score=\"90\"><classCode>ST000DF45</classCode><className>ENFORCEMENT ACTIONS</className><classCode/><className/></classificationItem><classificationItem score=\"90\"><classCode>STX000722</classCode><className>FINES &amp; PENALTIES</className><classCode/><className/></classificationItem><classificationItem score=\"90\"><classCode>ST00097CJ</classCode><className>JUSTICE DEPARTMENTS</className><classCode/><className/></classificationItem><classificationItem score=\"90\"><classCode>ST0009QD4</classCode><className>NEGATIVE BUSINESS NEWS</className><classCode/><className/></classificationItem><classificationItem score=\"89\"><classCode>STX001462</classCode><className>REGULATORY COMPLIANCE</className><classCode/><className/></classificationItem><classificationItem score=\"78\"><classCode>STX000100</classCode><className>ANTITRUST &amp; TRADE LAW</className><classCode>Z3VpZD11cm46dG9waWM6REEyRTNDM0JGQzYyNEMyOEFGNTAwNUJEOUU1MDg4NjU7cGFyZW50Z3VpZD0</classCode><className>Antitrust &amp; Trade Law</className></classificationItem><classificationItem score=\"78\"><classCode>STX000108</classCode><className>APPROVALS</className><classCode/><className/></classificationItem><classificationItem score=\"78\"><classCode>ST000A2NX</classCode><className>ENERGY &amp; UTILITY REGULATORY COMPLIANCE</className><classCode/><className/></classificationItem><classificationItem score=\"78\"><classCode>ST0009896</classCode><className>TRADE REGULATORY ACTIONS</className><classCode/><className/></classificationItem><classificationItem score=\"77\"><classCode>ST000A1TP</classCode><className>ACQUISITIONS</className><classCode/><className/></classificationItem><classificationItem score=\"75\"><classCode>STX001040</classCode><className>LITIGATION</className><classCode/><className/></classificationItem><classificationItem score=\"60\"><classCode>STX001317</classCode><className>PETITIONS</className><classCode/><className/></classificationItem></classification><classification classificationScheme=\"industry\"><classificationItem score=\"91\"><classCode>N447000CC</classCode><className>GAS STATIONS</className><classCode/><className/></classificationItem><classificationItem score=\"90\"><classCode>STX001897</classCode><className>COMPUTING &amp; INFORMATION TECHNOLOGY</className><classCode/><className/></classificationItem><classificationItem score=\"90\"><classCode>N445120MM</classCode><className>CONVENIENCE STORES</className><classCode/><className/></classificationItem><classificationItem score=\"90\"><classCode>N540000CC</classCode><className>PROFESSIONAL SERVICES</className><classCode/><className/></classificationItem><classificationItem score=\"90\"><classCode>STX001693</classCode><className>TELECOMMUNICATIONS</className><classCode/><className/></classificationItem><classificationItem score=\"90\"><classCode>ST0008XRM</classCode><className>TELECOMMUNICATIONS PROVIDERS</className><classCode/><className/></classificationItem><classificationItem score=\"90\"><classCode>N517000CC</classCode><className>TELECOMMUNICATIONS SERVICES</className><classCode/><className/></classificationItem><classificationItem score=\"90\"><classCode>ST0009RXL</classCode><classCode/><className/></classificationItem><classificationItem score=\"89\"><classCode>STX001912</classCode><className>RETAIL &amp; WHOLESALE TRADE</className><classCode/><className/></classificationItem><classificationItem score=\"89\"><classCode>ST0008XSL</classCode><className>RETAILERS</className><classCode/><className/></classificationItem><classificationItem score=\"78\"><classCode>ST000A2NX</classCode><className>ENERGY &amp; UTILITY REGULATORY COMPLIANCE</className><classCode/><className/></classificationItem><classificationItem score=\"76\"><classCode>ST0009GK4</classCode><className>GASOLINE</className><classCode/><className/></classificationItem><classificationItem score=\"71\"><classCode>ST0009GUM</classCode><className>DIESEL FUEL</className><classCode/><className/></classificationItem></classification><classification classificationScheme=\"state\"><classificationItem score=\"67\"><classCode>GS139</classCode><className>MINNESOTA, USA</className><classCode/><className/></classificationItem><classificationItem score=\"52\"><classCode>GS165</classCode><className>WISCONSIN, USA</className><classCode/><className/></classificationItem></classification></classificationGroup></metadata></articleDoc></content></entry>"}