{"prediction_class": "Regulatory Breaches Tax Evasion Smuggling of goods", "prediction_score": "0.93", "name": "BHP Billiton", "title": "Rate-rigging case big test;Banking - Many options for the court", "published": "2016-06-10T00:00:00Z", "updated": "2020-11-15T20:55:03Z", "cleaned_article": "[TITLE] Rate-rigging case big test;Banking - Many options for the court [TITLE] \n\nThe same Federal Court judge - Justice Jonathan Beach - has been allocated to hear all three cases. Legal sources said Justice Beach is keen to determine all of the cases - which allege the banks engaged in market manipulation and unconscionable conduct - rather than sending any off to other judges. The hearing on June 27 will provide the first chance for a skirmish between the banks' lawyers and ASIC over how the cases should be run. The parties want to resolve the uncertainty over whether the cases are heard at the same time or one after the other. Justice Beach, who has degrees in law, arts and science and is considered an expert in chemistry, engineering and mathematics, is one of the big intellects on the Federal Court. This makes him well placed to get to the bottom of the process for setting the bank bill swap rate (BBSW). As a barrister, he appeared in numerous complex litigation cases, including class actions involving BHP Billiton's Ok Tedi mine in Papua New Guinea and litigation against tobacco company Phillip Morris. He was appointed as a judge two years ago. The cases will be heard in Melbourne some time next year. According to one lawyer close to the cases, there are numerous ways Justice Beach could decide to structure the BBSW litigation. For example, ASIC may seek to have the case against ANZ heard first and ahead of the other cases. This is because it appears that the transcripts of the conversations of ANZ's traders provide ASIC with its strongest evidence of alleged wrongdoing. A successful result against ANZ could then assist the regulator with its cases against the other banks, both by providing a legal precedent and putting pressure on the other banks to settle, rather than go through their own public trials.", "raw_cleaned_article": "<h2>Rate-rigging case big test;Banking - Many options for the court</h2><p>The same Federal Court judge - Justice Jonathan Beach - has been allocated to hear all three cases. Legal sources said Justice Beach is keen to determine all of the cases - which allege the banks engaged in market manipulation and unconscionable conduct - rather than sending any off to other judges. The hearing on June 27 will provide the first chance for a skirmish between the banks' lawyers and ASIC over how the cases should be run. The parties want to resolve the uncertainty over whether the cases are heard at the same time or one after the other. <b>Justice Beach, who has degrees in law, arts and science and is considered an expert in chemistry, engineering and mathematics, is one of the big intellects on the Federal Court. This makes him well placed to get to the bottom of the process for setting the bank bill swap rate (BBSW). As a barrister, he appeared in numerous complex litigation cases, including class actions involving BHP Billiton's Ok Tedi mine in Papua New Guinea and litigation against tobacco company Phillip Morris. He was appointed as a judge two years ago.</b> The cases will be heard in Melbourne some time next year. According to one lawyer close to the cases, there are numerous ways Justice Beach could decide to structure the BBSW litigation. For example, ASIC may seek to have the case against ANZ heard first and ahead of the other cases. This is because it appears that the transcripts of the conversations of ANZ's traders provide ASIC with its strongest evidence of alleged wrongdoing. A successful result against ANZ could then assist the regulator with its cases against the other banks, both by providing a legal precedent and putting pressure on the other banks to settle, rather than go through their own public trials.</p>", "original_content": "<entry xmlns=\"http://www.w3.org/2005/Atom\"><id>urn:contentItem:5JYW-55N1-JD34-V24K-00000-00</id><title>Rate-rigging case big test;Banking - Many options for the court</title><published>2016-06-10T00:00:00Z</published><updated>2020-11-15T20:55:03Z</updated><author><name>LexisNexis</name></author><content type=\"application/xml\"><!--Transformation version 1.23--><articleDoc xmlns=\"\" xmlns:xsi=\"http://www.w3.org/2001/XMLSchema-instance\" xsi:noNamespaceSchemaLocation=\"http://www.lexisnexis.com/xmlschemas/content/public/articledoc/1/\" schemaVersion=\"1.8\" xml:lang=\"en\"><articleDocHead><itemInfo><sourceSectionInfo><positionSection>BUSINESS</positionSection><positionSequence>Pg. 18</positionSequence></sourceSectionInfo></itemInfo></articleDocHead><nitf:body xmlns:nitf=\"http://iptc.org/std/NITF/2006-10-18/\"><nitf:body.head><nitf:hedline><nitf:hl1>Rate-rigging case big test</nitf:hl1><nitf:hl2>Banking - Many options for the court</nitf:hl2></nitf:hedline><nitf:byline><author><person><nameText>James Eyers</nameText></person></author></nitf:byline></nitf:body.head><nitf:body.content><bodyText><p nitf:lede=\"true\">Over the next fortnight, high-powered legal teams working for three of Australia's largest banks and the corporate regulator will form arguments on how the Federal Court of Australia should manage and sequence the three bank bill swap rate cases that have been put before it.</p><p>A combined case management hearing for the Australian Securities and Investments Commission's claims against ANZ Banking Group, Westpac Banking Corp and National Australia Bank will take place in Melbourne on June 27.</p><p>The same Federal Court judge - Justice Jonathan Beach - has been allocated to hear all three cases. Legal sources said Justice Beach is keen to determine all of the cases - which allege the banks engaged in market manipulation and unconscionable conduct - rather than sending any off to other judges.</p><p>The hearing on June 27 will provide the first chance for a skirmish between the banks' lawyers and ASIC over how the cases should be run. The parties want to resolve the uncertainty over whether the cases are heard at the same time or one after the other.</p><p>Justice Beach, who has degrees in law, arts and science and is considered an expert in chemistry, engineering and mathematics, is one of the big intellects on the Federal Court. This makes him well placed to get to the bottom of the process for setting the bank bill swap rate (BBSW). As a barrister, he appeared in numerous complex litigation cases, including class actions involving BHP Billiton's Ok Tedi mine in Papua New Guinea and litigation against tobacco company Phillip Morris. He was appointed as a judge two years ago.</p><p>The cases will be heard in Melbourne some time next year. According to one lawyer close to the cases, there are numerous ways Justice Beach could decide to structure the BBSW litigation.</p><p>For example, ASIC may seek to have the case against ANZ heard first and ahead of the other cases. This is because it appears that the transcripts of the conversations of ANZ's traders provide ASIC with its strongest evidence of alleged wrongdoing. A successful result against ANZ could then assist the regulator with its cases against the other banks, both by providing a legal precedent and putting pressure on the other banks to settle, rather than go through their own public trials.</p><p>However, ANZ may object to its case being heard individually and before the other banks, given the alleged misconduct occurred in each of the banks.</p><p>An alternative approach could involve Justice Beach hearing all of the cases simultaneously, potentially rotating them for one or two weeks each at a time.</p><p>Under this procedure Justice Beach could write separate judgments for each case but at the same time. However, banks that think the regulator has a weaker case against them may object to this process, on the basis that the strong evidence against others taints the cases against them.</p><p>The Federal Court will also have to determine how potential appeal processes will be dealt with. For example, should the case against one of the banks be heard individually and be appealed, it remains unclear whether the first instance trials in the other cases would be stayed pending determination of that appeal, or whether they could continue while any appeal was going on. The later option might cause problems should an appeal court overturn the original judgment.</p><p>ASIC remains keen for the banks to settle the actions, while CBA remains braced for an action to be filed against it.</p></bodyText></nitf:body.content><nitf:body.end><graphic><nitf:media><caption><p>PHOTO: Jonathan Beach is a big intellect on the Federal Court. Photo: Ken Irwin</p></caption></nitf:media></graphic></nitf:body.end></nitf:body><metadata><dc:metadata xmlns:dc=\"http://purl.org/dc/elements/1.1/\"><dc:identifier identifierScheme=\"DOC-ID\">SMHRLD-6q35fu9fn1c19lqlzn8f</dc:identifier><dc:source sourceScheme=\"royaltyReportingKey\">SMHRLD2016</dc:source><dc:identifier identifierScheme=\"PGUID\">urn:contentItem:5JYW-55N1-JD34-V24K-00000-00</dc:identifier><dc:source sourceScheme=\"productContentSetIdentifier\">314237</dc:source><dc:date dateType=\"last-updated\">2019-10-01</dc:date></dc:metadata><wordCount number=\"570\"/><publicationInfo><copyright>Copyright 2016 John Fairfax Publications Pty Ltd All Rights Reserved</copyright><publicationName>Sydney Morning Herald (Australia)</publicationName><edition>First Edition</edition><publicationDate day=\"10\" month=\"06\" year=\"2016\"><dateText>June 10, 2016 Friday</dateText></publicationDate><classification classificationScheme=\"publicationtype\"><classificationItem><className>Newspaper</className></classificationItem></classification><classification classificationScheme=\"publicationtype\"><classificationItem><className>Newspapers</className></classificationItem></classification></publicationInfo><classification classificationScheme=\"language\"><classificationItem classificationScheme=\"lang.english\"><className>ENGLISH</className></classificationItem></classification><classificationGroup classificationScheme=\"indexing-terms\"><classification classificationScheme=\"company\"><classificationItem score=\"90\"><classCode>CC0001V19</classCode><className>NATIONAL AUSTRALIA BANK LTD</className></classificationItem><classificationItem score=\"86\"><classCode>CC00091HS</classCode><className>AUSTRALIA &amp; NEW ZEALAND BANKING GROUP LTD</className></classificationItem><classificationItem score=\"72\"><classCode>CC0002RXP</classCode><className>WESTPAC BANKING CORP</className></classificationItem><classificationItem score=\"66\"><classCode>CC00024OT</classCode><className>BHP BILLITON PLC</className></classificationItem></classification><classification classificationScheme=\"industry\"><classificationItem score=\"90\"><className>NAICS522110 COMMERCIAL BANKING</className></classificationItem><classificationItem score=\"90\"><className>NAICS522293 INTERNATIONAL TRADE FINANCING</className></classificationItem><classificationItem score=\"90\"><className>NAICS522120 SAVINGS INSTITUTIONS</className></classificationItem><classificationItem score=\"90\"><className>SIC6082 FOREIGN TRADE &amp; INTERNATIONAL BANKING INSTITUTIONS</className></classificationItem><classificationItem score=\"90\"><className>SIC6081 BRANCHES &amp; AGENCIES OF FOREIGN BANKS</className></classificationItem><classificationItem score=\"86\"><className>NAICS524210 INSURANCE AGENCIES &amp; BROKERAGES</className></classificationItem><classificationItem score=\"86\"><className>NAICS523920 PORTFOLIO MANAGEMENT</className></classificationItem><classificationItem score=\"86\"><className>SIC6411 INSURANCE AGENTS, BROKERS, &amp; SERVICE</className></classificationItem><classificationItem score=\"86\"><className>SIC6282 INVESTMENT ADVICE</className></classificationItem><classificationItem score=\"72\"><className>SIC6029 COMMERCIAL BANKS, NEC</className></classificationItem><classificationItem score=\"66\"><className>NAICS212299 ALL OTHER METAL ORE MINING</className></classificationItem><classificationItem score=\"66\"><className>NAICS212234 COPPER ORE &amp; NICKEL ORE MINING</className></classificationItem><classificationItem score=\"66\"><className>NAICS212210 IRON ORE MINING</className></classificationItem><classificationItem score=\"66\"><className>SIC1021 COPPER ORES</className></classificationItem><classificationItem score=\"66\"><className>SIC1011 IRON ORES</className></classificationItem></classification><classification classificationScheme=\"ticker\"><classificationItem score=\"90\"><className>NAB (ASX)</className></classificationItem><classificationItem score=\"86\"><className>ANZ (NZX)</className></classificationItem><classificationItem score=\"86\"><className>ANZ (ASX)</className></classificationItem><classificationItem score=\"72\"><className>WBK (NYSE)</className></classificationItem><classificationItem score=\"72\"><className>WBC (NZX)</className></classificationItem><classificationItem score=\"72\"><className>WBC (ASX)</className></classificationItem><classificationItem score=\"66\"><className>BLT (LSE)</className></classificationItem><classificationItem score=\"66\"><className>BIBLT (JSE)</className></classificationItem><classificationItem score=\"66\"><className>BBL (NYSE)</className></classificationItem></classification></classificationGroup><classificationGroup classificationScheme=\"licensor.indexing-terms\"><classification classificationScheme=\"licensor.region\"><classificationItem><className>Australia</className></classificationItem></classification><classification classificationScheme=\"licensor.subject\"><classificationItem><className>Company/Australian Securities and Investment Commission/ASIC</className></classificationItem><classificationItem><className>Industry/Banking</className></classificationItem></classification></classificationGroup><classificationGroup classificationScheme=\"indexing-terms\"><classification classificationScheme=\"subject\"><classificationItem score=\"90\"><classCode>STX000951</classCode><className>INTERNATIONAL TRADE</className><classCode/><className/></classificationItem><classificationItem score=\"90\"><classCode>N522293CC</classCode><className>INTERNATIONAL TRADE FINANCING</className><classCode/><className/></classificationItem><classificationItem score=\"90\"><classCode>N523930MC</classCode><className>INVESTMENT ADVISERS</className><classCode>Z3VpZD11cm46dG9waWM6ODQ2M0Q5NUExRUZENEY2NDkzMzlDMDVFNjFCNTY3MTQ7cGFyZW50Z3VpZD11cm46dG9waWM6RkFFMTQ3ODhCRDYyNDkyN0IwQkEyQzRCRDlFMEM5ODc</classCode><className>Investment Advisers</className></classificationItem><classificationItem score=\"90\"><classCode>N523920MM</classCode><className>INVESTMENT MANAGEMENT</className><classCode/><className/></classificationItem><classificationItem score=\"90\"><classCode>STX000984</classCode><className>JUDGES</className><classCode>Z3VpZD11cm46dG9waWM6OTg1QUIzNkIwNzk5NDQ4NzhGMDdDQjVGNEYyRjY5OTI7cGFyZW50Z3VpZD11cm46dG9waWM6NURENzJGNTEyQzM0NEREQUI2RkVCRTM4RTc1RTZBREU</classCode><className>Judges</className></classificationItem><classificationItem score=\"90\"><classCode>ST0008XMR</classCode><className>LAW &amp; LEGAL SYSTEM</className><classCode/><className/></classificationItem><classificationItem score=\"90\"><classCode>N922110CC</classCode><className>LAW COURTS &amp; TRIBUNALS</className><classCode/><className/></classificationItem><classificationItem score=\"90\"><classCode>ST000DLZ7</classCode><className>MARKET MANIPULATION</className><classCode/><className/></classificationItem><classificationItem score=\"90\"><classCode>ST0009FJK</classCode><className>NEGATIVE PERSONAL NEWS</className><classCode/><className/></classificationItem><classificationItem score=\"90\"><classCode>ST000DMT1</classCode><className>PATENT COURTS</className><classCode/><className/></classificationItem><classificationItem score=\"90\"><classCode>STX001661</classCode><className>SWAP TRANSACTIONS</className><classCode/><className/></classificationItem><classificationItem score=\"89\"><classCode>STX001040</classCode><className>LITIGATION</className><classCode/><className/></classificationItem><classificationItem score=\"89\"><classCode>STX001149</classCode><className>MISCONDUCT</className><classCode/><className/></classificationItem><classificationItem score=\"78\"><classCode>N926150GC</classCode><className>BANKING &amp; FINANCE REGULATION</className><classCode/><className/></classificationItem><classificationItem score=\"78\"><classCode>STX000168</classCode><className>BARRISTERS &amp; SOLICITORS</className><classCode/><className/></classificationItem><classificationItem score=\"78\"><classCode>N541110GM</classCode><className>LAWYERS</className><classCode/><className/></classificationItem><classificationItem score=\"78\"><classCode>ST0009QD4</classCode><className>NEGATIVE BUSINESS NEWS</className><classCode/><className/></classificationItem><classificationItem score=\"78\"><classCode>STX001976</classCode><className>SECURITIES &amp; OTHER INVESTMENTS</className><classCode/><className/></classificationItem><classificationItem score=\"73\"><classCode>STX000106</classCode><className>APPOINTMENTS</className><classCode/><className/></classificationItem><classificationItem score=\"73\"><classCode>STX001648</classCode><className>SUITS &amp; CLAIMS</className><classCode/><className/></classificationItem><classificationItem score=\"73\"><classCode>ST000D2JI</classCode><className>TRANSCRIPTS</className><classCode/><className/></classificationItem></classification><classification classificationScheme=\"industry\"><classificationItem score=\"92\"><classCode>N520000CC</classCode><className>BANKING &amp; FINANCE</className><classCode/><className/></classificationItem><classificationItem score=\"92\"><classCode>N524200CC</classCode><className>INSURANCE AGENCIES &amp; BROKERAGES</className><classCode/><className/></classificationItem><classificationItem score=\"92\"><classCode>ST0009RX6</classCode><classCode/><className/></classificationItem><classificationItem score=\"90\"><classCode>N212234IM</classCode><className>COPPER MINING</className><classCode/><className/></classificationItem><classificationItem score=\"90\"><classCode>N524000CC</classCode><className>INSURANCE</className><classCode/><className/></classificationItem><classificationItem score=\"90\"><classCode>N522293CC</classCode><className>INTERNATIONAL TRADE FINANCING</className><classCode/><className/></classificationItem><classificationItem score=\"90\"><classCode>N523930MC</classCode><className>INVESTMENT ADVISERS</className><classCode>Z3VpZD11cm46dG9waWM6ODQ2M0Q5NUExRUZENEY2NDkzMzlDMDVFNjFCNTY3MTQ7cGFyZW50Z3VpZD11cm46dG9waWM6RkFFMTQ3ODhCRDYyNDkyN0IwQkEyQzRCRDlFMEM5ODc</classCode><className>Investment Advisers</className></classificationItem><classificationItem score=\"90\"><classCode>N523920MM</classCode><className>INVESTMENT MANAGEMENT</className><classCode/><className/></classificationItem><classificationItem score=\"90\"><classCode>ST000DLZ7</classCode><className>MARKET MANIPULATION</className><classCode/><className/></classificationItem><classificationItem score=\"90\"><classCode>N212200CC</classCode><className>METAL ORE MINING</className><classCode/><className/></classificationItem><classificationItem score=\"90\"><classCode>ST0008X7V</classCode><className>MINES &amp; MINING</className><classCode/><className/></classificationItem><classificationItem score=\"90\"><classCode>N212234OM</classCode><className>NICKEL MINING</className><classCode/><className/></classificationItem><classificationItem score=\"90\"><classCode>N522120FM</classCode><className>SAVINGS &amp; LOANS</className><classCode/><className/></classificationItem><classificationItem score=\"90\"><classCode>STX001661</classCode><className>SWAP TRANSACTIONS</className><classCode/><className/></classificationItem><classificationItem score=\"90\"><classCode>ST000A2VZ</classCode><classCode/><className/></classificationItem><classificationItem score=\"78\"><classCode>N926150GC</classCode><className>BANKING &amp; FINANCE REGULATION</className><classCode/><className/></classificationItem><classificationItem score=\"78\"><classCode>STX000168</classCode><className>BARRISTERS &amp; SOLICITORS</className><classCode/><className/></classificationItem><classificationItem score=\"78\"><classCode>N541110GM</classCode><className>LAWYERS</className><classCode/><className/></classificationItem><classificationItem score=\"78\"><classCode>STX001976</classCode><className>SECURITIES &amp; OTHER INVESTMENTS</className><classCode/><className/></classificationItem><classificationItem score=\"73\"><classCode>ST000DAYR</classCode><className>TOBACCO INDUSTRY</className><classCode/><className/></classificationItem></classification><classification classificationScheme=\"city\"><classificationItem score=\"92\"><classCode>GX015</classCode><className>MELBOURNE, AUSTRALIA</className><classCode/><className/></classificationItem><classificationItem score=\"92\"><classCode>GX014</classCode><className>SYDNEY, AUSTRALIA</className><classCode/><className/></classificationItem></classification><classification classificationScheme=\"country\"><classificationItem score=\"98\"><classCode>GC301</classCode><className>AUSTRALIA</className><classCode/><className/></classificationItem><classificationItem score=\"79\"><classCode>GC351</classCode><className>NEW ZEALAND</className><classCode/><className/></classificationItem><classificationItem score=\"79\"><classCode>GC367</classCode><className>PAPUA NEW GUINEA</className><classCode/><className/></classificationItem><classificationItem score=\"78\"><classCode>GR156</classCode><className>AUSTRALIA &amp; NEW ZEALAND</className><classCode/><className/></classificationItem></classification></classificationGroup></metadata></articleDoc></content></entry>"}