{"prediction_class": "Regulatory Breaches Tax Evasion Smuggling of goods", "prediction_score": "0.98", "name": "BHP Billiton", "title": "World Bank ban on Snowy firm;Corruption inquiry", "published": "2017-09-30T00:00:00Z", "updated": "2020-11-15T20:42:40Z", "cleaned_article": "[TITLE] World Bank ban on Snowy firm;Corruption inquiry [TITLE] \n\nIconic Australian engineering company, SMEC, has had five of its subsidiaries banned by the World Bank after the discovery of \"inappropriate payments\" linked to projects in Sri Lanka and Bangladesh. The World Bank action is a bitter blow for the company which started out as the Snowy Mountains Engineering Corporation. The scandal adds SMEC to the list of well-known Australian companies to have been mired in foreign bribery allegations including BHP Billiton, Tabcorp, Tenix and CIMIC, formerly known as Leighton Holdings. A long-running investigation by the World Bank implicated SMEC International Pty Ltd and four other subsidiaries based in India, Bangladesh and Sri Lanka in a scandal involving improper payments connected to World Bank-funded projects. The investigation also found SMEC subsidiaries had made mis-representations to the World Bank when bidding for contracts for projects in Sri Lanka and Bangladesh.", "raw_cleaned_article": "<h2>World Bank ban on Snowy firm;Corruption inquiry</h2><p>Iconic Australian engineering company, SMEC, has had five of its subsidiaries banned by the World Bank after the discovery of \"inappropriate payments\" linked to projects in Sri Lanka and Bangladesh. <b>The World Bank action is a bitter blow for the company which started out as the Snowy Mountains Engineering Corporation. The scandal adds SMEC to the list of well-known Australian companies to have been mired in foreign bribery allegations including BHP Billiton, Tabcorp, Tenix and CIMIC, formerly known as Leighton Holdings.</b> A long-running investigation by the World Bank implicated SMEC International Pty Ltd and four other subsidiaries based in India, Bangladesh and Sri Lanka in a scandal involving improper payments connected to World Bank-funded projects. The investigation also found SMEC subsidiaries had made mis-representations to the World Bank when bidding for contracts for projects in Sri Lanka and Bangladesh.</p>", "original_content": "<entry xmlns=\"http://www.w3.org/2005/Atom\"><id>urn:contentItem:5PKK-CNS1-F0J6-J210-00000-00</id><title>World Bank ban on Snowy firm;Corruption inquiry</title><published>2017-09-30T00:00:00Z</published><updated>2020-11-15T20:42:40Z</updated><author><name>LexisNexis</name></author><content type=\"application/xml\"><!--Transformation version 1.23--><articleDoc xmlns=\"\" xmlns:xsi=\"http://www.w3.org/2001/XMLSchema-instance\" xsi:noNamespaceSchemaLocation=\"http://www.lexisnexis.com/xmlschemas/content/public/articledoc/1/\" schemaVersion=\"1.8\" xml:lang=\"en\"><articleDocHead><itemInfo><sourceSectionInfo><positionSection>BUSINESS</positionSection><positionSequence>Pg. 5</positionSequence></sourceSectionInfo></itemInfo></articleDocHead><nitf:body xmlns:nitf=\"http://iptc.org/std/NITF/2006-10-18/\"><nitf:body.head><nitf:hedline><nitf:hl1>World Bank ban on Snowy firm</nitf:hl1><nitf:hl2>Corruption inquiry</nitf:hl2></nitf:hedline><nitf:byline><author><person><nameText>Richard Baker, Nick McKenzie</nameText></person></author></nitf:byline></nitf:body.head><nitf:body.content><bodyText><p nitf:lede=\"true\">Iconic Australian engineering company, SMEC, has had five of its subsidiaries banned by the World Bank after the discovery of \"inappropriate payments\" linked to projects in Sri Lanka and Bangladesh.</p><p>The World Bank action is a bitter blow for the company which started out as the Snowy Mountains Engineering Corporation. The scandal adds SMEC to the list of well-known Australian companies to have been mired in foreign bribery allegations including BHP Billiton, Tabcorp, Tenix and CIMIC, formerly known as Leighton Holdings.</p><p>A long-running investigation by the World Bank implicated SMEC International Pty Ltd and four other subsidiaries based in India, Bangladesh and Sri Lanka in a scandal involving improper payments connected to World Bank-funded projects.</p><p>The investigation also found SMEC subsidiaries had made mis-representations to the World Bank when bidding for contracts for projects in Sri Lanka and Bangladesh.</p><p>Under a negotiated settlement, the SMEC units will be barred from participating in World Bank projects for between six and 30 months. The SMEC units will also be denied work with the Asian Development Bank, the European Bank for Reconstruction and Development, the Inter-American Development Bank and the African Development Bank.</p><p>SMEC has been Australia's biggest beneficiary of World Bank contracts, winning more than $250 million of work over the past 10 years.</p><p>Fairfax Media last year revealed details of SMEC's overseas staff's alleged bribery of officials in Sri Lanka to secure a $2.3 million aid-funded sewerage project in 2003 and a $2.2 million power plant project in Bangladesh in 2007. The Bangladesh project was in partnership with a Canadian company.</p><p>Company emails reveal Sri Lankan President Maithripala Sirisena and his adviser allegedly sought a political \"donation\" to be paid by SMEC when Mr Sirisena was a cabinet minister. The emails show a plan to siphon off money from a World Bank-funded dam project in 2009 which was to involve Mr Sirisena awarding the $1.82 million contract to SMEC. A damaging series of correspondence involved a SMECSri Lanka manager writing to his Australian colleagues to tell them he wanted to \"inform the minister/co-ordinating secretary\" of the size of an alleged kickback to be paid. The manager also wrote he needed to \"prioritise\" certain payments to unnamed parties \"since the signing of the contract would depend\" on it.</p><p>In a statement to Fairfax Media last year, Mr Sirisena said he had \"no knowledge of the incident\" and requested further information to \"ascertain the involvement of any of his office staff\". The President said he would co-operate with any investigation in Australia and ask his local authorities to do their own inquiry.</p><p>Foreign bribery has been a criminal offence in Australia since 1999. But the Australian Federal Police has found many cases difficult to investigate, with overseas officials and governments often unwilling to co-operate. The AFP continues to investigate SMEC over its Sri Lankan and Bangladesh contracts.</p><p>This week, Sydney's Elomar brothers and an associate were the first Australian businessmen to be jailed for foreign bribery offences. NSW Supreme Court Justice Christine Adamson jailed Mamdouh Elomar, 63, his brother Ibrahim Elomar, 62 and John Jousif, 48, for four years with a non-parole period of two years. Intercepted phone calls and emails captured the men in a plot to bribe an Iraqi minister in return for their firm winning major contracts.</p></bodyText></nitf:body.content></nitf:body><metadata><dc:metadata xmlns:dc=\"http://purl.org/dc/elements/1.1/\"><dc:identifier identifierScheme=\"DOC-ID\">AGEMLB-doc6ww7s8331jt13xg9nkdn</dc:identifier><dc:source sourceScheme=\"royaltyReportingKey\">AGEMLB2017</dc:source><dc:identifier identifierScheme=\"PGUID\">urn:contentItem:5PKK-CNS1-F0J6-J210-00000-00</dc:identifier><dc:source sourceScheme=\"productContentSetIdentifier\">314239</dc:source><dc:date dateType=\"last-updated\">1901-11-11</dc:date></dc:metadata><wordCount number=\"578\"/><publicationInfo><copyright>Copyright 2017 The Age Company Limited All Rights Reserved</copyright><publicationName>The Age (Melbourne, Australia)</publicationName><edition>Print &amp; First Editions</edition><publicationDate day=\"30\" month=\"09\" year=\"2017\"><dateText>September 30, 2017 Saturday</dateText></publicationDate><classification classificationScheme=\"publicationtype\"><classificationItem><className>Newspaper</className></classificationItem></classification><classification classificationScheme=\"publicationtype\"><classificationItem><className>Newspapers</className></classificationItem></classification></publicationInfo><classification classificationScheme=\"language\"><classificationItem classificationScheme=\"lang.english\"><className>ENGLISH</className></classificationItem></classification><classificationGroup classificationScheme=\"indexing-terms\"><classification classificationScheme=\"company\"><classificationItem score=\"91\"><classCode>CC0003YAT</classCode><className>INTER-AMERICAN DEVELOPMENT BANK</className></classificationItem><classificationItem score=\"72\"><classCode>CC00024OT</classCode><className>BHP BILLITON PLC</className></classificationItem><classificationItem score=\"69\"><classCode>CC00028B7</classCode><className>ASIAN DEVELOPMENT BANK</className></classificationItem><classificationItem score=\"58\"><classCode>CC00021JU</classCode><className>CIMIC GROUP LTD</className></classificationItem><classificationItem score=\"58\"><classCode>CC000264I</classCode><className>FAIRFAX MEDIA LTD</className></classificationItem></classification><classification classificationScheme=\"organization\"><classificationItem score=\"55\"><classCode>CC0003YAT</classCode><className>INTER-AMERICAN DEVELOPMENT BANK</className></classificationItem><classificationItem score=\"55\"><classCode>CC00028B7</classCode><className>ASIAN DEVELOPMENT BANK</className></classificationItem><classificationItem score=\"55\"><className>EUROPEAN BANK FOR RECONSTRUCTION &amp; DEVELOPMENT</className></classificationItem><classificationItem score=\"55\"><classCode>CC0007LOR</classCode><className>AFRICAN DEVELOPMENT BANK GROUP</className></classificationItem></classification><classification classificationScheme=\"ticker\"><classificationItem score=\"72\"><className>BLT (LSE)</className></classificationItem><classificationItem score=\"72\"><className>BIBLT (JSE)</className></classificationItem><classificationItem score=\"72\"><className>BBL (NYSE)</className></classificationItem><classificationItem score=\"69\"><className>ATB (ASX)</className></classificationItem><classificationItem score=\"58\"><className>CIM (ASX)</className></classificationItem><classificationItem score=\"58\"><className>FXJ (ASX)</className></classificationItem></classification></classificationGroup><classificationGroup classificationScheme=\"licensor.indexing-terms\"><classification classificationScheme=\"licensor.subject\"><classificationItem><className>Company/SNOWY MOUNTAINS ENGINEERING</className></classificationItem><classificationItem><className>Crime/Bribery</className></classificationItem></classification></classificationGroup><classificationGroup classificationScheme=\"indexing-terms\"><classification classificationScheme=\"subject\"><classificationItem score=\"93\"><classCode>STX000949</classCode><className>INTERNATIONAL ECONOMIC ORGANIZATIONS</className><classCode/><className/></classificationItem><classificationItem score=\"92\"><classCode>STX000484</classCode><className>DEVELOPMENT BANKS</className><classCode/><className/></classificationItem><classificationItem score=\"90\"><classCode>N928120KM</classCode><className>INTERNATIONAL ASSISTANCE</className><classCode/><className/></classificationItem><classificationItem score=\"90\"><classCode>STX000948</classCode><className>INTERNATIONAL ECONOMIC DEVELOPMENT</className><classCode/><className/></classificationItem><classificationItem score=\"90\"><classCode>STX000969</classCode><className>INVESTIGATIONS</className><classCode/><className/></classificationItem><classificationItem score=\"89\"><classCode>STX000211</classCode><className>BRIBERY</className><classCode>Z3VpZD11cm46dG9waWM6MDdBNUZBQTcxQ0QzNEQ2MDk3MUU1RUM0Rjg0RDM1NDk7cGFyZW50Z3VpZD11cm46dG9waWM6RjgwNUY4MjJCMTg5NDgzRUJBMDQwNkM4NkUyNTJBMEY</classCode><className>Bribery</className></classificationItem><classificationItem score=\"89\"><classCode>ST000CTIZ</classCode><className>SCANDALS</className><classCode/><className/></classificationItem><classificationItem score=\"88\"><classCode>STX000388</classCode><className>CONTRACTS &amp; BIDS</className><classCode/><className/></classificationItem><classificationItem score=\"78\"><classCode>N551112MM</classCode><className>HOLDING COMPANIES</className><classCode/><className/></classificationItem><classificationItem score=\"76\"><classCode>STX001040</classCode><className>LITIGATION</className><classCode/><className/></classificationItem><classificationItem score=\"68\"><classCode>ST000DLOJ</classCode><className>GOVERNMENT ADVISORS &amp; MINISTERS</className><classCode/><className/></classificationItem><classificationItem score=\"50\"><classCode>STX000072</classCode><className>ALLIANCES &amp; PARTNERSHIPS</className><classCode/><className/></classificationItem></classification><classification classificationScheme=\"industry\"><classificationItem score=\"92\"><classCode>STX000484</classCode><className>DEVELOPMENT BANKS</className><classCode/><className/></classificationItem><classificationItem score=\"73\"><classCode>N221110CC</classCode><className>ELECTRIC POWER PLANTS</className><classCode>Z3VpZD11cm46dG9waWM6OUFENThDQTNGRUE4NDA3MkJGN0JGRjMxNUY3N0MxNTM7cGFyZW50Z3VpZD11cm46dG9waWM6QjNBOTc1MjdCNkU5NENCRDg1OTk1QjQyRjNBNDMwOUU</classCode><className>Electricity Generation</className></classificationItem><classificationItem score=\"66\"><classCode>N237110MM</classCode><className>WATER &amp; SEWER SYSTEM CONSTRUCTION</className><classCode/><className/></classificationItem><classificationItem score=\"66\"><classCode>N237130MM</classCode><className>POWER &amp; COMMUNICATION SYSTEM CONSTRUCTION</className><classCode/><className/></classificationItem><classificationItem score=\"64\"><classCode>N221320MM</classCode><className>SEWERAGE SYSTEMS</className><classCode/><className/></classificationItem></classification><classification classificationScheme=\"person\"><classificationItem score=\"79\"><classCode>PE000DL54</classCode><className>MAITHRIPALA SIRISENA</className><classCode/><className/></classificationItem></classification><classification classificationScheme=\"state\"><classificationItem score=\"58\"><classCode>ST000A3C5</classCode><className>GREAT DIVIDING RANGE</className><classCode/><className/></classificationItem></classification><classification classificationScheme=\"country\"><classificationItem score=\"96\"><classCode>GC301</classCode><className>AUSTRALIA</className><classCode/><className/></classificationItem><classificationItem score=\"95\"><classCode>GC381</classCode><className>SRI LANKA</className><classCode/><className/></classificationItem><classificationItem score=\"94\"><classCode>GC514</classCode><className>BANGLADESH</className><classCode/><className/></classificationItem><classificationItem score=\"79\"><classCode>GC304</classCode><className>INDIA</className><classCode/><className/></classificationItem><classificationItem score=\"79\"><classCode>GT111</classCode><className>AFRICA</className><classCode/><className/></classificationItem><classificationItem score=\"79\"><classCode>GT113</classCode><className>ASIA</className><classCode/><className/></classificationItem></classification></classificationGroup></metadata></articleDoc></content></entry>"}