{"prediction_class": "Regulatory Breaches Tax Evasion Smuggling of goods", "prediction_score": "0.69", "name": "BHP Billiton", "title": "Report: Manhattan US attorney charges ex-Santander exec with insider trading", "published": "2015-02-05T00:00:00Z", "updated": "2020-11-15T21:22:39Z", "cleaned_article": "[TITLE] Report: Manhattan US attorney charges ex-Santander exec with insider trading [TITLE] \n\nProsecutors in the office of Manhattan, N.Y., U.S. Attorney Preet Bharara indicted Cedric Ca\u00f1as Maillard for insider trading in connection with BHP Billiton's proposed takeover of Potash Corp. of Saskatchewanin 2010, Reuters reported.U.S. prosecutors indicted Cedric Ca\u00f1as Maillard, a former adviser to the CEO at Banco Santander SA, for insider trading in connection with BHP Billiton Ltd.'s proposed takeover of Potash Corp. of Saskatchewan Inc.in 2010, Reuters reported Feb. 3. Prosecutors in the office of Manhattan, N.Y., U.S. Attorney Preet Bharara said Ca\u00f1as has not been arrested. It is uncertain whether Ca\u00f1as, a Spanish citizen, still lives in Spain. He faces two charges of securities fraud, according to the report. Allegations in the indictment against Ca\u00f1as are similar to what the U.S. SEC made in 2013, the newswire noted. Ca\u00f1as agreed to settle the SEC's civil lawsuit for $1.9 million.", "raw_cleaned_article": "<h2>Report: Manhattan US attorney charges ex-Santander exec with insider trading</h2><p><b>Prosecutors in the office of Manhattan, N.Y., U.S. Attorney Preet Bharara indicted Cedric Ca\u00f1as Maillard for insider trading in connection with BHP Billiton's proposed takeover of Potash Corp. of Saskatchewanin 2010, Reuters reported.</b><b>U.S. prosecutors indicted Cedric Ca\u00f1as Maillard, a former adviser to the CEO at Banco Santander SA, for insider trading in connection with BHP Billiton Ltd.'s proposed takeover of Potash Corp. of Saskatchewan Inc.in 2010, Reuters reported Feb. 3.</b> Prosecutors in the office of Manhattan, N.Y., U.S. Attorney Preet Bharara said Ca\u00f1as has not been arrested. It is uncertain whether Ca\u00f1as, a Spanish citizen, still lives in Spain. He faces two charges of securities fraud, according to the report. Allegations in the indictment against Ca\u00f1as are similar to what the U.S. SEC made in 2013, the newswire noted. Ca\u00f1as agreed to settle the SEC's civil lawsuit for $1.9 million.</p>", "original_content": "<entry xmlns=\"http://www.w3.org/2005/Atom\"><id>urn:contentItem:5F8M-HFM1-F19Y-C11P-00000-00</id><title>Report: Manhattan US attorney charges ex-Santander exec with insider trading</title><published>2015-02-05T00:00:00Z</published><updated>2020-11-15T21:22:39Z</updated><author><name>LexisNexis</name></author><content type=\"application/xml\"><!--Transformation version 1.23--><articleDoc xmlns=\"\" xmlns:xsi=\"http://www.w3.org/2001/XMLSchema-instance\" xsi:noNamespaceSchemaLocation=\"http://www.lexisnexis.com/xmlschemas/content/public/articledoc/1/\" schemaVersion=\"1.8\" xml:lang=\"en\"><articleDocHead><itemInfo/></articleDocHead><nitf:body xmlns:nitf=\"http://iptc.org/std/NITF/2006-10-18/\"><nitf:body.head><nitf:hedline><nitf:hl1>Report: ManhattanUS attorney charges ex-Santander exec with insider trading</nitf:hl1></nitf:hedline><nitf:byline><author><person><nameText>Rabiya Maqbool</nameText></person></author></nitf:byline><highlight><bodyText><p>Prosecutors in the office of Manhattan, N.Y., U.S. Attorney Preet Bharara indicted Cedric Ca\u00f1as Maillard for insider trading in connection with BHP Billiton's proposed takeover of Potash Corp. of Saskatchewanin 2010, Reuters reported.</p></bodyText></highlight></nitf:body.head><nitf:body.content><bodyText><p nitf:lede=\"true\">U.S. prosecutors indicted Cedric Ca\u00f1as Maillard, a former adviser to the CEO at Banco Santander SA, for insider trading in connection with BHP Billiton Ltd.'s proposed takeover of Potash Corp. of Saskatchewan Inc.in 2010, Reuters reported Feb. 3.</p><p>Prosecutors in the office of Manhattan, N.Y., U.S. Attorney Preet Bharara said Ca\u00f1as has not been arrested. It is uncertain whether Ca\u00f1as, a Spanish citizen, still lives in Spain. He faces two charges of securities fraud, according to the report.</p><p>Allegations in the indictment against Ca\u00f1as are similar to what the U.S. SEC made in 2013, the newswire noted. Ca\u00f1as agreed to settle the SEC's civil lawsuit for $1.9 million.</p><p>Prosecutors allege that insider trading helped Ca\u00f1as gain more than $900,000, according to the report. In 2014, Ca\u00f1as was acquitted of related criminal charges in Spain.</p></bodyText></nitf:body.content></nitf:body><metadata><dc:metadata xmlns:dc=\"http://purl.org/dc/elements/1.1/\"><dc:identifier identifierScheme=\"DOC-ID\">SNLMMW-30953612</dc:identifier><dc:source sourceScheme=\"royaltyReportingKey\">SNLMMW2015</dc:source><dc:identifier identifierScheme=\"PGUID\">urn:contentItem:5F8M-HFM1-F19Y-C11P-00000-00</dc:identifier><dc:source sourceScheme=\"productContentSetIdentifier\">411391</dc:source><dc:date dateType=\"last-updated\">2020-02-14</dc:date></dc:metadata><wordCount number=\"139\"/><publicationInfo><copyright>Copyright 2015 SNL Financial LC All Rights Reserved</copyright><publicationName>SNL Metals &amp; Mining Daily: West Edition</publicationName><publicationDate day=\"05\" month=\"02\" year=\"2015\"><dateText>February 5, 2015 Thursday</dateText></publicationDate><classification classificationScheme=\"publicationtype\"><classificationItem><className>Newsletter</className></classificationItem></classification><classification classificationScheme=\"publicationtype\"><classificationItem><className>Newsletters</className></classificationItem></classification></publicationInfo><classification classificationScheme=\"language\"><classificationItem classificationScheme=\"lang.english\"><className>ENGLISH</className></classificationItem></classification><classificationGroup classificationScheme=\"indexing-terms\"><classification classificationScheme=\"company\"><classificationItem score=\"95\"><classCode>CC0002OTO</classCode><className>BANCO SANTANDER SA</className></classificationItem><classificationItem score=\"91\"><classCode>CC0001WOW</classCode><className>POTASH CORP OF SASKATCHEWAN INC</className></classificationItem><classificationItem score=\"91\"><classCode>CC00026MK</classCode><className>BHP BILLITON LTD</className></classificationItem></classification><classification classificationScheme=\"industry\"><classificationItem score=\"95\"><className>NAICS522110 COMMERCIAL BANKING</className></classificationItem><classificationItem score=\"95\"><className>SIC6021 NATIONAL COMMERCIAL BANKS</className></classificationItem><classificationItem score=\"91\"><className>NAICS212392 PHOSPHATE ROCK MINING</className></classificationItem><classificationItem score=\"91\"><className>NAICS212391 POTASH, SODA &amp; BORATE MINERAL MINING</className></classificationItem><classificationItem score=\"91\"><className>NAICS212210 IRON ORE MINING</className></classificationItem><classificationItem score=\"91\"><className>NAICS212112 BITUMINOUS COAL UNDERGROUND MINING</className></classificationItem><classificationItem score=\"91\"><className>NAICS211111 CRUDE PETROLEUM &amp; NATURAL GAS EXTRACTION</className></classificationItem><classificationItem score=\"91\"><className>SIC1011 IRON ORES</className></classificationItem></classification><classification classificationScheme=\"ticker\"><classificationItem score=\"95\"><className>SANT (LIS)</className></classificationItem><classificationItem score=\"95\"><className>SANT (BIT)</className></classificationItem><classificationItem score=\"95\"><className>SANB3 (BOVESPA)</className></classificationItem><classificationItem score=\"95\"><className>SAN (WSE)</className></classificationItem><classificationItem score=\"95\"><className>SAN (NYSE)</className></classificationItem><classificationItem score=\"95\"><className>SAN (MCE)</className></classificationItem><classificationItem score=\"95\"><className>SAN (BMV)</className></classificationItem><classificationItem score=\"95\"><className>BNC (LSE)</className></classificationItem><classificationItem score=\"91\"><className>POT (TSX)</className></classificationItem><classificationItem score=\"91\"><className>POT (NYSE)</className></classificationItem><classificationItem score=\"91\"><className>BHP (NYSE)</className></classificationItem><classificationItem score=\"91\"><className>BHP (ASX)</className></classificationItem></classification></classificationGroup><classificationGroup classificationScheme=\"licensor.indexing-terms\"><classification classificationScheme=\"licensor.subject\"><classificationItem><className>Civil/ Criminal Legal Action</className></classificationItem></classification></classificationGroup><classificationGroup classificationScheme=\"indexing-terms\"><classification classificationScheme=\"legal\"><classificationItem><className>Business &amp; Corporate Compliance</className><classCode>Z3VpZD11cm46dG9waWM6MUFEMUQ2QTA1OUZCNEE5RjkzNTA2RERFMUNEOTk1RTI7cGFyZW50Z3VpZD0</classCode><classificationItem score=\"50\"><className>Securities Fraud</className><classCode>Z3VpZD11cm46dG9waWM6QkEyMkY0M0Y2NTA3NDE5QjkxMzg2Njk2RjAyMTNGNEQ7cGFyZW50Z3VpZD11cm46dG9waWM6RkFFMTQ3ODhCRDYyNDkyN0IwQkEyQzRCRDlFMEM5ODc</classCode></classificationItem></classificationItem><classificationItem><className>Criminal Law &amp; Procedure</className><classCode>Z3VpZD11cm46dG9waWM6NEU0RkE1OUQwNUQwNDgxODhEODZCMjkzOTg3NThBNzk7cGFyZW50Z3VpZD0</classCode><classificationItem score=\"50\"><className>Elements</className><classCode>Z3VpZD11cm46dG9waWM6NTk4M0Y4ODg1NTE5NEQ0MkE3NkIxRTlDRjUzMDQ2MTU7cGFyZW50Z3VpZD11cm46dG9waWM6QkEyMkY0M0Y2NTA3NDE5QjkxMzg2Njk2RjAyMTNGNEQ</classCode></classificationItem><classificationItem score=\"50\"><className>Securities Fraud</className><classCode>Z3VpZD11cm46dG9waWM6QkEyMkY0M0Y2NTA3NDE5QjkxMzg2Njk2RjAyMTNGNEQ7cGFyZW50Z3VpZD11cm46dG9waWM6NjY5RDJFRkEwRDgwNEFCOEIzQ0Y5RTUzQ0Y4MDZENzg</classCode></classificationItem></classificationItem></classification><classification classificationScheme=\"subject\"><classificationItem score=\"92\"><classCode>STX000924</classCode><className>INSIDER TRADING</className><classCode>Z3VpZD11cm46dG9waWM6OEI5MDhDNzIzREUxNDczRjkyNDlDQUQ0NTY4REJBNzU7cGFyZW50Z3VpZD11cm46dG9waWM6QzI0MUY3RDMxMTg0NDQxNzlGRTk4NTEzM0IyNDhFODQ</classCode><className>Insider Trading</className></classificationItem><classificationItem score=\"92\"><classCode>ST0009FJK</classCode><className>NEGATIVE PERSONAL NEWS</className><classCode/><className/></classificationItem><classificationItem score=\"91\"><classCode>ST000A4JV</classCode><className>INDICTMENTS</className><classCode>Z3VpZD11cm46dG9waWM6NUZBQzg5RTRGNTcwNDVFOEFDRjJFODQwOTc3NTFFOEU7cGFyZW50Z3VpZD11cm46dG9waWM6MUFFNkY3ODg0ODk4NEEwNTk4Q0RDNUQwMUI4NzgzMkM</classCode><className>Indictments</className></classificationItem><classificationItem score=\"91\"><classCode>ST0009QD4</classCode><className>NEGATIVE BUSINESS NEWS</className><classCode/><className/></classificationItem><classificationItem score=\"90\"><classCode>STX001932</classCode><className>CRIME, LAW ENFORCEMENT &amp; CORRECTIONS</className><classCode/><className/></classificationItem><classificationItem score=\"90\"><classCode>STX001040</classCode><className>LITIGATION</className><classCode/><className/></classificationItem><classificationItem score=\"90\"><classCode>ST0009RDY</classCode><className>MINING &amp; EXTRACTION SECTOR PERFORMANCE</className><classCode/><className/></classificationItem><classificationItem score=\"90\"><classCode>N922130TM</classCode><className>PUBLIC PROSECUTORS</className><classCode/><className/></classificationItem><classificationItem score=\"90\"><classCode>STX001648</classCode><className>SUITS &amp; CLAIMS</className><classCode/><className/></classificationItem><classificationItem score=\"90\"><classCode>STX001668</classCode><className>TAKEOVERS</className><classCode/><className/></classificationItem><classificationItem score=\"78\"><classCode>STX000112</classCode><className>ARRESTS</className><classCode>Z3VpZD11cm46dG9waWM6ODVCRjhDNURBRDYzNDAzNjlFMDA3ODgyMUQ0ODhDRjE7cGFyZW50Z3VpZD11cm46dG9waWM6MzkzMEJFRkNCRUQwNEIyOEE3QTBDOEFFM0ZDRDg0NzU</classCode><className>Arrests</className></classificationItem><classificationItem score=\"78\"><classCode>ST000959S</classCode><className>CRIMINAL OFFENSES</className><classCode>Z3VpZD11cm46dG9waWM6REE3RUI5RUNDMTgyNDU3Rjk2QUMwOTVBOUI1NDNFOTY7cGFyZW50Z3VpZD11cm46dG9waWM6NEU0RkE1OUQwNUQwNDgxODhEODZCMjkzOTg3NThBNzk</classCode><className>Criminal Offenses</className></classificationItem><classificationItem score=\"78\"><classCode>ST0008XMR</classCode><className>LAW &amp; LEGAL SYSTEM</className><classCode/><className/></classificationItem><classificationItem score=\"73\"><classCode>STX000759</classCode><className>FRAUD &amp; FINANCIAL CRIME</className><classCode/><className/></classificationItem></classification><classification classificationScheme=\"industry\"><classificationItem score=\"92\"><classCode>STX000924</classCode><className>INSIDER TRADING</className><classCode>Z3VpZD11cm46dG9waWM6OEI5MDhDNzIzREUxNDczRjkyNDlDQUQ0NTY4REJBNzU7cGFyZW50Z3VpZD11cm46dG9waWM6QzI0MUY3RDMxMTg0NDQxNzlGRTk4NTEzM0IyNDhFODQ</classCode><className>Insider Trading</className></classificationItem><classificationItem score=\"91\"><classCode>N520000CC</classCode><className>BANKING &amp; FINANCE</className><classCode/><className/></classificationItem><classificationItem score=\"91\"><classCode>ST0008X7V</classCode><className>MINES &amp; MINING</className><classCode/><className/></classificationItem><classificationItem score=\"91\"><classCode>ST0009RX6</classCode><classCode/><className/></classificationItem><classificationItem score=\"90\"><classCode>N522110DC</classCode><className>COMMERCIAL BANKING</className><classCode>Z3VpZD11cm46dG9waWM6NDIyQTAxOUNERDI4NDdFNjkyMEFDOTFFM0MwMTQzNjQ7cGFyZW50Z3VpZD11cm46dG9waWM6QjQyMUFCOUJBNURBNEFDREE3MTNCNDk5QkQ4NUM3RjI</classCode><className>Commercial Banks</className></classificationItem><classificationItem score=\"90\"><classCode>N210000CC</classCode><className>MINING &amp; EXTRACTION</className><classCode/><className/></classificationItem><classificationItem score=\"90\"><classCode>ST0009RDY</classCode><className>MINING &amp; EXTRACTION SECTOR PERFORMANCE</className><classCode/><className/></classificationItem><classificationItem score=\"90\"><classCode>ST000DBCO</classCode><className>NATURAL GAS</className><classCode>Z3VpZD11cm46dG9waWM6OTYxNzdCMkVBQkIyNEM2RTk2MDkzQjNEMTg4MzVFRTE7cGFyZW50Z3VpZD11cm46dG9waWM6OUUzODAyRDk1QzVFNEZGMEJDM0RGMDYxOTlEMEEzRDA</classCode><className>Natural Gas Industry</className></classificationItem><classificationItem score=\"90\"><classCode>STX001240</classCode><className>OIL &amp; GAS INDUSTRY</className><classCode/><className/></classificationItem><classificationItem score=\"90\"><classCode>N212391MM</classCode><className>POTASH SODA &amp; BORATE MINING</className><classCode/><className/></classificationItem><classificationItem score=\"89\"><classCode>STX001198</classCode><className>NATURAL GAS PRODUCTS</className><classCode/><className/></classificationItem><classificationItem score=\"78\"><classCode>ST0009T2J</classCode><className>NATURAL GAS EXTRACTION</className><classCode/><className/></classificationItem><classificationItem score=\"78\"><classCode>ST0008YTW</classCode><className>UNDERGROUND MINING</className><classCode/><className/></classificationItem><classificationItem score=\"75\"><classCode>ST0009FBJ</classCode><className>PETROLEUM PRODUCTS</className><classCode/><className/></classificationItem></classification><classification classificationScheme=\"city\"><classificationItem score=\"90\"><classCode>GX601</classCode><className>NEW YORK, NY, USA</className><classCode/><className/></classificationItem></classification><classification classificationScheme=\"country\"><classificationItem score=\"79\"><classCode>GC343</classCode><className>UNITED STATES</className><classCode/><className/></classificationItem><classificationItem score=\"73\"><classCode>GC325</classCode><className>SPAIN</className><classCode/><className/></classificationItem></classification></classificationGroup></metadata></articleDoc></content></entry>"}