{"prediction_class": "Regulatory Breaches Tax Evasion Smuggling of goods", "prediction_score": "0.99", "name": "BHP Billiton", "title": "PotashCorp takes fight to court; BHP Billiton accused of using false statements to sway shareholders", "published": "2010-09-23T00:00:00Z", "updated": "2020-11-15T21:31:14Z", "cleaned_article": "[TITLE] PotashCorp takes fight to court; BHP Billiton accused of using false statements to sway shareholders [TITLE] \n\nBHP Billiton is trying to coerce Potash Corp. of Saskatchewan Inc.'s shareholders into selling their stakes in the fertilizer company by using false and misleading statements and omitting important information, a lawsuit filed against the world's largest mining company alleges. \"Because of BHP's false statements, half-truths, and contradictions -- all of which were designed to confuse and coerce PCS shareholders into tendering their shares to BHP . . . shareholders lack clear and accurate information about BHP's intentions and the true value of PCS shares,\" the lawsuit says.If that's the case, shareholders who do not sell their shares to BHP Billiton could be left with shares in an enterprise controlled by BHP Billiton without a promising way out -- resulting in strong coercion, the complaint says, to accept BHP Billiton's offer. None of the allegations have been proven in court. PotashCorp spokesperson Bill Johnson said the lawsuit makes clear the company's concerns about the bid.", "raw_cleaned_article": "<h2>PotashCorp takes fight to court; BHP Billiton accused of using false statements to sway shareholders</h2><p><b>BHP Billiton is trying to coerce Potash Corp. of Saskatchewan Inc.'s shareholders into selling their stakes in the fertilizer company by using false and misleading statements and omitting important information, a lawsuit filed against the world's largest mining company alleges.</b> \"Because of BHP's false statements, half-truths, and contradictions -- all of which were designed to confuse and coerce PCS shareholders into tendering their shares to BHP . . . shareholders lack clear and accurate information about BHP's intentions and the true value of PCS shares,\" the lawsuit says.<b>If that's the case, shareholders who do not sell their shares to BHP Billiton could be left with shares in an enterprise controlled by BHP Billiton without a promising way out -- resulting in strong coercion, the complaint says, to accept BHP Billiton's offer.</b> None of the allegations have been proven in court. PotashCorp spokesperson Bill Johnson said the lawsuit makes clear the company's concerns about the bid.</p>", "original_content": "<entry xmlns=\"http://www.w3.org/2005/Atom\"><id>urn:contentItem:5136-DW01-JDK3-9056-00000-00</id><title>PotashCorp takes fight to court; BHP Billiton accused of using false statements to sway shareholders</title><published>2010-09-23T00:00:00Z</published><updated>2020-11-15T21:31:14Z</updated><author><name>LexisNexis</name></author><content type=\"application/xml\"><!--Transformation version 1.23--><articleDoc xmlns=\"\" xmlns:xsi=\"http://www.w3.org/2001/XMLSchema-instance\" xsi:noNamespaceSchemaLocation=\"http://www.lexisnexis.com/xmlschemas/content/public/articledoc/1/\" schemaVersion=\"1.8\" xml:lang=\"en\"><articleDocHead><itemInfo/></articleDocHead><nitf:body xmlns:nitf=\"http://iptc.org/std/NITF/2006-10-18/\"><nitf:body.head><nitf:hedline><nitf:hl1>PotashCorp takes fight to court; BHP Billiton accused of using false statements to sway shareholders</nitf:hl1></nitf:hedline><nitf:byline><author><person><nameText>Cassandra Kyle</nameText></person></author><nitf:byttl>The StarPhoenix; The StarPhoenix</nitf:byttl></nitf:byline></nitf:body.head><nitf:body.content><bodyText><p nitf:lede=\"true\">BHP Billiton is trying to coerce Potash Corp. of Saskatchewan Inc.'s shareholders into selling their stakes in the fertilizer company by using false and misleading statements and omitting important information, a lawsuit filed against the world's largest mining company alleges.</p><p nitf:lede=\"true\">\"Because of BHP's false statements, half-truths, and contradictions -- all of which were designed to confuse and coerce PCS shareholders into tendering their shares to BHP . . . shareholders lack clear and accurate information about BHP's intentions and the true value of PCS shares,\" the lawsuit says.</p><p>PotashCorp filed the legal action against BHP Billiton in Illinois on Wednesday. The fertilizer giant wants the United States District Court to halt BHP Billiton's $38.6-billion US hostile bid for the company. It also wants the court to order the Australia-headquartered company to \"make full and complete corrective disclosures to PCS shareholders regarding their materially misleading statements and omissions.\"</p><p>The potash company alleges BHP Billiton has been making false and misleading statements about how it will run PotashCorp if it acquires control, whether it will develop its Jansen greenfield potash project, whether it will participate in Canpotex and whether it will sell PotashCorp's nitrogen and phosphates businesses.</p><p>The company also says BHP Billiton is coercing its shareholders into selling their interest in PotashCorp. The bid will be a success if BHP acquires just over 50 per cent of PotashCorp's outstanding shares, the lawsuit says.</p><p>If that's the case, shareholders who do not sell their shares to BHP Billiton could be left with shares in an enterprise controlled by BHP Billiton without a promising way out -- resulting in strong coercion, the complaint says, to accept BHP Billiton's offer.</p><p>None of the allegations have been proven in court.</p><p>PotashCorp spokesperson Bill Johnson said the lawsuit makes clear the company's concerns about the bid.</p><p>\"The complaint filing really speaks for itself in terms of the allegations,\" he said from his Saskatoon office.</p><p>In a statement, BHP Billiton said it doubts the lawsuit launched by PotashCorp will interfere with its proposal to buy the company.</p><p>\"We believe this lawsuit is entirely without merit and we will contest it vigorously,\" the statement says.</p><p>\"While PotashCorp's actions seek to deprive its shareholders of a fully financed all-cash offer, we do not believe this lawsuit will interfere with or delay our offer,\" BHP Billiton said in its statement.</p><p>\"We strongly believe that PotashCorp's shareholders should have the opportunity to decide on the merits of our offer.\"</p><p>Speaking from Ottawa, BHP Billiton spokesperson Bronwyn Wilkinson said PotashCorp's allegations that the Jansen project is a ruse to drop the fertilizer company's share price are unfounded.</p><p>\"We've repeatedly affirmed to the governments of Saskatchewan and Canada our commitment to continue advancing the Jansen project,\" she said.</p><p>A source familiar with the situation said a judge was set to be appointed to the case on Wednesday. It is expected to take about a week for a clearer timeline for the case to be revealed.</p><p>On Monday, BHP Billiton pushed back its deadline for PotashCorp shareholders to tender their shares after the Canadian Competition Bureau asked for more information and more time to review the case. The deadline, which was Oct. 19, is now Nov. 18.</p><p>The source said PotashCorp's board of directors chose to file the lawsuit because their shareholders needed the chance to get \"full, fair and complete\" information about BHP Billiton's offer so they can make a fully informed decision in the matter.</p><p>\"The purpose of the lawsuit is to get to the truth -- to get the truth disclosed to the marketplace, to allow the marketplace to clear the adverse effects and the confusion and uncertainty that (BHP Billiton has) created and then allow the PCS shareholders to make a choice either to tender or not,\" the source said.</p><p>The complaint was filed in the United States as the majority of PotashCorp's shares are traded on the New York Stock Exchange (NYSE). Additionally, the initial offer was made to PotashCorp CEO Bill Doyle by BHP Billiton CEO Marius Kloppers in the United States.</p><p>PotashCorp's shares on the TSX (POT) closed at $151.29, a 74-cent, or 0.49 per cent, increase over Tuesday.</p><p>On the NYSE (POT), its shares fell by $1.19 US, or 0.81 per cent, to close at $146.33</p><p><email normalizedValue=\"mailto:ckyle@sp.canwest.com\">ckyle@sp.canwest.com</email></p></bodyText></nitf:body.content></nitf:body><metadata><dc:metadata xmlns:dc=\"http://purl.org/dc/elements/1.1/\"><dc:identifier identifierScheme=\"DOC-ID\">CANWNS-201009230302 !@DOCID=95138942</dc:identifier><dc:source sourceScheme=\"royaltyReportingKey\">CANWNS2010</dc:source><dc:identifier identifierScheme=\"PGUID\">urn:contentItem:5136-DW01-JDK3-9056-00000-00</dc:identifier><dc:source sourceScheme=\"productContentSetIdentifier\">335915</dc:source><dc:date dateType=\"last-updated\">2015-10-17</dc:date></dc:metadata><wordCount number=\"736\"/><timeReceived>11:00 AM EST</timeReceived><publicationInfo><copyright>Copyright 2010 Canwest News Service All Rights Reserved</copyright><publicationName>Canwest News Service</publicationName><publicationDate day=\"23\" month=\"09\" year=\"2010\"><dateText>September 23, 2010 Thursday</dateText></publicationDate><classification classificationScheme=\"publicationtype\"><classificationItem><className>Newswire</className></classificationItem></classification><classification classificationScheme=\"publicationtype\"><classificationItem><className>Newswires &amp; Press Releases</className></classificationItem></classification></publicationInfo><classification classificationScheme=\"language\"><classificationItem classificationScheme=\"lang.english\"><className>ENGLISH</className></classificationItem></classification><classificationGroup classificationScheme=\"indexing-terms\"><classification classificationScheme=\"company\"><classificationItem score=\"96\"><classCode>CC00024OT</classCode><className>BHP BILLITON PLC</className></classificationItem><classificationItem score=\"95\"><classCode>CC0001WOW</classCode><className>POTASH CORP OF SASKATCHEWAN INC</className></classificationItem><classificationItem score=\"55\"><classCode>CC0009RRT</classCode><className>CANPOTEX LTD</className></classificationItem></classification><classification classificationScheme=\"industry\"><classificationItem score=\"96\"><className>NAICS212299 ALL OTHER METAL ORE MINING</className></classificationItem><classificationItem score=\"96\"><className>NAICS212234 COPPER ORE &amp; NICKEL ORE MINING</className></classificationItem><classificationItem score=\"96\"><className>NAICS212210 IRON ORE MINING</className></classificationItem><classificationItem score=\"96\"><className>SIC1021 COPPER ORES</className></classificationItem><classificationItem score=\"96\"><className>SIC1011 IRON ORES</className></classificationItem><classificationItem score=\"95\"><className>NAICS212392 PHOSPHATE ROCK MINING</className></classificationItem><classificationItem score=\"95\"><className>NAICS212391 POTASH, SODA &amp; BORATE MINERAL MINING</className></classificationItem><classificationItem score=\"55\"><className>SIC1474 POTASH, SODA, &amp; BORATE MINERALS</className></classificationItem></classification><classification classificationScheme=\"ticker\"><classificationItem score=\"96\"><className>BLT (LSE)</className></classificationItem><classificationItem score=\"96\"><className>BIBLT (JSE)</className></classificationItem><classificationItem score=\"96\"><className>BBL (NYSE)</className></classificationItem><classificationItem score=\"95\"><className>POT (TSX)</className></classificationItem><classificationItem score=\"95\"><className>POT (NYSE)</className></classificationItem></classification></classificationGroup><classificationGroup classificationScheme=\"indexing-terms\"><classification classificationScheme=\"legal\"><classificationItem><className>Securities Law</className><classCode>Z3VpZD11cm46dG9waWM6RkFFMTQ3ODhCRDYyNDkyN0IwQkEyQzRCRDlFMEM5ODc7cGFyZW50Z3VpZD0</classCode><classificationItem score=\"60\"><className>Stock Exchanges</className><classCode>Z3VpZD11cm46dG9waWM6M0ZDMDg5MEQ3OTlGNEJCMkI0M0EyM0MwN0E1Njk1MEQ7cGFyZW50Z3VpZD11cm46dG9waWM6NDBGREFBMDgyNTQ0NERFRUI3MEUwNDBFOTM5NDExREI</classCode></classificationItem><classificationItem score=\"50\"><className>Suspension of Trading</className><classCode>Z3VpZD11cm46dG9waWM6QjFCRERDMzBDMzcwNDlBNEE0MDYzRkM5N0U1QzdBMEU7cGFyZW50Z3VpZD11cm46dG9waWM6RDRENUQ3RUY0MkRCNDJERTg5RDFBQjBCRUFGMzVCRDM</classCode></classificationItem></classificationItem></classification><classification classificationScheme=\"subject\"><classificationItem score=\"94\"><classCode>ST000DANR</classCode><className>FALSE STATEMENTS</className><classCode/><className/></classificationItem><classificationItem score=\"91\"><classCode>STX001561</classCode><className>SHAREHOLDERS</className><classCode>Z3VpZD11cm46dG9waWM6NEI2QjYxNjkwMTkzNDhFRUExNjlFRjVFRUU3NDhBQkE7cGFyZW50Z3VpZD11cm46dG9waWM6MDQ3M0RFODczN0I4NDg2RjlFRDNFMUNBODRDQTU0Q0E</classCode><className>Shareholders</className></classificationItem><classificationItem score=\"91\"><classCode>STX001648</classCode><className>SUITS &amp; CLAIMS</className><classCode/><className/></classificationItem><classificationItem score=\"90\"><classCode>STX001040</classCode><className>LITIGATION</className><classCode/><className/></classificationItem><classificationItem score=\"89\"><classCode>N922110CC</classCode><className>LAW COURTS &amp; TRIBUNALS</className><classCode/><className/></classificationItem><classificationItem score=\"89\"><classCode>ST0009FJK</classCode><className>NEGATIVE PERSONAL NEWS</className><classCode/><className/></classificationItem><classificationItem score=\"78\"><classCode>N523110GM</classCode><className>SECURITIES TRADING</className><classCode/><className/></classificationItem><classificationItem score=\"78\"><classCode>ST000CZTI</classCode><className>STOCK PRICES</className><classCode/><className/></classificationItem><classificationItem score=\"78\"><classCode>STX001668</classCode><className>TAKEOVERS</className><classCode/><className/></classificationItem><classificationItem score=\"78\"><classCode>ST000A68G</classCode><className>TENDER OFFERS</className><classCode/><className/></classificationItem><classificationItem score=\"77\"><classCode>ST0008XMR</classCode><className>LAW &amp; LEGAL SYSTEM</className><classCode/><className/></classificationItem></classification><classification classificationScheme=\"industry\"><classificationItem score=\"90\"><classCode>STX000039</classCode><className>AGRICULTURAL CHEMICALS</className><classCode/><className/></classificationItem><classificationItem score=\"90\"><classCode>N212234IM</classCode><className>COPPER MINING</className><classCode/><className/></classificationItem><classificationItem score=\"90\"><classCode>ST0009FAV</classCode><className>FERTILIZERS</className><classCode/><className/></classificationItem><classificationItem score=\"90\"><classCode>N212200CC</classCode><className>METAL ORE MINING</className><classCode/><className/></classificationItem><classificationItem score=\"90\"><classCode>ST0008X7V</classCode><className>MINES &amp; MINING</className><classCode/><className/></classificationItem><classificationItem score=\"90\"><classCode>N212234OM</classCode><className>NICKEL MINING</className><classCode/><className/></classificationItem><classificationItem score=\"90\"><classCode>N212392MM</classCode><className>PHOSPHATE ROCK MINING</className><classCode/><className/></classificationItem><classificationItem score=\"90\"><classCode>N212391MM</classCode><className>POTASH SODA &amp; BORATE MINING</className><classCode/><className/></classificationItem><classificationItem score=\"78\"><classCode>N210000CC</classCode><className>MINING &amp; EXTRACTION</className><classCode/><className/></classificationItem><classificationItem score=\"78\"><classCode>N523110GM</classCode><className>SECURITIES TRADING</className><classCode/><className/></classificationItem><classificationItem score=\"78\"><classCode>ST000CZTI</classCode><className>STOCK PRICES</className><classCode/><className/></classificationItem></classification><classification classificationScheme=\"city\"><classificationItem score=\"50\"><classCode>GX052</classCode><className>OTTAWA, ON, CANADA</className><classCode/><className/></classificationItem></classification><classification classificationScheme=\"state\"><classificationItem score=\"94\"><classCode>GS177</classCode><className>SASKATCHEWAN, CANADA</className><classCode/><className/></classificationItem><classificationItem score=\"79\"><classCode>GS129</classCode><className>ILLINOIS, USA</className><classCode/><className/></classificationItem></classification><classification classificationScheme=\"country\"><classificationItem score=\"79\"><classCode>GC339</classCode><className>CANADA</className><classCode/><className/></classificationItem><classificationItem score=\"79\"><classCode>GC343</classCode><className>UNITED STATES</className><classCode/><className/></classificationItem></classification></classificationGroup></metadata></articleDoc></content></entry>"}