{"prediction_class": "Death", "prediction_score": "0.67", "name": "BlueScope", "title": "Australia: Dismissing a long-term employee for a safety breach: Key considerations for employers", "published": "2020-08-28T00:00:00Z", "updated": "2020-11-16T01:03:11Z", "cleaned_article": "[TITLE] Australia: Dismissing a long-term employee for a safety breach: Key considerations for employers [TITLE] \n\nThe Full Bench of the Fair Work Commission has upheld the dismissal of an employee with 30 years' service and a satisfactory safety record after the employee breached a key safety protocol in which he had received adequate training. The Full Bench's recent decision highlights key considerations that employers must turn their minds to before terminating an employee's employment for breaching safety protocols.1 A failure to take account of these considerations will expose the employer to a risk that the dismissal will be found to be harsh, unjust or unreasonable and result in an order of compensation for the employee or reinstatement. Mr Trevor Knowles (Employee) was a long-standing worker of the employer (BlueScope) with around 30 years' experience. In his role, the Employee was required to drive overhead cranes to move steel coils within a warehouse in the Illawarra region. On 5 September 2019, the Employee operated a crane in a manner inconsistent with his training and documented safety procedure policies of BlueScope which caused a steel coil to be damaged and a risk that the steel coil could be tipped. Although no-one was in the vicinity of the steel coil, BlueScope terminated the employment of the Employee on 1 October 2019 for breaching the process for moving the coils set out in a safety procedure policy. At first instance, the Employee was successful in his application to be reinstated to his position. In overturning the original decision of the Commission, the Full Bench examined the following key issues. Key consideration 1: Is a 'technical' safety breach a valid reason to dismiss?In this case, BlueScope relied upon the safety procedure policy which set out the correct manner to handle steel coils and the fact that the Employee performed his task inconsistently with this policy. At first instance, the Fair Work Commission found that the mere fact that the Employee performed the task inconsistently with the safety procedure policy did not constitute a safety breach. The primary reason that the Fair Work Commission relied upon in this finding was that the Employee did not cause a safety risk or incident as there was no one in the vicinity of the steel coil who could have been injured as a result of the Employee not following the safety procedure policy correctly. On appeal, the Full Bench rejected this reasoning. The Full Bench found that the safety policy procedure prescribed that the correct method was to be performed irrespective of whether there was anyone in the vicinity of the steel coils. In doing so, the Full Bench endorsed a wider interpretation of what constitutes a safety breach, finding that an actual risk of injury to a person is not required for conduct to be classified as a safety breach. In this case, the Full Bench effectively supported the employer's rights to have a zero-tolerance approach to safety breaches. This is because the Full Bench determined that a failure to perform a task in accordance with a safety procedure policy, in a manner which could have led to an injury in other circumstances, was a safety breach. [...] \n\nThe Full Bench reiterated that an employer, if it wishes to rely on a safety breach to terminate an employee, must:  notify the employee of the existence of the safety requirement (through documentation, verbal instructions or otherwise)ensure the employee understood the safety requirement (through training, supervision, reliance on an employee's experience or otherwise); and/oruphold and enforce safety standards (if an employee can demonstrate that safety breaches of a similar seriousness were tolerated then it may be found dismissing an employee for a breach that was otherwise tolerated was unjust, harsh or unreasonable). In this case, BlueScope relied upon the safety procedure policy, contemporaneous accreditation training (both written and practical) on the particular safety procedure policy and also previous disciplinary action taken against the Employee. The accreditation training was conducted two and a half months prior to the safety breach and this proximity led the Full Bench to find that the Employee's conduct demonstrated a \"disregard\" for the safety policy. Further, the Full Bench found that BlueScope had not condoned the Employee's practice of handling steel coils in a manner inconsistent with the safety procedure policy even though there was evidence of prior conduct in that regard. Key consideration 3: Can an employer rely on a year-old final warning for a safety breach on an unrelated task? The Full Bench also examined whether reliance could be placed on an employer's final warning issued 12 months previously, in relation to an unrelated safety breach.In this case, BlueScope issued the worker a final warning in September 2018 for failing to comply with a different safety procedure policy. At first instance, the Fair Work Commission found that the final warning issued to the Employee was in relation to conduct that was \"totally different\" to the safety breach central to the unfair dismissal claim. As such, the Commission did not factor this earlier safety breach, or the final warning itself, into the assessment of overall harshness of the dismissal. On appeal, the Full Bench found that the final warning was based on a failure to follow a safety procedure policy and the written final warning mandated that the Employee followed and adhered to all safety procedure policies going forward. The Full Bench found that by failing to have regard to the earlier safety breach or the issuing of a final warning, the earlier decision did not take into account a material consideration. Other considerationsIn this case, the Full Bench found that even though the employee was 64 years old, had 30 years of service with BlueScope and a good employment record, these factors did not weigh so heavily as to render the dismissal of the Employee harsh, unjust or unreasonable. Lessons for employers To ensure the termination of an employee for a safety breach is lawful, you should, as an employer, always keep in mind the key considerations addressed above, including:", "raw_cleaned_article": "<h2>Australia: Dismissing a long-term employee for a safety breach: Key considerations for employers</h2><p>The Full Bench of the Fair Work Commission has upheld the dismissal of an employee with 30 years' service and a satisfactory safety record after the employee breached a key safety protocol in which he had received adequate training. The Full Bench's recent decision highlights key considerations that employers must turn their minds to before terminating an employee's employment for breaching safety protocols.1 A failure to take account of these considerations will expose the employer to a risk that the dismissal will be found to be harsh, unjust or unreasonable and result in an order of compensation for the employee or reinstatement. <b>Mr Trevor Knowles (Employee) was a long-standing worker of the employer (BlueScope) with around 30 years' experience. In his role, the Employee was required to drive overhead cranes to move steel coils within a warehouse in the Illawarra region. On 5 September 2019, the Employee operated a crane in a manner inconsistent with his training and documented safety procedure policies of BlueScope which caused a steel coil to be damaged and a risk that the steel coil could be tipped. Although no-one was in the vicinity of the steel coil, BlueScope terminated the employment of the Employee on 1 October 2019 for breaching the process for moving the coils set out in a safety procedure policy.</b> At first instance, the Employee was successful in his application to be reinstated to his position. In overturning the original decision of the Commission, the Full Bench examined the following key issues. Key consideration 1: Is a 'technical' safety breach a valid reason to dismiss?</p><p>[...]</p><p>The Full Bench of the Fair Work Commission has upheld the dismissal of an employee with 30 years' service and a satisfactory safety record after the employee breached a key safety protocol in which he had received adequate training. <b>In this case, BlueScope relied upon the safety procedure policy which set out the correct manner to handle steel coils and the fact that the Employee performed his task inconsistently with this policy.</b> At first instance, the Fair Work Commission found that the mere fact that the Employee performed the task inconsistently with the safety procedure policy did not constitute a safety breach. The primary reason that the Fair Work Commission relied upon in this finding was that the Employee did not cause a safety risk or incident as there was no one in the vicinity of the steel coil who could have been injured as a result of the Employee not following the safety procedure policy correctly. On appeal, the Full Bench rejected this reasoning. The Full Bench found that the safety policy procedure prescribed that the correct method was to be performed irrespective of whether there was anyone in the vicinity of the steel coils. In doing so, the Full Bench endorsed a wider interpretation of what constitutes a safety breach, finding that an actual risk of injury to a person is not required for conduct to be classified as a safety breach. In this case, the Full Bench effectively supported the employer's rights to have a zero-tolerance approach to safety breaches. This is because the Full Bench determined that a failure to perform a task in accordance with a safety procedure policy, in a manner which could have led to an injury in other circumstances, was a safety breach.</p><p>[...]</p><p>The Full Bench reiterated that an employer, if it wishes to rely on a safety breach to terminate an employee, must:  notify the employee of the existence of the safety requirement (through documentation, verbal instructions or otherwise)ensure the employee understood the safety requirement (through training, supervision, reliance on an employee's experience or otherwise); and/oruphold and enforce safety standards (if an employee can demonstrate that safety breaches of a similar seriousness were tolerated then it may be found dismissing an employee for a breach that was otherwise tolerated was unjust, harsh or unreasonable). <b>In this case, BlueScope relied upon the safety procedure policy, contemporaneous accreditation training (both written and practical) on the particular safety procedure policy and also previous disciplinary action taken against the Employee. The accreditation training was conducted two and a half months prior to the safety breach and this proximity led the Full Bench to find that the Employee's conduct demonstrated a \"disregard\" for the safety policy. Further, the Full Bench found that BlueScope had not condoned the Employee's practice of handling steel coils in a manner inconsistent with the safety procedure policy even though there was evidence of prior conduct in that regard.</b> Key consideration 3: Can an employer rely on a year-old final warning for a safety breach on an unrelated task? The Full Bench also examined whether reliance could be placed on an employer's final warning issued 12 months previously, in relation to an unrelated safety breach.</p><p>[...]</p><p>The Full Bench reiterated that an employer, if it wishes to rely on a safety breach to terminate an employee, must: <b>In this case, BlueScope issued the worker a final warning in September 2018 for failing to comply with a different safety procedure policy. At first instance, the Fair Work Commission found that the final warning issued to the Employee was in relation to conduct that was \"totally different\" to the safety breach central to the unfair dismissal claim. As such, the Commission did not factor this earlier safety breach, or the final warning itself, into the assessment of overall harshness of the dismissal.</b> On appeal, the Full Bench found that the final warning was based on a failure to follow a safety procedure policy and the written final warning mandated that the Employee followed and adhered to all safety procedure policies going forward. The Full Bench found that by failing to have regard to the earlier safety breach or the issuing of a final warning, the earlier decision did not take into account a material consideration. Other considerations<b>In this case, the Full Bench found that even though the employee was 64 years old, had 30 years of service with BlueScope and a good employment record, these factors did not weigh so heavily as to render the dismissal of the Employee harsh, unjust or unreasonable.</b> Lessons for employers To ensure the termination of an employee for a safety breach is lawful, you should, as an employer, always keep in mind the key considerations addressed above, including:</p>", "original_content": "<entry xmlns=\"http://www.w3.org/2005/Atom\"><id>urn:contentItem:60PH-BF91-JCF5-V3V7-00000-00</id><title>Australia: Dismissing a long-term employee for a safety breach: Key considerations for employers</title><published>2020-08-28T00:00:00Z</published><updated>2020-11-16T01:03:11Z</updated><author><name>LexisNexis</name></author><content type=\"application/xml\"><!--Transformation version 1.23--><articleDoc xmlns=\"\" xmlns:xsi=\"http://www.w3.org/2001/XMLSchema-instance\" xsi:noNamespaceSchemaLocation=\"http://www.lexisnexis.com/xmlschemas/content/public/articledoc/1/\" schemaVersion=\"1.8\" xml:lang=\"en\"><articleDocHead><itemInfo/></articleDocHead><nitf:body xmlns:nitf=\"http://iptc.org/std/NITF/2006-10-18/\"><nitf:body.head><nitf:hedline><nitf:hl1>Australia: Dismissing a long-term employee for a safety breach: Key considerations for employers</nitf:hl1></nitf:hedline></nitf:body.head><nitf:body.content><bodyText><p nitf:lede=\"true\">The Full Bench of the Fair Work Commission has upheld the dismissal of an employee with 30 years' service and a satisfactory safety record after the employee breached a key safety protocol in which he had received adequate training.</p><p nitf:lede=\"true\">The Full Bench's recent decision highlights key considerations that employers must turn their minds to before terminating an employee's employment for breaching safety protocols.1 A failure to take account of these considerations will expose the employer to a risk that the dismissal will be found to be harsh, unjust or unreasonable and result in an order of compensation for the employee or reinstatement.</p><p nitf:lede=\"true\">Facts</p><p nitf:lede=\"true\">Mr Trevor Knowles (Employee) was a long-standing worker of the employer (BlueScope) with around 30 years' experience. In his role, the Employee was required to drive overhead cranes to move steel coils within a warehouse in the Illawarra region. On 5 September 2019, the Employee operated a crane in a manner inconsistent with his training and documented safety procedure policies of BlueScope which caused a steel coil to be damaged and a risk that the steel coil could be tipped. Although no-one was in the vicinity of the steel coil, BlueScope terminated the employment of the Employee on 1 October 2019 for breaching the process for moving the coils set out in a safety procedure policy.</p><p>At first instance, the Employee was successful in his application to be reinstated to his position. In overturning the original decision of the Commission, the Full Bench examined the following key issues.</p><p>Key consideration 1: Is a 'technical' safety breach a valid reason to dismiss?</p><p>To meet the threshold question of whether there is a valid reason to dismiss an employee for a safety breach, the Full Bench confirmed that an employer must show that the employee has breached their safety obligations.</p><p>In this case, BlueScope relied upon the safety procedure policy which set out the correct manner to handle steel coils and the fact that the Employee performed his task inconsistently with this policy.</p><p>At first instance, the Fair Work Commission found that the mere fact that the Employee performed the task inconsistently with the safety procedure policy did not constitute a safety breach. The primary reason that the Fair Work Commission relied upon in this finding was that the Employee did not cause a safety risk or incident as there was no one in the vicinity of the steel coil who could have been injured as a result of the Employee not following the safety procedure policy correctly.</p><p>On appeal, the Full Bench rejected this reasoning. The Full Bench found that the safety policy procedure prescribed that the correct method was to be performed irrespective of whether there was anyone in the vicinity of the steel coils. In doing so, the Full Bench endorsed a wider interpretation of what constitutes a safety breach, finding that an actual risk of injury to a person is not required for conduct to be classified as a safety breach. In this case, the Full Bench effectively supported the employer's rights to have a zero-tolerance approach to safety breaches. This is because the Full Bench determined that a failure to perform a task in accordance with a safety procedure policy, in a manner which could have led to an injury in other circumstances, was a safety breach.</p><p>As such, the Full Bench found that the Employee had committed a safety breach and there was a valid reason to dismiss.</p><p>Key consideration 2: Is the dismissal consistent with the safety culture of your business?</p><p>The Full Bench reiterated that an employer, if it wishes to rely on a safety breach to terminate an employee, must:</p><p> notify the employee of the existence of the safety requirement (through documentation, verbal instructions or otherwise)ensure the employee understood the safety requirement (through training, supervision, reliance on an employee's experience or otherwise); and/oruphold and enforce safety standards (if an employee can demonstrate that safety breaches of a similar seriousness were tolerated then it may be found dismissing an employee for a breach that was otherwise tolerated was unjust, harsh or unreasonable).</p><p>In this case, BlueScope relied upon the safety procedure policy, contemporaneous accreditation training (both written and practical) on the particular safety procedure policy and also previous disciplinary action taken against the Employee. The accreditation training was conducted two and a half months prior to the safety breach and this proximity led the Full Bench to find that the Employee's conduct demonstrated a \"disregard\" for the safety policy. Further, the Full Bench found that BlueScope had not condoned the Employee's practice of handling steel coils in a manner inconsistent with the safety procedure policy even though there was evidence of prior conduct in that regard.</p><p>Key consideration 3: Can an employer rely on a year-old final warning for a safety breach on an unrelated task?</p><p>The Full Bench also examined whether reliance could be placed on an employer's final warning issued 12 months previously, in relation to an unrelated safety breach.</p><p>In this case, BlueScope issued the worker a final warning in September 2018 for failing to comply with a different safety procedure policy. At first instance, the Fair Work Commission found that the final warning issued to the Employee was in relation to conduct that was \"totally different\" to the safety breach central to the unfair dismissal claim. As such, the Commission did not factor this earlier safety breach, or the final warning itself, into the assessment of overall harshness of the dismissal.</p><p>On appeal, the Full Bench found that the final warning was based on a failure to follow a safety procedure policy and the written final warning mandated that the Employee followed and adhered to all safety procedure policies going forward. The Full Bench found that by failing to have regard to the earlier safety breach or the issuing of a final warning, the earlier decision did not take into account a material consideration.</p><p>Other considerations</p><p>While the above were key considerations in the case at hand, in an unfair dismissal claim the Fair Work Commission must also take into account each item in the criteria set out in section 387 of the Fair Work Act 2009 (Cth). This criteria is wide-ranging and provides that the Fair Work Commission can take into account any matters that it considers relevant. This will often include the age of the employee, their length of service and future employment prospects.</p><p>In this case, the Full Bench found that even though the employee was 64 years old, had 30 years of service with BlueScope and a good employment record, these factors did not weigh so heavily as to render the dismissal of the Employee harsh, unjust or unreasonable.</p><p>Lessons for employers</p><p>To ensure the termination of an employee for a safety breach is lawful, you should, as an employer, always keep in mind the key considerations addressed above, including:</p><p> taking steps throughout the employment relationship to ensure that your employees are aware of and trained in the safety protocols applicable to their positionhave clear and detailed safety documentation to rely upon for each prescribed work task that may result in a safety breachif you seek to rely on a previous warning in the termination of an employee, ensuring that warning was within the scope of the conduct that led to the termination.</p><p>It is important to note that each unfair dismissal case will have its unique considerations. As an employer, you must evaluate these considerations when determining if the dismissal may be found harsh, unjust or unreasonable.</p><p>Footnote</p><p>1 <url normalizedValue=\"https://www.fwc.gov.au/documents/decisionssigned/html/2020fwcfb3439.htm\">https://www.fwc.gov.au/documents/decisionssigned/html/2020fwcfb3439.htm</url></p><p>This publication does not deal with every important topic or change in law and is not intended to be relied upon as a substitute for legal or other advice that may be relevant to the reader's specific circumstances. If you have found this publication of interest and would like to know more or wish to obtain legal advice relevant to your circumstances please contact one of the named individuals listed.</p><p><br/> Mr Michael Selinger<br/> Holding Redlich<br/> Level 65<br/> 19 Martin Place<br/> Sydney<br/> NSW<br/> 2000<br/> AUSTRALIA<br/> Tel: 39321 9999<br/> Fax: 39321 9900<br/>E-mail: <email normalizedValue=\"mailto:inquiries@holdingredlich.com.au\">inquiries@holdingredlich.com.au</email><br/> URL: <url normalizedValue=\"http://www.holdingredlich.com.au\">www.holdingredlich.com.au</url></p></bodyText></nitf:body.content></nitf:body><metadata><dc:metadata xmlns:dc=\"http://purl.org/dc/elements/1.1/\"><dc:identifier identifierScheme=\"DOC-ID\">MONDAQ-10980148</dc:identifier><dc:source sourceScheme=\"royaltyReportingKey\">MONDAQ2020</dc:source><dc:identifier identifierScheme=\"PGUID\">urn:contentItem:60PH-BF91-JCF5-V3V7-00000-00</dc:identifier><dc:source sourceScheme=\"productContentSetIdentifier\">149522</dc:source><dc:date dateType=\"last-updated\">2020-08-28</dc:date></dc:metadata><wordCount number=\"1388\"/><publicationInfo><copyright>Copyright 2020 Mondaq Ltd. All Rights Reserved</copyright><publicationName>Mondaq Business Briefing</publicationName><publicationLogo><logo><inlineObject><locator><locatorKey><keyName name=\"object-key\"/><keyValue value=\"33716\"/></locatorKey><locatorParameters><parameter name=\"object-type\" value=\"201\"/><parameter name=\"object-smi\" value=\"LOGOS\"/><parameter name=\"componentseq\" value=\"1\"/></locatorParameters></locator></inlineObject></logo></publicationLogo><publicationDate day=\"28\" month=\"08\" year=\"2020\"><dateText>August 28, 2020 Friday</dateText></publicationDate><classification classificationScheme=\"publicationtype\"><classificationItem><className>Newswire</className></classificationItem></classification><classification classificationScheme=\"publicationtype\"><classificationItem><className>Newswires &amp; Press Releases</className></classificationItem></classification></publicationInfo><classification classificationScheme=\"language\"><classificationItem classificationScheme=\"lang.english\"><className>ENGLISH</className></classificationItem></classification><classificationGroup classificationScheme=\"licensor.indexing-terms\"><classification classificationScheme=\"licensor.company\"><classificationItem><className>Holding Redlich</className></classificationItem></classification><classification classificationScheme=\"licensor.country\"><classificationItem><className>Australia</className></classificationItem></classification><classification classificationScheme=\"licensor.subject\"><classificationItem><className>Employment and HR</className></classificationItem><classificationItem><className>Unfair/ Wrongful Dismissal</className></classificationItem><classificationItem><className>Health &amp; Safety</className></classificationItem><classificationItem><className>Employee Rights/ Labour Relations</className></classificationItem></classification></classificationGroup><classificationGroup classificationScheme=\"indexing-terms\"><classification classificationScheme=\"legal\"><classificationItem><className>Labor &amp; Employment Law</className><classCode>Z3VpZD11cm46dG9waWM6MTE3QUQwOTA0MUYzNDlCMEFFMjUwRUNDM0RDRkM5QzM7cGFyZW50Z3VpZD0</classCode><classificationItem score=\"50\"><className>General Overview</className><classCode>Z3VpZD11cm46dG9waWM6RjZGMEFCRjUyRjE3NDhFRkFFMTA0NTA1OTZGMTYyNjQ7cGFyZW50Z3VpZD11cm46dG9waWM6RDVFOTg1MzBEN0U0NDNENzgzNzBBMjY4MjRCMjk3MkI</classCode></classificationItem></classificationItem></classification><classification classificationScheme=\"subject\"><classificationItem score=\"90\"><classCode>STX002027</classCode><className>EMPLOYEE TERMINATION</className><classCode/><className/></classificationItem><classificationItem score=\"90\"><classCode>ST000DOFE</classCode><className>SAFETY REGULATION &amp; POLICY</className><classCode/><className/></classificationItem><classificationItem score=\"90\"><classCode>STX001963</classCode><className>SAFETY, ACCIDENTS &amp; DISASTERS</className><classCode/><className/></classificationItem><classificationItem score=\"78\"><classCode>STX000512</classCode><className>DISMISSALS</className><classCode/><className/></classificationItem><classificationItem score=\"78\"><classCode>STX001948</classCode><className>LABOR &amp; EMPLOYMENT</className><classCode/><className/></classificationItem><classificationItem score=\"78\"><classCode>ST000C47H</classCode><className>WOUNDS &amp; INJURIES</className><classCode/><className/></classificationItem><classificationItem score=\"78\"><classCode>ST00090TP</classCode><className>WRONGFUL TERMINATION</className><classCode>Z3VpZD11cm46dG9waWM6NjI2MTdFOTVFMzVGNDM5QTk0RTM1MDBDMkQzOTg5QTI7cGFyZW50Z3VpZD11cm46dG9waWM6MTE3QUQwOTA0MUYzNDlCMEFFMjUwRUNDM0RDRkM5QzM</classCode><className>Wrongful Termination</className></classificationItem></classification><classification classificationScheme=\"country\"><classificationItem score=\"88\"><classCode>GC301</classCode><className>AUSTRALIA</className><classCode/><className/></classificationItem></classification></classificationGroup></metadata></articleDoc></content></entry>"}