{"prediction_class": "Intellectual property Offences", "prediction_score": "0.97", "name": "BlueScope", "title": "Employee stole our secrets: steel giant", "published": "2016-01-09T00:00:00Z", "updated": "2020-11-16T00:49:44Z", "cleaned_article": "[TITLE] Employee stole our secrets: steel giant [TITLE] \n\nMs Somanchi is also expected to be sacked this week from a BlueScope joint venture with a Japanese steel giant in Singapore, court documents show. The case of alleged international espionage has left the company reeling and urgently seeking a judge's help to find and destroy trade secrets before they fall into the hands of competitors.Court documents show that while NS BlueScope is seen as \"part of the BlueScope family\", the two companies do not share intellectual property and NS BlueScope uses BlueScope's software under licence. It is alleged this particular software is among the cyber loot Ms Somanchi has taken to her new position.BlueScope's lawyers argued there was \"a real possibility\" Ms Somanchi, an experienced IT professional who had worked at BlueScope for more than 12 years, would try to destroy evidence of her alleged espionage without a court order and confirmed 148 files related to BlueScope had already been transferred onto her computers in Singapore.Shortly after the 45-year-old Australian citizen and recent resident of the northern Sydney suburb of Epping had taken up the position at NS BlueScope, the Australian steelmaker launched an investigation into allegations of misconduct by its long-serving employee.Executives were tipped off to her alleged improper use of company information after Ms Somanchi returned to BlueScope's offices in Sydney in late October to tell colleagues she had landed a job at NS BlueScope in Singapore.", "raw_cleaned_article": "<h2>Employee stole our secrets: steel giant</h2><p><b>Ms Somanchi is also expected to be sacked this week from a BlueScope joint venture with a Japanese steel giant in Singapore, court documents show.</b> The case of alleged international espionage has left the company reeling and urgently seeking a judge's help to find and destroy trade secrets before they fall into the hands of competitors.<b>Court documents show that while NS BlueScope is seen as \"part of the BlueScope family\", the two companies do not share intellectual property and NS BlueScope uses BlueScope's software under licence. It is alleged this particular software is among the cyber loot Ms Somanchi has taken to her new position.</b><b>BlueScope's lawyers argued there was \"a real possibility\" Ms Somanchi, an experienced IT professional who had worked at BlueScope for more than 12 years, would try to destroy evidence of her alleged espionage without a court order and confirmed 148 files related to BlueScope had already been transferred onto her computers in Singapore.</b><b>Shortly after the 45-year-old Australian citizen and recent resident of the northern Sydney suburb of Epping had taken up the position at NS BlueScope, the Australian steelmaker launched an investigation into allegations of misconduct by its long-serving employee.</b><b>Executives were tipped off to her alleged improper use of company information after Ms Somanchi returned to BlueScope's offices in Sydney in late October to tell colleagues she had landed a job at NS BlueScope in Singapore.</b></p>", "original_content": "<entry xmlns=\"http://www.w3.org/2005/Atom\"><id>urn:contentItem:5HT7-YT31-JD34-V085-00000-00</id><title>Employee stole our secrets: steel giant</title><published>2016-01-09T00:00:00Z</published><updated>2020-11-16T00:49:44Z</updated><author><name>LexisNexis</name></author><content type=\"application/xml\"><!--Transformation version 1.23--><articleDoc xmlns=\"\" xmlns:xsi=\"http://www.w3.org/2001/XMLSchema-instance\" xsi:noNamespaceSchemaLocation=\"http://www.lexisnexis.com/xmlschemas/content/public/articledoc/1/\" schemaVersion=\"1.8\" xml:lang=\"en\"><articleDocHead><itemInfo><sourceSectionInfo><positionSection>NEWS</positionSection><positionSequence>Pg. 1</positionSequence></sourceSectionInfo></itemInfo></articleDocHead><nitf:body xmlns:nitf=\"http://iptc.org/std/NITF/2006-10-18/\"><nitf:body.head><nitf:hedline><nitf:hl1>Employee stole our secrets: steel giant</nitf:hl1></nitf:hedline><nitf:byline><author><person><nameText>Lucy Battersby, Sarah Danckert</nameText></person></author></nitf:byline></nitf:body.head><nitf:body.content><bodyText><p nitf:lede=\"true\">On the day long-serving BlueScope software development manager Chinnari Sridevi \"Sri\" Somanchi was to be made redundant in June 2015, she was suddenly busy on the phone.</p><p nitf:lede=\"true\">For the next two hours, her redundancy meeting was delayed while Ms Somanchi was locked on the call, as her manager circled her desk trying to get her attention.</p><p nitf:lede=\"true\">What the company did not know at the time, and now alleges, was Ms Somanchi was spending those precious hours downloading a cache of company secrets.</p><p>Secrets so important to BlueScope it has launched emergency legal action in the Federal Court of Australia and in Singapore, where she is now based, to stop the information falling into competitors' hands</p><p>Ms Somanchi has been accused this week of downloading a trove of company documents - about 40 gigabytes - over a four-year period, including the codes she allegedly downloaded just before her redundancy meeting.</p><p>BlueScope is now trying desperately to retrieve \"highly sensitive and commercially valuable\" information allegedly stolen by Ms Somanchi, who it describes as a disgruntled former employee.</p><p>Ms Somanchi is also expected to be sacked this week from a BlueScope joint venture with a Japanese steel giant in Singapore, court documents show.</p><p>The case of alleged international espionage has left the company reeling and urgently seeking a judge's help to find and destroy trade secrets before they fall into the hands of competitors.</p><p>Losing its customised software to a rival firm would so badly damage BlueScope that it was not seeking penalties because \"it is difficult to see how damages could adequately compensate BlueScope for the loss\", a senior manager's affidavit said. The business unit at risk generates $US45 million in turnover each year.</p><p>A company spokesman confirmed it had an \"IP-related matter before the courts in both Australia and Singapore\" and had received an injunction this week.</p><p>It is alleged in late September Ms Somanchi used the illegally obtained information to land a plum job as innovation manager at the 50-50 joint venture between Japanese steel giant Nippon Steel &amp; Sumitomo Metal Corporation and BlueScope in Singapore, known as NS BlueScope.</p><p>At the centre of the trouble is BlueScope's Lysaght business, the seller of its Colorbond and Ranbuild products.</p><p>Ms Somanchi is also accused of accessing BlueScope's computer system during a visit to her former colleagues in late October, after she had already signed a contract with her new employer.</p><p>Ms Somanchi's lawyer in Singapore, Ng Lip Chih, said: \"In view of the fact that the legal proceedings are ongoing, we are not in the position to provide any comments on the matter.\"</p><p>Court documents show that while NS BlueScope is seen as \"part of the BlueScope family\", the two companies do not share intellectual property and NS BlueScope uses BlueScope's software under licence. It is alleged this particular software is among the cyber loot Ms Somanchi has taken to her new position.</p><p>This case reached a climax during the Christmas and New Year's Eve break, when lawyers for BlueScope sought an urgent injunction from the Federal Court to stop Ms Somanchi passing information on to anyone else and ordering her to hand over computer equipment and storage devices to KordaMentha's Sydney office for forensic examination.</p><p>BlueScope was granted an order by Justice Mordecai Bromberg in his chambers on January 4.</p><p>It has also made an application to the High Court of Singapore seeking the same orders be applied concurrently and has engaged lawyers to serve Ms Somanchi at NS BlueScope's offices in Singapore's industrial Jurong district.</p><p>BlueScope's lawyers argued there was \"a real possibility\" Ms Somanchi, an experienced IT professional who had worked at BlueScope for more than 12 years, would try to destroy evidence of her alleged espionage without a court order and confirmed 148 files related to BlueScope had already been transferred onto her computers in Singapore.</p><p>Shortly after the 45-year-old Australian citizen and recent resident of the northern Sydney suburb of Epping had taken up the position at NS BlueScope, the Australian steelmaker launched an investigation into allegations of misconduct by its long-serving employee.</p><p>Executives were tipped off to her alleged improper use of company information after Ms Somanchi returned to BlueScope's offices in Sydney in late October to tell colleagues she had landed a job at NS BlueScope in Singapore.</p><p>When BlueScope national product and technical solutions sales manager Scott Perks found out about the visit he called software developer Lubna Malik - a trusted employee who is not accused of any wrongdoing and a former subordinate to Ms Somanchi - into a meeting to discuss Ms Somanchi's visit and reiterate company policy on information protection.</p><p>\"Ms Malik said words to the effect: 'But Sri already has the source codes',\" Mr Perks said in his affidavit filed with the Federal Court. \"I asked her how that was possible and Ms Malik replied in words to the effect: 'She took a full back-up of her computer'. At that point I ended the meeting,\" Mr Perks said.</p><p>His affidavit said Ms Malik said Ms Somanchi had used her computer for two hours despite Ms Malik feeling uncomfortable about her former boss' request.</p><p>\"I can think of no legitimate reason why Ms Somanchi would have the Somachi USB with these BlueScope files in her possession other than to leverage off BlueScope intellectual property and confidential information for her own professional advantage,\" Mr Perks said.</p><p>General manager of BlueScope's building components Mark Crimmins noted in his affidavit that \"Sri Somanchi would be the one person who would know exactly how valuable that confidential information was to BlueScope\".</p><p>The allegedly stolen data includes internal emails, 13 software packages, and source code for eight software programs - including Ranbuild's customised shed product.</p><p>Ms Somanchi has been contacted for comment.</p><p>theage.com.au - Read more</p></bodyText></nitf:body.content><nitf:body.end><graphic><nitf:media><caption><p>PHOTO: Sridevi \"Sri\" Somanchi. Photo: Supplied</p></caption></nitf:media></graphic></nitf:body.end></nitf:body><metadata><dc:metadata xmlns:dc=\"http://purl.org/dc/elements/1.1/\"><dc:identifier identifierScheme=\"DOC-ID\">AGEMLB-6nwi09r074odd7vehno</dc:identifier><dc:source sourceScheme=\"royaltyReportingKey\">AGEMLB2016</dc:source><dc:identifier identifierScheme=\"PGUID\">urn:contentItem:5HT7-YT31-JD34-V085-00000-00</dc:identifier><dc:source sourceScheme=\"productContentSetIdentifier\">314239</dc:source><dc:date dateType=\"last-updated\">2019-10-03</dc:date></dc:metadata><wordCount number=\"990\"/><publicationInfo><copyright>Copyright 2016 The Age Company Limited All Rights Reserved</copyright><publicationName>The Age (Melbourne, Australia)</publicationName><edition>First Edition</edition><publicationDate day=\"09\" month=\"01\" year=\"2016\"><dateText>January 9, 2016 Saturday</dateText></publicationDate><classification classificationScheme=\"publicationtype\"><classificationItem><className>Newspaper</className></classificationItem></classification><classification classificationScheme=\"publicationtype\"><classificationItem><className>Newspapers</className></classificationItem></classification></publicationInfo><classification classificationScheme=\"language\"><classificationItem classificationScheme=\"lang.english\"><className>ENGLISH</className></classificationItem></classification><classificationGroup classificationScheme=\"indexing-terms\"><classification classificationScheme=\"company\"><classificationItem score=\"63\"><classCode>CC000238X</classCode><className>NIPPON STEEL &amp; SUMITOMO METAL CORP</className></classificationItem></classification><classification classificationScheme=\"industry\"><classificationItem score=\"63\"><className>NAICS331210 IRON &amp; STEEL PIPE &amp; TUBE MANUFACTURING FROM PURCHASED STEEL</className></classificationItem><classificationItem score=\"63\"><className>NAICS331110 IRON &amp; STEEL MILLS &amp; FERROALLOY MANUFACTURING</className></classificationItem><classificationItem score=\"63\"><className>SIC3317 STEEL PIPE &amp; TUBES</className></classificationItem><classificationItem score=\"63\"><className>SIC3312 STEEL WORKS, BLAST FURNACES (INCLUDING COKE OVENS) &amp; ROLLING MILLS</className></classificationItem></classification><classification classificationScheme=\"ticker\"><classificationItem score=\"63\"><className>5401 (TSE)</className></classificationItem></classification></classificationGroup><classificationGroup classificationScheme=\"licensor.indexing-terms\"><classification classificationScheme=\"licensor.region\"><classificationItem><className>Australia</className></classificationItem><classificationItem><className>Singapore</className></classificationItem></classification><classification classificationScheme=\"licensor.subject\"><classificationItem><className>Law/Cases</className></classificationItem><classificationItem><className>Company/BlueScope Steel</className></classificationItem><classificationItem><className>Crime/Corporate</className></classificationItem></classification></classificationGroup><classificationGroup classificationScheme=\"indexing-terms\"><classification classificationScheme=\"subject\"><classificationItem score=\"90\"><classCode>STX000512</classCode><className>DISMISSALS</className><classCode/><className/></classificationItem><classificationItem score=\"90\"><classCode>STX001010</classCode><className>LAYOFFS</className><classCode/><className/></classificationItem><classificationItem score=\"90\"><classCode>STX001066</classCode><className>MANAGERS &amp; SUPERVISORS</className><classCode/><className/></classificationItem><classificationItem score=\"90\"><classCode>ST0009FJK</classCode><className>NEGATIVE PERSONAL NEWS</className><classCode/><className/></classificationItem><classificationItem score=\"89\"><classCode>ST0008XMR</classCode><className>LAW &amp; LEGAL SYSTEM</className><classCode/><className/></classificationItem><classificationItem score=\"89\"><classCode>STX001040</classCode><className>LITIGATION</className><classCode/><className/></classificationItem><classificationItem score=\"79\"><classCode>ST000A2A8</classCode><className>INTELLECTUAL PROPERTY</className><classCode/><className/></classificationItem><classificationItem score=\"79\"><classCode>ST000DMT1</classCode><className>PATENT COURTS</className><classCode/><className/></classificationItem><classificationItem score=\"78\"><classCode>STX001932</classCode><className>CRIME, LAW ENFORCEMENT &amp; CORRECTIONS</className><classCode/><className/></classificationItem><classificationItem score=\"76\"><classCode>STX001648</classCode><className>SUITS &amp; CLAIMS</className><classCode/><className/></classificationItem><classificationItem score=\"75\"><classCode>N922110CC</classCode><className>LAW COURTS &amp; TRIBUNALS</className><classCode/><className/></classificationItem><classificationItem score=\"73\"><classCode>STX000649</classCode><className>ESPIONAGE</className><classCode/><className/></classificationItem><classificationItem score=\"66\"><classCode>STX000983</classCode><className>JOINT VENTURES</className><classCode>Z3VpZD11cm46dG9waWM6RjYwQjM2NjQzMDM0NDZDOTk1OTdEM0NFMEJGNjA5OUY7cGFyZW50Z3VpZD11cm46dG9waWM6QjA4OEVGODBENzY4NDcxM0IyQzA1OTEwQzVDODRBOUE</classCode><className>Joint Ventures</className></classificationItem><classificationItem score=\"64\"><classCode>STX000722</classCode><className>FINES &amp; PENALTIES</className><classCode/><className/></classificationItem></classification><classification classificationScheme=\"industry\"><classificationItem score=\"91\"><classCode>N331111MM</classCode><className>IRON &amp; STEEL MILLS</className><classCode/><className/></classificationItem><classificationItem score=\"90\"><classCode>ST000A39R</classCode><className>COMPUTER SOFTWARE</className><classCode/><className/></classificationItem><classificationItem score=\"90\"><classCode>N331210MM</classCode><className>IRON &amp; STEEL PIPE &amp; TUBE MFG</className><classCode/><className/></classificationItem><classificationItem score=\"90\"><classCode>STX002014</classCode><className>MANUFACTURING</className><classCode/><className/></classificationItem><classificationItem score=\"90\"><classCode>N331220CC</classCode><className>STEEL ROLLING &amp; DRAWING</className><classCode/><className/></classificationItem><classificationItem score=\"78\"><classCode>ST000CECH</classCode><className>SOFTWARE DEVELOPMENT &amp; ENGINEERING</className><classCode/><className/></classificationItem><classificationItem score=\"77\"><classCode>N331112MM</classCode><className>FERROALLOY PRODUCT MFG</className><classCode/><className/></classificationItem></classification><classification classificationScheme=\"city\"><classificationItem score=\"91\"><classCode>GX015</classCode><className>MELBOURNE, AUSTRALIA</className><classCode/><className/></classificationItem></classification><classification classificationScheme=\"state\"><classificationItem score=\"90\"><classCode>GS007</classCode><className>VICTORIA, AUSTRALIA</className><classCode/><className/></classificationItem></classification><classification classificationScheme=\"country\"><classificationItem score=\"95\"><classCode>GC311</classCode><className>SINGAPORE</className><classCode/><className/></classificationItem><classificationItem score=\"91\"><classCode>GC301</classCode><className>AUSTRALIA</className><classCode/><className/></classificationItem></classification></classificationGroup></metadata></articleDoc></content></entry>"}