{"prediction_class": "Regulatory Breaches Tax Evasion Smuggling of goods", "prediction_score": "0.67", "name": "BlueScope", "title": "How the son of business royalty allegedly tried to be a cartel king", "published": "2019-08-31T00:00:00Z", "updated": "2020-11-16T00:55:05Z", "cleaned_article": "[TITLE] How the son of business royalty allegedly tried to be a cartel king [TITLE] \n\nAustralia's biggest steelmaker finds itself in alleged cartel crosshairs and right in the firing line is Jason Ellis who is the son of a former BHP chairman. It is kind of ironic that the executive at the centre of an alleged steel price fixing case being brought by the Australian Competition and Consumer Commission, Jason Ellis, was otherwise best known as a campaigner against Asian steelmakers dumping cheap steel on Australian shores and distorting the market. It was in early 2015 that Ellis, as head of sales and marketing at Australia's largest steelmaker BlueScope, had joined with another large steel supplier OneSteel to beat the drums in the hallways of Canberra seeking to beef up anti-dumping laws that were enabling an oversupply of steel from Asia to be sold onto the Australian market at rock bottom prices. With Australian steel makers unable to compete, the flood of offshore steel was decimating the profits of local producers. For his part Ellis was the perfect lobbying candidate. Growing up as the son of corporate royalty Jerry Ellis, the former chairman of BHP, Jason Ellis would have felt comfortable in the corridors of power.During Jerry Ellis' time at BHP the company which is now BlueScope had been a major part of what was then BHP's steel division.What the politicians nor the media knew back in 2015 was that Ellis and small team of others inside BlueScope had in the previous year been engaged in their own attempt to distort the price of steel, according to allegations made by the ACCC.More particularly the ACCC is alleging that BlueScope and Jason Ellis attempted to induce agreements with BlueScope's competitors, to fix and/or raise the level of pricing for flat steel products supplied in Australia between 2013 and 2014.For the regulator the civil action it announced on Friday was a desperate attempt to get the matter before the courts before it hit the six-year limitation on civil matters. BlueScope said it planned to defend the case and had conducted an internal investigation into the allegations.Jason Ellis has not formally responded to the allegations. But the ACCC is also in discussions with the Commonwealth Director of Public Prosecutions about pursuing criminal charges. The wording of the statement from ACCC suggests that Jason Ellis attempted to draw competitors into a cartel but was unsuccessful.It follows that the actions were brought to light by a whistleblower from one of the steelmakers that Jason Ellis or BlueScope approached.The BlueScope board was only made aware of the allegations in 2017 when it was served with notices by the ACCC and immediately conducted its own internal and legal investigation and concluded that \"we do not believe that BlueScope or any current or former employees have engaged in cartel conduct\". However, the statement from the company says that it has not seen all the evidence that the ACCC has relied upon.Jason Ellis left BlueScope in 2017 and the company maintains his departure was not related to the cartel accusations. Without access to the details of the ACCC's evidence it is difficult to evaluate the strength of its case.From BlueScope's perspective the taint of cartel would be highly embarrassing. Its staff are supposed to operate under what it refers to as a behavioural 'bond\" and states in its annual report that rigorous systems are in place to report and investigate any cases of misconduct. The ACCC investigation was referred to in both its 2017 and 2018 annual reports. Traditionally big cartel actions are the Rolls Royce of actions for the ACCC. They are often high profile and traverse large companies. The freight cartel and the concrete cartel are notable examples.\"BlueScope is the major manufacturer of flat steel products in Australia. Flat steel products are an essential material in a number of important sectors of the Australian economy, including the construction, building, manufacturing, automotive and transport industries,\" ACCC chairman Rod Sims said. Having a former BHP chairman's son in the mix further magnifies the headline appeal. In June 2013, just months before he was alleged to have engaged in price fixing, Jason Ellis was interviewed for the Company Director magazine - published by the august Australian Institute of Company Directors.", "raw_cleaned_article": "<h2>How the son of business royalty allegedly tried to be a cartel king</h2><p>Australia's biggest steelmaker finds itself in alleged cartel crosshairs and right in the firing line is Jason Ellis who is the son of a former BHP chairman. It is kind of ironic that the executive at the centre of an alleged steel price fixing case being brought by the Australian Competition and Consumer Commission, Jason Ellis, was otherwise best known as a campaigner against Asian steelmakers dumping cheap steel on Australian shores and distorting the market. <b>It was in early 2015 that Ellis, as head of sales and marketing at Australia's largest steelmaker BlueScope, had joined with another large steel supplier OneSteel to beat the drums in the hallways of Canberra seeking to beef up anti-dumping laws that were enabling an oversupply of steel from Asia to be sold onto the Australian market at rock bottom prices.</b> With Australian steel makers unable to compete, the flood of offshore steel was decimating the profits of local producers. For his part Ellis was the perfect lobbying candidate. Growing up as the son of corporate royalty Jerry Ellis, the former chairman of BHP, Jason Ellis would have felt comfortable in the corridors of power.</p><p>[...]</p><p>Australia's biggest steelmaker finds itself in alleged cartel crosshairs and right in the firing line is Jason Ellis who is the son of a former BHP chairman. <b>During Jerry Ellis' time at BHP the company which is now BlueScope had been a major part of what was then BHP's steel division.</b><b>What the politicians nor the media knew back in 2015 was that Ellis and small team of others inside BlueScope had in the previous year been engaged in their own attempt to distort the price of steel, according to allegations made by the ACCC.</b><b>More particularly the ACCC is alleging that BlueScope and Jason Ellis attempted to induce agreements with BlueScope's competitors, to fix and/or raise the level of pricing for flat steel products supplied in Australia between 2013 and 2014.</b><b>For the regulator the civil action it announced on Friday was a desperate attempt to get the matter before the courts before it hit the six-year limitation on civil matters. BlueScope said it planned to defend the case and had conducted an internal investigation into the allegations.Jason Ellis has not formally responded to the allegations.</b> But the ACCC is also in discussions with the Commonwealth Director of Public Prosecutions about pursuing criminal charges. The wording of the statement from ACCC suggests that Jason Ellis attempted to draw competitors into a cartel but was unsuccessful.<b>It follows that the actions were brought to light by a whistleblower from one of the steelmakers that Jason Ellis or BlueScope approached.</b><b>The BlueScope board was only made aware of the allegations in 2017 when it was served with notices by the ACCC and immediately conducted its own internal and legal investigation and concluded that \"we do not believe that BlueScope or any current or former employees have engaged in cartel conduct\".</b> However, the statement from the company says that it has not seen all the evidence that the ACCC has relied upon.<b>Jason Ellis left BlueScope in 2017 and the company maintains his departure was not related to the cartel accusations.</b> Without access to the details of the ACCC's evidence it is difficult to evaluate the strength of its case.<b>From BlueScope's perspective the taint of cartel would be highly embarrassing. Its staff are supposed to operate under what it refers to as a behavioural 'bond\" and states in its annual report that rigorous systems are in place to report and investigate any cases of misconduct.</b> The ACCC investigation was referred to in both its 2017 and 2018 annual reports. Traditionally big cartel actions are the Rolls Royce of actions for the ACCC. They are often high profile and traverse large companies. The freight cartel and the concrete cartel are notable examples.<b>\"BlueScope is the major manufacturer of flat steel products in Australia. Flat steel products are an essential material in a number of important sectors of the Australian economy, including the construction, building, manufacturing, automotive and transport industries,\" ACCC chairman Rod Sims said.</b> Having a former BHP chairman's son in the mix further magnifies the headline appeal. In June 2013, just months before he was alleged to have engaged in price fixing, Jason Ellis was interviewed for the Company Director magazine - published by the august Australian Institute of Company Directors.</p>", "original_content": "<entry xmlns=\"http://www.w3.org/2005/Atom\"><id>urn:contentItem:5WXW-2GH1-JBJ7-N0B7-00000-00</id><title>How the son of business royalty allegedly tried to be a cartel king</title><published>2019-08-31T00:00:00Z</published><updated>2020-11-16T00:55:05Z</updated><author><name>LexisNexis</name></author><content type=\"application/xml\"><!--Transformation version 1.23--><articleDoc xmlns=\"\" xmlns:xsi=\"http://www.w3.org/2001/XMLSchema-instance\" xsi:noNamespaceSchemaLocation=\"http://www.lexisnexis.com/xmlschemas/content/public/articledoc/1/\" schemaVersion=\"1.8\" xml:lang=\"en\"><articleDocHead><itemInfo/></articleDocHead><nitf:body xmlns:nitf=\"http://iptc.org/std/NITF/2006-10-18/\"><nitf:body.head><nitf:hedline><nitf:hl1>How the son of business royalty allegedly tried to be a cartel king</nitf:hl1></nitf:hedline><nitf:byline><author><person><nameText>Elizabeth Knight</nameText></person></author></nitf:byline><highlight><bodyText><p>Australia's biggest steelmaker finds itself in alleged cartel crosshairs and right in the firing line is Jason Ellis who is the son of a former BHP chairman.</p></bodyText></highlight></nitf:body.head><nitf:body.content><bodyText><p nitf:lede=\"true\">It is kind of ironic that the executive at the centre of an <url normalizedValue=\"https://www.smh.com.au/business/companies/accc-sues-bluescope-over-alleged-serious-cartel-behaviour-20190830-p52mb9.html\">alleged steel price fixing case</url> being brought by the Australian Competition and Consumer Commission, Jason Ellis, was otherwise best known as a campaigner against Asian steelmakers dumping cheap steel on Australian shores and distorting the market.</p><p nitf:lede=\"true\">It was in early 2015 that Ellis, as head of sales and marketing at Australia's largest steelmaker BlueScope, had joined with another large steel supplier OneSteel to beat the drums in the hallways of Canberra seeking to beef up anti-dumping laws that were enabling an oversupply of steel from Asia to be sold onto the Australian market at rock bottom prices.</p><p>With Australian steel makers unable to compete, the flood of offshore steel was decimating the profits of local producers.</p><p>For his part Ellis was the perfect lobbying candidate. Growing up as the son of corporate royalty Jerry Ellis, the former chairman of BHP, Jason Ellis would have felt comfortable in the corridors of power.</p><p>During Jerry Ellis' time at BHP the company which is now BlueScope had been a major part of what was then BHP's steel division.</p><p>What the politicians nor the media knew back in 2015 was that Ellis and small team of others inside BlueScope had in the previous year been engaged in their own attempt to distort the price of steel, according to allegations made by the ACCC.</p><p>More particularly the ACCC is alleging that BlueScope and Jason Ellis attempted to induce agreements with BlueScope's competitors, to fix and/or raise the level of pricing for flat steel products supplied in Australia between 2013 and 2014.</p><p>For the regulator the civil action it announced on Friday was a desperate attempt to get the matter before the courts before it hit the six-year limitation on civil matters. BlueScope said it planned to defend the case and had conducted an internal investigation into the allegations.Jason Ellis has not formally responded to the allegations.</p><p>But the ACCC is also in discussions with the Commonwealth Director of Public Prosecutions about pursuing criminal charges.</p><p>The wording of the statement from ACCC suggests that Jason Ellis attempted to draw competitors into a cartel but was unsuccessful.</p><p>It follows that the actions were brought to light by a whistleblower from one of the steelmakers that Jason Ellis or BlueScope approached.</p><p>The BlueScope board was only made aware of the allegations in 2017 when it was served with notices by the ACCC and immediately conducted its own internal and legal investigation and concluded that \"we do not believe that BlueScope or any current or former employees have engaged in cartel conduct\".</p><p>However, the statement from the company says that it has not seen all the evidence that the ACCC has relied upon.</p><p>Jason Ellis left BlueScope in 2017 and the company maintains his departure was not related to the cartel accusations.</p><p>Without access to the details of the ACCC's evidence it is difficult to evaluate the strength of its case.</p><p>From BlueScope's perspective the taint of cartel would be highly embarrassing. Its staff are supposed to operate under what it refers to as a behavioural 'bond\" and states in its annual report that rigorous systems are in place to report and investigate any cases of misconduct.</p><p>The ACCC investigation was referred to in both its 2017 and 2018 annual reports.</p><p>Traditionally big cartel actions are the Rolls Royce of actions for the ACCC. They are often high profile and traverse large companies. The freight cartel and the concrete cartel are notable examples.</p><p>Based on the allegations made by the regulator, this one is no exception.</p><p>\"BlueScope is the major manufacturer of flat steel products in Australia. Flat steel products are an essential material in a number of important sectors of the Australian economy, including the construction, building, manufacturing, automotive and transport industries,\" ACCC chairman Rod Sims said.</p><p>Having a former BHP chairman's son in the mix further magnifies the headline appeal.</p><p>In June 2013, just months before he was alleged to have engaged in price fixing, Jason Ellis was interviewed for the Company Director magazine - published by the august Australian Institute of Company Directors.</p><p>During the interview Ellis was questioned on ethics and transparency in Asia.</p><p>\"Ethics or transparency is still a huge problem in all ASEAN countries despite what the in-country press may say about improvements. Directors must maintain a rigorous stewardship approach, but more importantly, they should employ people they trust implicitly.</p><p>\"Giving into demands in the fear of losing business is just pure laziness.</p><p>\"If you make yourself known to be an ethically-based company in Asia, a company that will not engage in any bribery and corruption, people will leave you alone. But you do have to make it very transparent and so obvious so that people will not bother asking.\"</p><p>Only time will tell whether these words will come back to haunt Jason Ellis.</p></bodyText></nitf:body.content></nitf:body><metadata><dc:metadata xmlns:dc=\"http://purl.org/dc/elements/1.1/\"><dc:identifier identifierScheme=\"DOC-ID\">SYMRLD-1520174885</dc:identifier><dc:source sourceScheme=\"royaltyReportingKey\">SYMRLD2019</dc:source><dc:identifier identifierScheme=\"PGUID\">urn:contentItem:5WXW-2GH1-JBJ7-N0B7-00000-00</dc:identifier><dc:source sourceScheme=\"productContentSetIdentifier\">404053</dc:source><dc:date dateType=\"last-updated\">2019-08-30</dc:date></dc:metadata><wordCount number=\"823\"/><timeReceived>00:00 GMT</timeReceived><publicationInfo><copyright>Copyright 2019 Fairfax Media Publications Pty. Limited All Rights Reserved</copyright><publicationName>The Sydney Morning Herald (Australia) - Online</publicationName><publicationDate day=\"31\" month=\"08\" year=\"2019\"><dateText>August 31, 2019 Saturday</dateText></publicationDate><classification classificationScheme=\"publicationtype\"><classificationItem><className>Web Publication</className></classificationItem></classification><classification classificationScheme=\"publicationtype\"><classificationItem><className>Web-based Publications</className></classificationItem></classification></publicationInfo><classification classificationScheme=\"language\"><classificationItem classificationScheme=\"lang.english\"><className>ENGLISH</className></classificationItem></classification><classificationGroup classificationScheme=\"indexing-terms\"><classification classificationScheme=\"company\"><classificationItem score=\"56\"><classCode>CC00024OT</classCode><className>BHP BILLITON PLC</className></classificationItem></classification><classification classificationScheme=\"industry\"><classificationItem score=\"56\"><className>NAICS212299 ALL OTHER METAL ORE MINING</className></classificationItem><classificationItem score=\"56\"><className>NAICS212230 COPPER, NICKEL, LEAD, &amp; ZINC MINING</className></classificationItem><classificationItem score=\"56\"><className>NAICS212210 IRON ORE MINING</className></classificationItem><classificationItem score=\"56\"><className>SIC1021 COPPER ORES</className></classificationItem><classificationItem score=\"56\"><className>SIC1011 IRON ORES</className></classificationItem></classification><classification classificationScheme=\"ticker\"><classificationItem score=\"56\"><className>BLT (LSE)</className></classificationItem><classificationItem score=\"56\"><className>BIBLT (JSE)</className></classificationItem><classificationItem score=\"56\"><className>BBL (NYSE)</className></classificationItem></classification></classificationGroup><classificationGroup classificationScheme=\"licensor.indexing-terms\"><classification classificationScheme=\"licensor.subject\"><classificationItem><className>Business</className></classificationItem></classification></classificationGroup><classificationGroup classificationScheme=\"indexing-terms\"><classification classificationScheme=\"subject\"><classificationItem score=\"90\"><classCode>STX000261</classCode><className>CARTELS</className><classCode/><className/></classificationItem><classificationItem score=\"90\"><classCode>STX000974</classCode><className>IRON &amp; STEEL MARKETS</className><classCode/><className/></classificationItem><classificationItem score=\"90\"><classCode>ST0009QD4</classCode><className>NEGATIVE BUSINESS NEWS</className><classCode/><className/></classificationItem><classificationItem score=\"90\"><classCode>ST0009FJK</classCode><className>NEGATIVE PERSONAL NEWS</className><classCode/><className/></classificationItem><classificationItem score=\"90\"><classCode>STX001375</classCode><className>PRICE FIXING</className><classCode/><className/></classificationItem><classificationItem score=\"90\"><classCode>STX001485</classCode><className>RESTRAINT OF TRADE</className><classCode>Z3VpZD11cm46dG9waWM6Nzc5QTM2RDA2QTExNDg4Njk3MzJEQzkzODM4REJENEE7cGFyZW50Z3VpZD11cm46dG9waWM6NDA2NTZCMDc0RDA0NDBCOEFFMjA0NTg1QTBGMjM3NTQ</classCode><className>Price Fixing &amp; Restraints of Trade</className></classificationItem><classificationItem score=\"89\"><classCode>STX000100</classCode><className>ANTITRUST &amp; TRADE LAW</className><classCode>Z3VpZD11cm46dG9waWM6REEyRTNDM0JGQzYyNEMyOEFGNTAwNUJEOUU1MDg4NjU7cGFyZW50Z3VpZD0</classCode><className>Antitrust &amp; Trade Law</className></classificationItem><classificationItem score=\"89\"><classCode>ST0008X57</classCode><className>CONSUMER LAW</className><classCode>Z3VpZD11cm46dG9waWM6RDJBNDY2Rjc3Mzk4NDI3NUJDOTlCQTRCNzE2M0IwRTU7cGFyZW50Z3VpZD11cm46dG9waWM6REEyRTNDM0JGQzYyNEMyOEFGNTAwNUJEOUU1MDg4NjU</classCode><className>Consumer Protection</className></classificationItem><classificationItem score=\"89\"><classCode>STX000969</classCode><className>INVESTIGATIONS</className><classCode/><className/></classificationItem><classificationItem score=\"89\"><classCode>ST000DIJW</classCode><className>PRICES</className><classCode/><className/></classificationItem><classificationItem score=\"78\"><classCode>ST000DH0Q</classCode><className>AGREEMENTS</className><classCode/><className/></classificationItem><classificationItem score=\"78\"><classCode>STX001932</classCode><className>CRIME, LAW ENFORCEMENT &amp; CORRECTIONS</className><classCode/><className/></classificationItem><classificationItem score=\"78\"><classCode>ST000D4JV</classCode><className>CRIMINAL INVESTIGATIONS</className><classCode/><className/></classificationItem><classificationItem score=\"78\"><classCode>ST000DB1X</classCode><className>INTERNAL INVESTIGATIONS</className><classCode/><className/></classificationItem><classificationItem score=\"78\"><classCode>ST000CP97</classCode><className>PRODUCT PRICING</className><classCode/><className/></classificationItem><classificationItem score=\"78\"><classCode>ST0008XJY</classCode><className>SALES &amp; SELLING</className><classCode/><className/></classificationItem><classificationItem score=\"78\"><classCode>ST000D1CF</classCode><className>WHISTLEBLOWERS</className><classCode/><className/></classificationItem><classificationItem score=\"73\"><classCode>STX001648</classCode><className>SUITS &amp; CLAIMS</className><classCode/><className/></classificationItem><classificationItem score=\"72\"><classCode>STX000098</classCode><className>ANTIDUMPING LAWS</className><classCode>Z3VpZD11cm46dG9waWM6RUNCNkE3MkFENkJBNEM4MEFCQkVDODk4RTY4MTUzRjk7cGFyZW50Z3VpZD11cm46dG9waWM6QUQwOThCQjVCQzk4NEU4NUIzQUQ1RUVBNTExRDhCQzM</classCode><className>Antidumping</className></classificationItem><classificationItem score=\"70\"><classCode>STX001040</classCode><className>LITIGATION</className><classCode/><className/></classificationItem><classificationItem score=\"62\"><classCode>N922130TM</classCode><className>PUBLIC PROSECUTORS</className><classCode/><className/></classificationItem></classification><classification classificationScheme=\"industry\"><classificationItem score=\"91\"><classCode>N331111MM</classCode><className>IRON &amp; STEEL MILLS</className><classCode/><className/></classificationItem><classificationItem score=\"90\"><classCode>N212234IM</classCode><className>COPPER MINING</className><classCode/><className/></classificationItem><classificationItem score=\"90\"><classCode>STX000973</classCode><className>IRON &amp; STEEL INDUSTRY</className><classCode/><className/></classificationItem><classificationItem score=\"90\"><classCode>STX000974</classCode><className>IRON &amp; STEEL MARKETS</className><classCode/><className/></classificationItem><classificationItem score=\"90\"><classCode>N212231MM</classCode><className>LEAD &amp; ZINC MINING</className><classCode/><className/></classificationItem><classificationItem score=\"90\"><classCode>N212200CC</classCode><className>METAL ORE MINING</className><classCode/><className/></classificationItem><classificationItem score=\"90\"><classCode>ST0008X7V</classCode><className>MINES &amp; MINING</className><classCode/><className/></classificationItem><classificationItem score=\"90\"><classCode>N212234OM</classCode><className>NICKEL MINING</className><classCode/><className/></classificationItem><classificationItem score=\"90\"><classCode>N331400CC</classCode><className>NONFERROUS METAL PRODUCTION</className><classCode/><className/></classificationItem><classificationItem score=\"90\"><classCode>STX001375</classCode><className>PRICE FIXING</className><classCode/><className/></classificationItem><classificationItem score=\"78\"><classCode>ST000CP97</classCode><className>PRODUCT PRICING</className><classCode/><className/></classificationItem></classification><classification classificationScheme=\"city\"><classificationItem score=\"88\"><classCode>GX014</classCode><className>SYDNEY, AUSTRALIA</className><classCode/><className/></classificationItem><classificationItem score=\"73\"><classCode>GX013</classCode><className>CANBERRA, AUSTRALIA</className><classCode/><className/></classificationItem></classification><classification classificationScheme=\"state\"><classificationItem score=\"73\"><classCode>GS006</classCode><className>AUSTRALIAN CAPITAL TERRITORY</className><classCode/><className/></classificationItem></classification><classification classificationScheme=\"country\"><classificationItem score=\"97\"><classCode>GC301</classCode><className>AUSTRALIA</className><classCode/><className/></classificationItem></classification></classificationGroup></metadata></articleDoc></content></entry>"}