{"prediction_class": "Regulatory Breaches Tax Evasion Smuggling of goods", "prediction_score": "0.95", "name": "BlueScope", "title": "Former BlueScope Steel exec pleads guilty to obstructing Australian cartel probe", "published": "2020-09-02T00:00:00Z", "updated": "2020-11-16T01:08:29Z", "cleaned_article": "[TITLE] Former BlueScope Steel exec pleads guilty to obstructing Australian cartel probe [TITLE] \n\nJason Ellis pleaded guilty to inciting two fellow employees to give false information and evidence to Australia's competition regulator about discussions in meetings with certain steel companies. BlueScope Steel Ltd.'s former general manager of sales and marketing, Jason Ellis, pleaded guilty to obstructing a cartel investigation, the Australian Competition and Consumer Commission said Sept. 1. Ellis pleaded guilty to inciting two fellow employees to give false information and evidence to the commission, or ACCC, about discussions in meetings with certain steel companies. The matters were rolled into one obstruction charge as part of Ellis' guilty plea, which was accepted by the court, the ACCC said.", "raw_cleaned_article": "<h2>Former BlueScope Steel exec pleads guilty to obstructing Australian cartel probe</h2><p>Jason Ellis pleaded guilty to inciting two fellow employees to give false information and evidence to Australia's competition regulator about discussions in meetings with certain steel companies. <b>BlueScope Steel Ltd.'s former general manager of sales and marketing, Jason Ellis, pleaded guilty to obstructing a cartel investigation, the Australian Competition and Consumer Commission said Sept. 1.</b> Ellis pleaded guilty to inciting two fellow employees to give false information and evidence to the commission, or ACCC, about discussions in meetings with certain steel companies. The matters were rolled into one obstruction charge as part of Ellis' guilty plea, which was accepted by the court, the ACCC said.</p>", "original_content": "<entry xmlns=\"http://www.w3.org/2005/Atom\"><id>urn:contentItem:60RY-37V1-JDVW-N2TV-00000-00</id><title>Former BlueScope Steel exec pleads guilty to obstructing Australian cartel probe</title><published>2020-09-02T00:00:00Z</published><updated>2020-11-16T01:08:29Z</updated><author><name>LexisNexis</name></author><content type=\"application/xml\"><!--Transformation version 1.23--><articleDoc xmlns=\"\" xmlns:xsi=\"http://www.w3.org/2001/XMLSchema-instance\" xsi:noNamespaceSchemaLocation=\"http://www.lexisnexis.com/xmlschemas/content/public/articledoc/1/\" schemaVersion=\"1.8\" xml:lang=\"en\"><articleDocHead><itemInfo/></articleDocHead><nitf:body xmlns:nitf=\"http://iptc.org/std/NITF/2006-10-18/\"><nitf:body.head><nitf:hedline><nitf:hl1>Former BlueScope Steel exec pleads guilty to obstructing Australian cartel probe</nitf:hl1></nitf:hedline><nitf:byline><author><person><nameText>Fawad Mir</nameText></person></author></nitf:byline><highlight><bodyText><p>Jason Ellis pleaded guilty to inciting two fellow employees to give false information and evidence to Australia's competition regulator about discussions in meetings with certain steel companies.</p></bodyText></highlight></nitf:body.head><nitf:body.content><bodyText><p nitf:lede=\"true\">BlueScope Steel Ltd.'s former general manager of sales and marketing, Jason Ellis, pleaded guilty to obstructing a cartel investigation, the Australian Competition and Consumer Commission said Sept. 1.</p><p>Ellis pleaded guilty to inciting two fellow employees to give false information and evidence to the commission, or ACCC, about discussions in meetings with certain steel companies.</p><p>The matters were rolled into one obstruction charge as part of Ellis' guilty plea, which was accepted by the court, the ACCC said.</p><p>The matter is scheduled for a sentencing hearing in the local court Dec. 8.</p><p>The ACCC previously alleged that BlueScope CEO and Managing Director Mark Vassella received regular briefings about Ellis' plans to fix steel prices.</p><p>Meanwhile, separate civil cartel proceedings the ACCC filed against BlueScope and Ellis remain before the federal court.</p><p>The ACCC kicked off civil proceedings in the federal court in August 2019, claiming that between September 2013 and June 2014, BlueScope and Ellis tried to get various steel distributors in Australia and overseas manufacturers to enter into agreements containing a price-fixing provision.</p></bodyText></nitf:body.content></nitf:body><metadata><dc:metadata xmlns:dc=\"http://purl.org/dc/elements/1.1/\"><dc:identifier identifierScheme=\"DOC-ID\">SNLMMD-60160478</dc:identifier><dc:source sourceScheme=\"royaltyReportingKey\">SNLMMD2020</dc:source><dc:identifier identifierScheme=\"PGUID\">urn:contentItem:60RY-37V1-JDVW-N2TV-00000-00</dc:identifier><dc:source sourceScheme=\"productContentSetIdentifier\">411400</dc:source><dc:date dateType=\"last-updated\">2020-09-04</dc:date></dc:metadata><wordCount number=\"190\"/><publicationInfo><copyright>Copyright 2020 SNL Financial LC All Rights Reserved</copyright><publicationName>SNL Metals &amp; Mining Daily: East Edition</publicationName><publicationDate day=\"02\" month=\"09\" year=\"2020\"><dateText>September 2, 2020 Wednesday</dateText></publicationDate><classification classificationScheme=\"publicationtype\"><classificationItem><className>Newsletter</className></classificationItem></classification><classification classificationScheme=\"publicationtype\"><classificationItem><className>Newsletters</className></classificationItem></classification></publicationInfo><classification classificationScheme=\"language\"><classificationItem classificationScheme=\"lang.english\"><className>ENGLISH</className></classificationItem></classification><classificationGroup classificationScheme=\"indexing-terms\"><classification classificationScheme=\"company\"><classificationItem score=\"96\"><classCode>CC00091JX</classCode><className>BLUESCOPE STEEL LTD</className></classificationItem></classification><classification classificationScheme=\"industry\"><classificationItem score=\"96\"><className>NAICS332312 FABRICATED STRUCTURAL METAL MANUFACTURING</className></classificationItem><classificationItem score=\"96\"><className>NAICS331110 IRON &amp; STEEL MILLS &amp; FERROALLOY MANUFACTURING</className></classificationItem><classificationItem score=\"96\"><className>SIC3441 FABRICATED STRUCTURAL METAL</className></classificationItem><classificationItem score=\"96\"><className>SIC3312 STEEL WORKS, BLAST FURNACES (INCLUDING COKE OVENS) &amp; ROLLING MILLS</className></classificationItem></classification><classification classificationScheme=\"ticker\"><classificationItem score=\"96\"><className>BSL (ASX)</className></classificationItem></classification></classificationGroup><classificationGroup classificationScheme=\"licensor.indexing-terms\"><classification classificationScheme=\"licensor.subject\"><classificationItem><className>Regulatory Activity</className></classificationItem></classification></classificationGroup><classificationGroup classificationScheme=\"indexing-terms\"><classification classificationScheme=\"legal\"><classificationItem><className>Antitrust &amp; Trade Law</className><classCode>Z3VpZD11cm46dG9waWM6REEyRTNDM0JGQzYyNEMyOEFGNTAwNUJEOUU1MDg4NjU7cGFyZW50Z3VpZD0</classCode><classificationItem score=\"50\"><className>Price Fixing</className><classCode>Z3VpZD11cm46dG9waWM6MTJDRTQ3OEQ4MDEyNDgzMTk2MEEyMEY1QjU5MDZCRjc7cGFyZW50Z3VpZD11cm46dG9waWM6OTg4N0FCQ0NGODkzNDBBOUE3ODEyODk5OUNGNDA1NTc</classCode></classificationItem></classificationItem><classificationItem><className>Criminal Law &amp; Procedure</className><classCode>Z3VpZD11cm46dG9waWM6NEU0RkE1OUQwNUQwNDgxODhEODZCMjkzOTg3NThBNzk7cGFyZW50Z3VpZD0</classCode><classificationItem score=\"78\"><className>General Overview</className><classCode>Z3VpZD11cm46dG9waWM6RTZFMUVGRDEzNDM0NERCN0I2Q0E3NEEwNTE2MkNGNzM7cGFyZW50Z3VpZD11cm46dG9waWM6OUFCRjAwOERDM0JGNDQ4QjhEODU0MDYxOUE3QUY2RjM</classCode></classificationItem></classificationItem></classification><classification classificationScheme=\"subject\"><classificationItem score=\"96\"><classCode>ST0009FJK</classCode><className>NEGATIVE PERSONAL NEWS</className><classCode/><className/></classificationItem><classificationItem score=\"94\"><classCode>ST000A4JJ</classCode><className>GUILTY PLEAS</className><classCode>Z3VpZD11cm46dG9waWM6OUFCRjAwOERDM0JGNDQ4QjhEODU0MDYxOUE3QUY2RjM7cGFyZW50Z3VpZD11cm46dG9waWM6Qjc1MDBENkU0ODJCNDQ5MzkxNEFERjkzQTYwODQzRDA</classCode><className>Guilty Pleas</className></classificationItem><classificationItem score=\"91\"><classCode>ST00000891</classCode><className>OBSTRUCTION OF JUSTICE</className><classCode>Z3VpZD11cm46dG9waWM6RUZCQjlBMDNEMTM0NEUwM0IzREQwNkJDNEQ5OUNGMEE7cGFyZW50Z3VpZD11cm46dG9waWM6RTBDRTRDODBEMDhCNDQyRDlGQTAzNUFFRjVEMTAwNTI</classCode><className>General Overview</className></classificationItem><classificationItem score=\"90\"><classCode>STX000261</classCode><className>CARTELS</className><classCode/><className/></classificationItem><classificationItem score=\"90\"><classCode>ST000DANR</classCode><className>FALSE STATEMENTS</className><classCode/><className/></classificationItem><classificationItem score=\"90\"><classCode>STX000969</classCode><className>INVESTIGATIONS</className><classCode/><className/></classificationItem><classificationItem score=\"90\"><classCode>N922110CC</classCode><className>LAW COURTS &amp; TRIBUNALS</className><classCode/><className/></classificationItem><classificationItem score=\"90\"><classCode>STX001066</classCode><className>MANAGERS &amp; SUPERVISORS</className><classCode/><className/></classificationItem><classificationItem score=\"90\"><classCode>ST000DMT1</classCode><className>PATENT COURTS</className><classCode/><className/></classificationItem><classificationItem score=\"90\"><classCode>ST00096T1</classCode><className>SALES MANAGEMENT</className><classCode/><className/></classificationItem><classificationItem score=\"90\"><classCode>STX001669</classCode><className>TALKS &amp; MEETINGS</className><classCode/><className/></classificationItem><classificationItem score=\"78\"><classCode>STX000974</classCode><className>IRON &amp; STEEL MARKETS</className><classCode/><className/></classificationItem><classificationItem score=\"78\"><classCode>ST0009QD4</classCode><className>NEGATIVE BUSINESS NEWS</className><classCode/><className/></classificationItem><classificationItem score=\"78\"><classCode>STX001375</classCode><className>PRICE FIXING</className><classCode/><className/></classificationItem><classificationItem score=\"78\"><classCode>ST000DIJW</classCode><className>PRICES</className><classCode/><className/></classificationItem><classificationItem score=\"78\"><classCode>ST0009898</classCode><className>TRADE PRACTICES &amp; UNFAIR COMPETITION LAW</className><classCode>Z3VpZD11cm46dG9waWM6NzQ3MDU0RjhCMjdENDRDOTg0MjMxNUVEMkJCNjg2ODM7cGFyZW50Z3VpZD11cm46dG9waWM6NDA2NTZCMDc0RDA0NDBCOEFFMjA0NTg1QTBGMjM3NTQ</classCode><className>Trade Practices &amp; Unfair Competition</className></classificationItem><classificationItem score=\"73\"><classCode>STX000037</classCode><className>AGENCY RULEMAKING</className><classCode>Z3VpZD11cm46dG9waWM6QkRFNDkwODkxNDVGNDI1NDg0RUU3RjREMTgwNEJEQzA7cGFyZW50Z3VpZD11cm46dG9waWM6NjMxMjc0MUIzQjkzNEM4MEI4NkZGQjVCREJCRDk4OUM</classCode><className>Agency Rulemaking</className></classificationItem><classificationItem score=\"73\"><classCode>ST000DH0Q</classCode><className>AGREEMENTS</className><classCode/><className/></classificationItem><classificationItem score=\"71\"><classCode>STX001550</classCode><className>SENTENCING</className><classCode>Z3VpZD11cm46dG9waWM6MUIzQ0NGRDZERUU3NERCODg2MEZFMDI2RTI0RTA3RTc7cGFyZW50Z3VpZD11cm46dG9waWM6NEU0RkE1OUQwNUQwNDgxODhEODZCMjkzOTg3NThBNzk</classCode><className>Sentencing</className></classificationItem></classification><classification classificationScheme=\"industry\"><classificationItem score=\"93\"><classCode>STX000973</classCode><className>IRON &amp; STEEL INDUSTRY</className><classCode/><className/></classificationItem><classificationItem score=\"92\"><classCode>STX002014</classCode><className>MANUFACTURING</className><classCode/><className/></classificationItem><classificationItem score=\"90\"><classCode>N331111MM</classCode><className>IRON &amp; STEEL MILLS</className><classCode/><className/></classificationItem><classificationItem score=\"90\"><classCode>N331000CC</classCode><className>PRIMARY METAL MFG</className><classCode/><className/></classificationItem><classificationItem score=\"90\"><classCode>N331220CC</classCode><className>STEEL ROLLING &amp; DRAWING</className><classCode/><className/></classificationItem><classificationItem score=\"78\"><classCode>STX000974</classCode><className>IRON &amp; STEEL MARKETS</className><classCode/><className/></classificationItem><classificationItem score=\"78\"><classCode>N210000CC</classCode><className>MINING &amp; EXTRACTION</className><classCode/><className/></classificationItem><classificationItem score=\"78\"><classCode>STX001375</classCode><className>PRICE FIXING</className><classCode/><className/></classificationItem><classificationItem score=\"77\"><classCode>N331112MM</classCode><className>FERROALLOY PRODUCT MFG</className><classCode/><className/></classificationItem><classificationItem score=\"73\"><classCode>N423500CC</classCode><className>METALS &amp; MINERALS WHOLESALERS</className><classCode/><className/></classificationItem></classification><classification classificationScheme=\"country\"><classificationItem score=\"92\"><classCode>GC301</classCode><className>AUSTRALIA</className><classCode/><className/></classificationItem></classification></classificationGroup></metadata></articleDoc></content></entry>"}