{"prediction_class": "Regulatory Breaches Tax Evasion Smuggling of goods", "prediction_score": "0.66", "name": "CSL Limited", "title": "CSL to face new plaintiff in US", "published": "2009-08-24T00:00:00Z", "updated": "2020-11-15T22:29:11Z", "cleaned_article": "[TITLE] CSL to face new plaintiff in US [TITLE] \n\nLast month a small publicly owned hospital in the US state of Missouri initiated a class action lawsuit against CSL, Australia's biggest health-care company, and Baxter, claiming a conspiracy to fix the prices of plasma products. Lawyers for Pemiscot Memorial Hospital in Missouri alleged CSL and Baxter had illegal agreements to restrict supply and push up prices through co-ordinating their individual output. CSL Behring has been served, although parent company CSL Limited is yet to be served by plaintiff lawyers. The two litigants, Solaris and Pemiscot, are now thrashing out which one should take the lead in the suit. Pemiscot is seeking unspecified damages. Both are relying heavily on statements and untested findings of the US Federal Trade Commission made in June when the regulator blocked CSL's $US3.1 billion ($A3.7 billion) takeover bid for Talecris Biotherapeutics. At the time the FTC claimed that CSL, Talecris and Baxter operated as a \"tight oligopoly\" and had learnt they could maximise profits if each company did its part to pull back on supply to avoid driving prices lower.", "raw_cleaned_article": "<h2>CSL to face new plaintiff in US</h2><p>Last month a small publicly owned hospital in the US state of Missouri initiated a class action lawsuit against CSL, Australia's biggest health-care company, and Baxter, claiming a conspiracy to fix the prices of plasma products. Lawyers for Pemiscot Memorial Hospital in Missouri alleged CSL and Baxter had illegal agreements to restrict supply and push up prices through co-ordinating their individual output. <b>CSL Behring has been served, although parent company CSL Limited is yet to be served by plaintiff lawyers. The two litigants, Solaris and Pemiscot, are now thrashing out which one should take the lead in the suit. Pemiscot is seeking unspecified damages.</b> Both are relying heavily on statements and untested findings of the US Federal Trade Commission made in June when the regulator blocked CSL's $US3.1 billion ($A3.7 billion) takeover bid for Talecris Biotherapeutics. At the time the FTC claimed that CSL, Talecris and Baxter operated as a \"tight oligopoly\" and had learnt they could maximise profits if each company did its part to pull back on supply to avoid driving prices lower.</p>", "original_content": "<entry xmlns=\"http://www.w3.org/2005/Atom\"><id>urn:contentItem:7WFM-DFC0-YB64-401R-00000-00</id><title>CSL to face new plaintiff in US</title><published>2009-08-24T00:00:00Z</published><updated>2020-11-15T22:29:11Z</updated><author><name>LexisNexis</name></author><content type=\"application/xml\"><!--Transformation version 1.23--><articleDoc xmlns=\"\" xmlns:xsi=\"http://www.w3.org/2001/XMLSchema-instance\" xsi:noNamespaceSchemaLocation=\"http://www.lexisnexis.com/xmlschemas/content/public/articledoc/1/\" schemaVersion=\"1.8\" xml:lang=\"en\"><articleDocHead><itemInfo><sourceSectionInfo><positionSection>BUSINESS</positionSection><positionSequence>Pg. 1</positionSequence></sourceSectionInfo></itemInfo></articleDocHead><nitf:body xmlns:nitf=\"http://iptc.org/std/NITF/2006-10-18/\"><nitf:body.head><nitf:hedline><nitf:hl1>CSL to face new plaintiff in US</nitf:hl1></nitf:hedline><nitf:byline><author><person><nameText>ELI GREENBLAT, HEALTH-CARE REPORTER</nameText></person></author></nitf:byline></nitf:body.head><nitf:body.content><bodyText><p nitf:lede=\"true\">THE price-fixing case against blood plasma company CSL and its main competitor Baxter International has widened after a second litigant in the US launched court action against the duo alleging cartel behaviour in the provision of key life-saving therapies.</p><p>Solaris Health System, which operates JFK Medical Centre \u00e2\u20ac\u201d inpatient and outpatient rehabilitation centres, nursing and convalescent facilities \u00e2\u20ac\u201d has lodged documents with the Eastern District of Pennsylvania court citing the cause as \"antitrust litigation\".</p><p>The documents name CSL, its key plasma business CSL Behring and Baxter as the defendants.</p><p>Last month a small publicly owned hospital in the US state of Missouri initiated a class action lawsuit against CSL, Australia's biggest health-care company, and Baxter, claiming a conspiracy to fix the prices of plasma products.</p><p>Lawyers for Pemiscot Memorial Hospital in Missouri alleged CSL and Baxter had illegal agreements to restrict supply and push up prices through co-ordinating their individual output.</p><p>CSL Behring has been served, although parent company CSL Limited is yet to be served by plaintiff lawyers. The two litigants, Solaris and Pemiscot, are now thrashing out which one should take the lead in the suit. Pemiscot is seeking unspecified damages.</p><p>Both are relying heavily on statements and untested findings of the US Federal Trade Commission made in June when the regulator blocked CSL's $US3.1 billion ($A3.7 billion) takeover bid for Talecris Biotherapeutics.</p><p>At the time the FTC claimed that CSL, Talecris and Baxter operated as a \"tight oligopoly\" and had learnt they could maximise profits if each company did its part to pull back on supply to avoid driving prices lower.</p><p>However, these allegations were never tested in court and the FTC has not produced evidence to back up its claims against CSL and the blood plasma industry.</p><p>A spokeswoman for CSL said the case had no merit and would be defended vigorously. CSL has also stated that public statements by the FTC in June were \"designed to ensure that the merger did not go ahead\" and there was no legal basis to suppose any wrongdoing on the part of CSL.</p><p>Last week CSL unveiled a 63 per cent rise in 2008-09 profit to $1.15 billion, as total revenue jumped 32 per cent to $5.04 billion. The result was bolstered by a $157 million foreign exchange gain on the conversion back to Australian dollars of $US1.5 billion in funds held on deposit offshore for the planned takeover of Talecris.</p><p>CSL Behring increased product sales by 38 per cent to $3.7 billion, or 17 per cent in constant currency terms.</p></bodyText></nitf:body.content><nitf:body.end><graphic><nitf:media><caption><p>TABLE. SOURCE: COURT RECORDS</p></caption></nitf:media></graphic></nitf:body.end></nitf:body><metadata><dc:metadata xmlns:dc=\"http://purl.org/dc/elements/1.1/\"><dc:identifier identifierScheme=\"DOC-ID\">5qnvafgln7ohkizhf8p</dc:identifier><dc:source sourceScheme=\"royaltyReportingKey\">AGEMLB2009</dc:source><dc:identifier identifierScheme=\"PGUID\">urn:contentItem:7WFM-DFC0-YB64-401R-00000-00</dc:identifier><dc:source sourceScheme=\"productContentSetIdentifier\">314239</dc:source><dc:date dateType=\"last-updated\">2013-02-28</dc:date></dc:metadata><wordCount number=\"429\"/><publicationInfo><copyright>Copyright 2009 The Age Company Limited All Rights Reserved</copyright><publicationName>The Age (Melbourne, Australia)</publicationName><edition>First Edition</edition><publicationDate day=\"24\" month=\"08\" year=\"2009\"><dateText>August 24, 2009 Monday</dateText></publicationDate><classification classificationScheme=\"publicationtype\"><classificationItem><className>Newspaper</className></classificationItem></classification><classification classificationScheme=\"publicationtype\"><classificationItem><className>Newspapers</className></classificationItem></classification></publicationInfo><classification classificationScheme=\"language\"><classificationItem classificationScheme=\"lang.english\"><className>ENGLISH</className></classificationItem></classification><classificationGroup classificationScheme=\"indexing-terms\"><classification classificationScheme=\"legal\"><classificationItem><className>Antitrust &amp; Trade Law</className><classCode>Z3VpZD11cm46dG9waWM6REEyRTNDM0JGQzYyNEMyOEFGNTAwNUJEOUU1MDg4NjU7cGFyZW50Z3VpZD0</classCode><classificationItem score=\"50\"><className>Discretion</className><classCode>Z3VpZD11cm46dG9waWM6RjdERjFENTBEOTdDNENFRjk5ODNBRUJDM0MwRjc4MzM7cGFyZW50Z3VpZD11cm46dG9waWM6RUU1OTEyOTNEQ0U4NEQ1RkEwMkU0MzZCQkE0QjBBOTA</classCode></classificationItem></classificationItem></classification><classification classificationScheme=\"subject\"><classificationItem score=\"92\"><classCode>STX001375</classCode><className>PRICE FIXING</className><classCode/><className/></classificationItem><classificationItem score=\"91\"><classCode>STX000100</classCode><className>ANTITRUST &amp; TRADE LAW</className><classCode>Z3VpZD11cm46dG9waWM6REEyRTNDM0JGQzYyNEMyOEFGNTAwNUJEOUU1MDg4NjU7cGFyZW50Z3VpZD0</classCode><className>Antitrust &amp; Trade Law</className></classificationItem><classificationItem score=\"91\"><classCode>ST0009QD4</classCode><className>NEGATIVE BUSINESS NEWS</className><classCode/><className/></classificationItem><classificationItem score=\"90\"><classCode>STX001485</classCode><className>RESTRAINT OF TRADE</className><classCode>Z3VpZD11cm46dG9waWM6Nzc5QTM2RDA2QTExNDg4Njk3MzJEQzkzODM4REJENEE7cGFyZW50Z3VpZD11cm46dG9waWM6NDA2NTZCMDc0RDA0NDBCOEFFMjA0NTg1QTBGMjM3NTQ</classCode><className>Price Fixing &amp; Restraints of Trade</className></classificationItem><classificationItem score=\"90\"><classCode>ST000DIJW</classCode><className>PRICES</className><classCode/><className/></classificationItem><classificationItem score=\"90\"><classCode>STX001040</classCode><className>LITIGATION</className><classCode/><className/></classificationItem><classificationItem score=\"90\"><classCode>STX001648</classCode><className>SUITS &amp; CLAIMS</className><classCode/><className/></classificationItem><classificationItem score=\"90\"><classCode>STX000261</classCode><className>CARTELS</className><classCode/><className/></classificationItem><classificationItem score=\"89\"><classCode>STX001668</classCode><className>TAKEOVERS</className><classCode/><className/></classificationItem><classificationItem score=\"87\"><classCode>ST00097CC</classCode><className>COMMERCE DEPARTMENTS</className><classCode/><className/></classificationItem><classificationItem score=\"78\"><classCode>ST000CMR7</classCode><className>PARENT COMPANIES</className><classCode/><className/></classificationItem><classificationItem score=\"78\"><classCode>ST000DH0Q</classCode><className>AGREEMENTS</className><classCode/><className/></classificationItem><classificationItem score=\"78\"><classCode>ST000DM4X</classCode><className>ANTITRUST LITIGATION</className><classCode/><className/></classificationItem><classificationItem score=\"78\"><classCode>STX000235</classCode><className>BUSINESS TORTS</className><classCode>Z3VpZD11cm46dG9waWM6MjAyNjRCMUE5MjRBNDVFNkFFMEQ0OTA3MEZDQTE5MUM7cGFyZW50Z3VpZD11cm46dG9waWM6MDAwOEM2NTEzQkVDNEI4NzlGMEZERUEyRjQwODM4Njg</classCode><className>Business Torts</className></classificationItem><classificationItem score=\"78\"><classCode>STX000369</classCode><className>CONSPIRACY</className><classCode>Z3VpZD11cm46dG9waWM6Q0FGMDkyQTE0NTI1NEUyNkE0NjUxM0E2OTBDQjQ0NUU7cGFyZW50Z3VpZD11cm46dG9waWM6NzZBMzM3QjFDOTcxNENCNzhBNTE0MzVGMzBBMzdERUY</classCode><className>Conspiracy</className></classificationItem><classificationItem score=\"78\"><classCode>STX000442</classCode><className>DAMAGES</className><classCode>Z3VpZD11cm46dG9waWM6QzQyQ0JFRkFDNDIzNDU3RjhFMkE1N0JEOTFGNzIwQzE7cGFyZW50Z3VpZD11cm46dG9waWM6NEY5RDZFNTJBQzJGNERFQjg0MEIyMEVBRUU4NjI0RjU</classCode><className>Damages</className></classificationItem><classificationItem score=\"78\"><classCode>N551112MM</classCode><className>HOLDING COMPANIES</className><classCode/><className/></classificationItem><classificationItem score=\"78\"><classCode>N541110GM</classCode><className>LAWYERS</className><classCode/><className/></classificationItem><classificationItem score=\"70\"><classCode>ST000DEZ9</classCode><className>FOREIGN EXCHANGE MARKETS</className><classCode/><className/></classificationItem><classificationItem score=\"69\"><classCode>ST000A0EC</classCode><className>MERGERS</className><classCode>Z3VpZD11cm46dG9waWM6MkZCODBEQTBEMjdDNDA1Njk5NDIxQjQ3MThGQ0MyMUM7cGFyZW50Z3VpZD11cm46dG9waWM6QjRDRTUzQzBCMEIyNDU5QkE4QjFDMEE2Qjg2MUZDOTk</classCode><className>Mergers</className></classificationItem><classificationItem score=\"68\"><classCode>ST0008XJY</classCode><className>SALES &amp; SELLING</className><classCode/><className/></classificationItem></classification><classification classificationScheme=\"industry\"><classificationItem score=\"92\"><classCode>STX001375</classCode><className>PRICE FIXING</className><classCode/><className/></classificationItem><classificationItem score=\"90\"><classCode>ST0009T96</classCode><classCode/><className/></classificationItem><classificationItem score=\"90\"><classCode>N325414MM</classCode><className>BIOLOGICS MFG</className><classCode/><className/></classificationItem><classificationItem score=\"90\"><classCode>STX002149</classCode><className>HEALTH CARE</className><classCode/><className/></classificationItem><classificationItem score=\"78\"><classCode>N541110GM</classCode><className>LAWYERS</className><classCode/><className/></classificationItem><classificationItem score=\"77\"><classCode>N623100GG</classCode><className>NURSING HOMES</className><classCode/><className/></classificationItem><classificationItem score=\"72\"><classCode>N623000CC</classCode><className>NURSING &amp; RESIDENTIAL CARE FACILITIES</className><classCode/><className/></classificationItem><classificationItem score=\"70\"><classCode>ST000DEZ9</classCode><className>FOREIGN EXCHANGE MARKETS</className><classCode/><className/></classificationItem></classification><classification classificationScheme=\"city\"><classificationItem score=\"90\"><classCode>GX015</classCode><className>MELBOURNE, AUSTRALIA</className><classCode/><className/></classificationItem></classification><classification classificationScheme=\"state\"><classificationItem score=\"92\"><classCode>GS141</classCode><className>MISSOURI, USA</className><classCode/><className/></classificationItem><classificationItem score=\"90\"><classCode>GS007</classCode><className>VICTORIA, AUSTRALIA</className><classCode/><className/></classificationItem><classificationItem score=\"79\"><classCode>GS154</classCode><className>PENNSYLVANIA, USA</className><classCode/><className/></classificationItem></classification><classification classificationScheme=\"country\"><classificationItem score=\"93\"><classCode>GC343</classCode><className>UNITED STATES</className><classCode/><className/></classificationItem><classificationItem score=\"90\"><classCode>GC301</classCode><className>AUSTRALIA</className><classCode/><className/></classificationItem></classification></classificationGroup></metadata></articleDoc></content></entry>"}