{"prediction_class": "Money laundering", "prediction_score": "0.63", "name": "Fairfax Financial", "title": "Wife sues husband, says he hid assets he acquired illegally", "published": "2012-09-05T00:00:00Z", "updated": "2020-11-16T08:30:45Z", "cleaned_article": "[TITLE] Wife sues husband, says he hid assets he acquired illegally [TITLE] \n\nElizabeth Bingham-Perry of Scarsdale married Jeffrey R. Perry in 1989, before he made at least $40 million on Wall Street as a hedge-fund executive, most recently with Third Point LLC, which is controlled by the billionaire Daniel S. Loeb, according to the lawsuit. When the relationship soured, and Jeffrey Perry sued his wife for divorce in 2010, Bingham-Perry began to discover her husband's alleged fraud, according to the lawsuit, and it was as early as 2005 that Jeffrey Perry of White Plains began to move his assets into \"secret accounts,\" effectively sealing them off from his wife and the state Supreme Court in White Plains, where their divorce is being processed. Further, Bingham-Perry claims, much of Jeffrey Perry's wealth was acquired illegally, after he and his partners at Third Point devised a scheme to destroy a Toronto-based financial services company, Fairfax Financial Holdings, to make money from short-selling Fairfax's stock, or, betting on it to lose. Fairfax sued Third Point and a number of other hedge funds - as well as Jeffrey Perry - in 2006, alleging that they had been victims of a so-called \"bear raid,\" but Jeffrey Perry and Third Point were later dismissed from that lawsuit, which still has not been resolved. But Bingham-Perry said in her own lawsuit that her husband was a key player in the scheme, a claim that might entitle her to damages under the Racketeer Influenced and Corrupt Organizations Act, better known as RICO. Bingham-Perry's lawsuit was filed July 9 in U.S. District Court in White Plains. \"Jeffrey's career has been marked by repeated criminal activity in his quest to amass his fortune,\" the lawsuit alleges.", "raw_cleaned_article": "<h2>Wife sues husband, says he hid assets he acquired illegally</h2><p>Elizabeth Bingham-Perry of Scarsdale married Jeffrey R. Perry in 1989, before he made at least $40 million on Wall Street as a hedge-fund executive, most recently with Third Point LLC, which is controlled by the billionaire Daniel S. Loeb, according to the lawsuit. When the relationship soured, and Jeffrey Perry sued his wife for divorce in 2010, Bingham-Perry began to discover her husband's alleged fraud, according to the lawsuit, and it was as early as 2005 that Jeffrey Perry of White Plains began to move his assets into \"secret accounts,\" effectively sealing them off from his wife and the state Supreme Court in White Plains, where their divorce is being processed. <b>Further, Bingham-Perry claims, much of Jeffrey Perry's wealth was acquired illegally, after he and his partners at Third Point devised a scheme to destroy a Toronto-based financial services company, Fairfax Financial Holdings, to make money from short-selling Fairfax's stock, or, betting on it to lose. Fairfax sued Third Point and a number of other hedge funds - as well as Jeffrey Perry - in 2006, alleging that they had been victims of a so-called \"bear raid,\" but Jeffrey Perry and Third Point were later dismissed from that lawsuit, which still has not been resolved.</b> But Bingham-Perry said in her own lawsuit that her husband was a key player in the scheme, a claim that might entitle her to damages under the Racketeer Influenced and Corrupt Organizations Act, better known as RICO. Bingham-Perry's lawsuit was filed July 9 in U.S. District Court in White Plains. \"Jeffrey's career has been marked by repeated criminal activity in his quest to amass his fortune,\" the lawsuit alleges.</p>", "original_content": "<entry xmlns=\"http://www.w3.org/2005/Atom\"><id>urn:contentItem:579M-KRF1-JC3H-009M-00000-00</id><title>Wife sues husband, says he hid assets he acquired illegally</title><published>2012-09-05T00:00:00Z</published><updated>2020-11-16T08:30:45Z</updated><author><name>LexisNexis</name></author><content type=\"application/xml\"><!--Transformation version 1.23--><articleDoc xmlns=\"\" xmlns:xsi=\"http://www.w3.org/2001/XMLSchema-instance\" xsi:noNamespaceSchemaLocation=\"http://www.lexisnexis.com/xmlschemas/content/public/articledoc/1/\" schemaVersion=\"1.8\" xml:lang=\"en\"><articleDocHead><itemInfo><sourceSectionInfo><positionSection>NEWS</positionSection></sourceSectionInfo></itemInfo></articleDocHead><nitf:body xmlns:nitf=\"http://iptc.org/std/NITF/2006-10-18/\"><nitf:body.head><nitf:hedline><nitf:hl1>Wife sues husband, says he hid assets he acquired illegally</nitf:hl1></nitf:hedline><nitf:byline><author><person><nameText>By</nameText></person></author><author><person><nameText>Erik Shilling</nameText></person></author></nitf:byline></nitf:body.head><nitf:body.content><bodyText><p nitf:lede=\"true\">The estranged wife of a hedge-fund executive is suing her husband in federal court after, she says, he hid assets from her in the Cayman Islands and engaged in a wide-ranging fraud to destroy a financial services company.</p><p nitf:lede=\"true\">Elizabeth Bingham-Perry of Scarsdale married Jeffrey R. Perry in 1989, before he made at least $40 million on Wall Street as a hedge-fund executive, most recently with Third Point LLC, which is controlled by the billionaire Daniel S. Loeb, according to the lawsuit.</p><p>When the relationship soured, and Jeffrey Perry sued his wife for divorce in 2010, Bingham-Perry began to discover her husband's alleged fraud, according to the lawsuit, and it was as early as 2005 that Jeffrey Perry of White Plains began to move his assets into \"secret accounts,\" effectively sealing them off from his wife and the state Supreme Court in White Plains, where their divorce is being processed.</p><p>Further, Bingham-Perry claims, much of Jeffrey Perry's wealth was acquired illegally, after he and his partners at Third Point devised a scheme to destroy a Toronto-based financial services company, Fairfax Financial Holdings, to make money from short-selling Fairfax's stock, or, betting on it to lose. Fairfax sued Third Point and a number of other hedge funds - as well as Jeffrey Perry - in 2006, alleging that they had been victims of a so-called \"bear raid,\" but Jeffrey Perry and Third Point were later dismissed from that lawsuit, which still has not been resolved.</p><p>But Bingham-Perry said in her own lawsuit that her husband was a key player in the scheme, a claim that might entitle her to damages under the Racketeer Influenced and Corrupt Organizations Act, better known as RICO. Bingham-Perry's lawsuit was filed July 9 in U.S. District Court in White Plains.</p><p>\"Jeffrey's career has been marked by repeated criminal activity in his quest to amass his fortune,\" the lawsuit alleges.</p><p>Part of the alleged scheme involved planting damaging stories in the news media, including, in May 2006, when Loeb told Jeffrey Perry to depict Fairfax as the \"next Enron,\" according to the lawsuit. After Jeffrey Perry funneled information to a New York Post reporter, the lawsuit says, an article accusing the company of trying to prop up its \"sagging balance sheet\" with complex overseas financial transactions appeared in July 2006, with the headline, \"Island Hopping; Insurer's Offshore Deals Eyed by Feds.\"</p><p>Jeffrey Perry has been served with Bingham-Perry's lawsuit, according to court records, and in court papers Philip Halpern, a lawyer for Jeffrey Perry, called the lawsuit an attempt to \"harass\" his client and \"increase his costs of litigation\" for their pending divorce.</p><p>Halpern  said  he would ask Judge Cathy Seibel to dismiss the lawsuit, as well as seek to file a Rule 11 motion against Bingham-Perry, which might force her to pay Jeffrey Perry's legal fees if a judge rules that her lawsuit is frivolous.</p><p>\"I fully expect the case to be dismissed, on the merits,\" Halpern said in an interview Tuesday, adding that it was filed just days after Bingham-Perry lost custody of her children to Jeffrey Perry. \"It's baseless.\"</p><p>Halpern's claims were heavily disputed by Bingham-Perry's lawyer, Howard W. Foster, in his own letter to the court.</p><p>Both sides convened at a hearing Tuesday, and Seibel gave the lawyers deadlines to file their motions or amended pleadings. The case's next court date has not yet been scheduled.</p></bodyText></nitf:body.content></nitf:body><metadata><dc:metadata xmlns:dc=\"http://purl.org/dc/elements/1.1/\"><dc:identifier identifierScheme=\"DOC-ID\">JNLNWS-wst-130813598</dc:identifier><dc:source sourceScheme=\"royaltyReportingKey\">JNLNWS2012</dc:source><dc:identifier identifierScheme=\"PGUID\">urn:contentItem:579M-KRF1-JC3H-009M-00000-00</dc:identifier><dc:source sourceScheme=\"productContentSetIdentifier\">254427</dc:source><dc:date dateType=\"last-updated\">2018-01-19</dc:date></dc:metadata><wordCount number=\"568\"/><publicationInfo><copyright>Copyright 2012 The Journal News All Rights Reserved</copyright><publicationName>The Journal News (Westchester County, New York)</publicationName><publicationDate day=\"05\" month=\"09\" year=\"2012\"><dateText>September 5, 2012 Wednesday</dateText></publicationDate><classification classificationScheme=\"publicationtype\"><classificationItem><className>Newspaper</className></classificationItem></classification><classification classificationScheme=\"publicationtype\"><classificationItem><className>Newspapers</className></classificationItem></classification></publicationInfo><classification classificationScheme=\"language\"><classificationItem classificationScheme=\"lang.english\"><className>ENGLISH</className></classificationItem></classification><classificationGroup classificationScheme=\"indexing-terms\"><classification classificationScheme=\"company\"><classificationItem score=\"55\"><classCode>CC0002Q1U</classCode><className>FAIRFAX FINANCIAL HOLDINGS LTD</className></classificationItem><classificationItem score=\"52\"><classCode>CC0001O29</classCode><className>ENRON CREDITORS RECOVERY CORP</className></classificationItem></classification><classification classificationScheme=\"ticker\"><classificationItem score=\"55\"><className>FFH (TSX)</className></classificationItem></classification></classificationGroup><classificationGroup classificationScheme=\"indexing-terms\"><classification classificationScheme=\"legal\"><classificationItem><className>Securities Law</className><classCode>Z3VpZD11cm46dG9waWM6RkFFMTQ3ODhCRDYyNDkyN0IwQkEyQzRCRDlFMEM5ODc7cGFyZW50Z3VpZD0</classCode><classificationItem score=\"50\"><className>Criminal Offenses &amp; RICO Actions</className><classCode>Z3VpZD11cm46dG9waWM6Mzc1M0IyRDM3QjE2NDYzMEFGNjBDOTREM0FEQzY5Qjk7cGFyZW50Z3VpZD11cm46dG9waWM6RkFFMTQ3ODhCRDYyNDkyN0IwQkEyQzRCRDlFMEM5ODc</classCode></classificationItem></classificationItem></classification><classification classificationScheme=\"subject\"><classificationItem score=\"93\"><classCode>STX001040</classCode><className>LITIGATION</className><classCode/><className/></classificationItem><classificationItem score=\"92\"><classCode>STX001648</classCode><className>SUITS &amp; CLAIMS</className><classCode/><className/></classificationItem><classificationItem score=\"90\"><classCode>STX000759</classCode><className>FRAUD &amp; FINANCIAL CRIME</className><classCode/><className/></classificationItem><classificationItem score=\"89\"><classCode>N922110CC</classCode><className>LAW COURTS &amp; TRIBUNALS</className><classCode/><className/></classificationItem><classificationItem score=\"78\"><classCode>N551112MM</classCode><className>HOLDING COMPANIES</className><classCode/><className/></classificationItem><classificationItem score=\"78\"><classCode>N921100MM</classCode><className>US FEDERAL GOVERNMENT</className><classCode>Z3VpZD11cm46dG9waWM6MkM1MTYwRDE0NkJBNEVFMEIxQjM3RUE2NDRFQUFEODY7cGFyZW50Z3VpZD11cm46dG9waWM6MjdEQjE4OUJDMzQxNDNEMEI0RTI1QUFCMzJENjEwRTA</classCode><className>Federal Government</className></classificationItem><classificationItem score=\"78\"><classCode>STX000512</classCode><className>DISMISSALS</className><classCode/><className/></classificationItem><classificationItem score=\"78\"><classCode>STX001266</classCode><className>ORGANIZED CRIME</className><classCode/><className/></classificationItem><classificationItem score=\"78\"><classCode>ST0009ZVD</classCode><className>SUPREME COURTS</className><classCode/><className/></classificationItem><classificationItem score=\"78\"><classCode>STX000984</classCode><className>JUDGES</className><classCode>Z3VpZD11cm46dG9waWM6OTg1QUIzNkIwNzk5NDQ4NzhGMDdDQjVGNEYyRjY5OTI7cGFyZW50Z3VpZD11cm46dG9waWM6NURENzJGNTEyQzM0NEREQUI2RkVCRTM4RTc1RTZBREU</classCode><className>Judges</className></classificationItem><classificationItem score=\"77\"><classCode>ST000D5SG</classCode><className>CORRUPTION</className><classCode/><className/></classificationItem><classificationItem score=\"76\"><classCode>STX001822</classCode><className>WEALTHY PEOPLE</className><classCode/><className/></classificationItem><classificationItem score=\"75\"><classCode>N541110GM</classCode><className>LAWYERS</className><classCode/><className/></classificationItem><classificationItem score=\"69\"><classCode>ST000D181</classCode><className>CRIMINAL HARASSMENT</className><classCode/><className/></classificationItem><classificationItem score=\"68\"><classCode>ST0008X84</classCode><className>US STATE GOVERNMENT</className><classCode>Z3VpZD11cm46dG9waWM6QURCRDNBRjBGRTE0NEFBRUEzNUU1MzFGQjg3MTM4MDI7cGFyZW50Z3VpZD11cm46dG9waWM6MjdEQjE4OUJDMzQxNDNEMEI0RTI1QUFCMzJENjEwRTA</classCode><className>State &amp; Territorial Governments</className></classificationItem></classification><classification classificationScheme=\"industry\"><classificationItem score=\"90\"><classCode>STX001821</classCode><className>WEALTH MANAGEMENT</className><classCode/><className/></classificationItem><classificationItem score=\"90\"><classCode>N520000CC</classCode><className>BANKING &amp; FINANCE</className><classCode/><className/></classificationItem><classificationItem score=\"90\"><classCode>N525910EE</classCode><className>HEDGE FUNDS</className><classCode>Z3VpZD11cm46dG9waWM6QkY2N0Y5NDExMUY3NEE0NEJERkNDM0ZCNzIxRUU3OTg7cGFyZW50Z3VpZD11cm46dG9waWM6NEZBNjUwRkEwQjJGNDgzQzlEMzMyNEE1RDAyOTY4RkE</classCode><className>Hedge Funds</className></classificationItem><classificationItem score=\"75\"><classCode>N541110GM</classCode><className>LAWYERS</className><classCode/><className/></classificationItem></classification><classification classificationScheme=\"country\"><classificationItem score=\"79\"><classCode>GC343</classCode><className>UNITED STATES</className><classCode/><className/></classificationItem><classificationItem score=\"58\"><classCode>GC624</classCode><className>CAYMAN ISLANDS</className><classCode/><className/></classificationItem></classification></classificationGroup></metadata></articleDoc></content></entry>"}