{"prediction_class": "Regulatory Breaches Tax Evasion Smuggling of goods", "prediction_score": "0.53", "name": "Fairfax Financial", "title": "Fairfax suit baseless: defendant: U.S. hedge-fund firm accuses company of shifting blame for its business troubles", "published": "2006-07-28T00:00:00Z", "updated": "2020-11-16T08:30:45Z", "cleaned_article": "[TITLE] Fairfax suit baseless: defendant: U.S. hedge-fund firm accuses company of shifting blame for its business troubles [TITLE] \n\nA Fairfax Financial Holdings Ltd. lawsuit seeking $5 billion U.S. in damages from several U.S. hedge funds is an attempt to shift blame from the company's internal problems, one of the defendants named in the suit said yesterday. \"This is another baseless lawsuit by a company attempting to shift the blame for its fundamental business problems,\" S.A.C. Capital, a U.S. hedge-fund firm, said in a statement. The firm was one of several hedge-fund groups named in the lawsuit filed in a New Jersey court on Wednesday by the Toronto-based insurance giant, alleging a \"massive, illegal and continuing\" stock-market manipulation scheme that resulted in \"immense ill-gotten profits\" by a number of powerful U.S. hedge funds.", "raw_cleaned_article": "<h2>Fairfax suit baseless: defendant: U.S. hedge-fund firm accuses company of shifting blame for its business troubles</h2><p><b>A Fairfax Financial Holdings Ltd. lawsuit seeking $5 billion U.S. in damages from several U.S. hedge funds is an attempt to shift blame from the company's internal problems, one of the defendants named in the suit said yesterday.</b> \"This is another baseless lawsuit by a company attempting to shift the blame for its fundamental business problems,\" S.A.C. Capital, a U.S. hedge-fund firm, said in a statement. The firm was one of several hedge-fund groups named in the lawsuit filed in a New Jersey court on Wednesday by the Toronto-based insurance giant, alleging a \"massive, illegal and continuing\" stock-market manipulation scheme that resulted in \"immense ill-gotten profits\" by a number of powerful U.S. hedge funds.</p>", "original_content": "<entry xmlns=\"http://www.w3.org/2005/Atom\"><id>urn:contentItem:4KH9-JCN0-TWD3-Y1VY-00000-00</id><title>Fairfax suit baseless: defendant: U.S. hedge-fund firm accuses company of shifting blame for its business troubles</title><published>2006-07-28T00:00:00Z</published><updated>2020-11-16T08:30:45Z</updated><author><name>LexisNexis</name></author><content type=\"application/xml\"><!--Transformation version 1.23--><articleDoc xmlns=\"\" xmlns:xsi=\"http://www.w3.org/2001/XMLSchema-instance\" xsi:noNamespaceSchemaLocation=\"http://www.lexisnexis.com/xmlschemas/content/public/articledoc/1/\" schemaVersion=\"1.8\" xml:lang=\"en\"><articleDocHead><itemInfo><sourceSectionInfo><positionSection>BUSINESS</positionSection><positionSequence>Pg. B2</positionSequence></sourceSectionInfo></itemInfo></articleDocHead><nitf:body xmlns:nitf=\"http://iptc.org/std/NITF/2006-10-18/\"><nitf:body.head><nitf:hedline><nitf:hl1>Fairfax suit baseless: defendant: U.S. hedge-fund firm accuses company of shifting blame for its business troubles</nitf:hl1></nitf:hedline><nitf:byline><author><person><nameText>DAVID FRIEND</nameText></person></author><nitf:byttl>CP</nitf:byttl></nitf:byline><nitf:dateline><location>TORONTO</location></nitf:dateline></nitf:body.head><nitf:body.content><bodyText><p nitf:lede=\"true\">A Fairfax Financial Holdings Ltd. lawsuit seeking $5 billion U.S. in damages from several U.S. hedge funds is an attempt to shift blame from the company's internal problems, one of the defendants named in the suit said yesterday.</p><p>\"This is another baseless lawsuit by a company attempting to shift the blame for its fundamental business problems,\" S.A.C. Capital, a U.S. hedge-fund firm, said in a statement.</p><p>The firm was one of several hedge-fund groups named in the lawsuit filed in a New Jersey court on Wednesday by the Toronto-based insurance giant, alleging a \"massive, illegal and continuing\" stock-market manipulation scheme that resulted in \"immense ill-gotten profits\" by a number of powerful U.S. hedge funds.</p><p>The alleged scheme, which dates back to December 2002 after Fairfax shares were listed on the New York Stock Exchange, involves a \"massive and fraudulent disinformation campaign\" targeting the company and other publicly traded companies, including negative stock analyst reports, the accumulation of short positions in the companies' stock and even harassment of Fairfax executives.</p><p>The allegations have not been proven in court.</p><p>The suit claims the defendants violated various state laws, including the New Jersey Racketeer Influenced and Corrupt Organizations Act, or RICO Act.</p></bodyText></nitf:body.content></nitf:body><metadata><dc:metadata xmlns:dc=\"http://purl.org/dc/elements/1.1/\"><dc:identifier identifierScheme=\"DOC-ID\">MONGAZ-</dc:identifier><dc:source sourceScheme=\"royaltyReportingKey\">MONGAZ2006</dc:source><dc:identifier identifierScheme=\"PGUID\">urn:contentItem:4KH9-JCN0-TWD3-Y1VY-00000-00</dc:identifier><dc:source sourceScheme=\"productContentSetIdentifier\">8355</dc:source><dc:date dateType=\"last-updated\">2018-06-17</dc:date></dc:metadata><wordCount number=\"215\"/><publicationInfo><copyright>Copyright 2006 The Gazette, a division of CanWest MediaWorks Publication Inc. All Rights Reserved</copyright><publicationName>The Gazette (Montreal)</publicationName><edition>Final Edition</edition><publicationDate day=\"28\" month=\"07\" year=\"2006\"><dateText>July 28, 2006 Friday</dateText></publicationDate><classification classificationScheme=\"publicationtype\"><classificationItem><className>Newspaper</className></classificationItem></classification><classification classificationScheme=\"publicationtype\"><classificationItem><className>Newspapers</className></classificationItem></classification></publicationInfo><classification classificationScheme=\"language\"><classificationItem classificationScheme=\"lang.english\"><className>ENGLISH</className></classificationItem></classification><classification classificationScheme=\"typeofdoc\"><classificationItem><className>Business</className></classificationItem></classification><classificationGroup classificationScheme=\"indexing-terms\"><classification classificationScheme=\"company\"><classificationItem score=\"93\"><classCode>CC0002Q1U</classCode><className>FAIRFAX FINANCIAL HOLDINGS LTD</className></classificationItem><classificationItem score=\"56\"><classCode>CC0009SWF</classCode><className>NEW YORK STOCK EXCHANGE LLC</className></classificationItem></classification><classification classificationScheme=\"ticker\"><classificationItem score=\"93\"><className>FFH (TSX)</className></classificationItem></classification></classificationGroup><classificationGroup classificationScheme=\"indexing-terms\"><classification classificationScheme=\"legal\"><classificationItem><className>Securities Law</className><classCode>Z3VpZD11cm46dG9waWM6RkFFMTQ3ODhCRDYyNDkyN0IwQkEyQzRCRDlFMEM5ODc7cGFyZW50Z3VpZD0</classCode><classificationItem score=\"50\"><className>Criminal Offenses &amp; RICO Actions</className><classCode>Z3VpZD11cm46dG9waWM6Mzc1M0IyRDM3QjE2NDYzMEFGNjBDOTREM0FEQzY5Qjk7cGFyZW50Z3VpZD11cm46dG9waWM6RkFFMTQ3ODhCRDYyNDkyN0IwQkEyQzRCRDlFMEM5ODc</classCode></classificationItem><classificationItem score=\"50\"><className>Rules &amp; Regulations</className><classCode>Z3VpZD11cm46dG9waWM6RUI0NDBGNkJGNkE3NDlGRjg3REVBQzA4M0U5M0E2RDI7cGFyZW50Z3VpZD11cm46dG9waWM6MTA5NzZFOEE4NUFGNDk0NjgzQzhEMEExMjU2RUNDMjc</classCode></classificationItem><classificationItem score=\"50\"><className>Stock Exchanges</className><classCode>Z3VpZD11cm46dG9waWM6M0ZDMDg5MEQ3OTlGNEJCMkI0M0EyM0MwN0E1Njk1MEQ7cGFyZW50Z3VpZD11cm46dG9waWM6NDBGREFBMDgyNTQ0NERFRUI3MEUwNDBFOTM5NDExREI</classCode></classificationItem><classificationItem score=\"50\"><className>Suspension of Trading</className><classCode>Z3VpZD11cm46dG9waWM6QjFCRERDMzBDMzcwNDlBNEE0MDYzRkM5N0U1QzdBMEU7cGFyZW50Z3VpZD11cm46dG9waWM6RDRENUQ3RUY0MkRCNDJERTg5RDFBQjBCRUFGMzVCRDM</classCode></classificationItem></classificationItem></classification><classification classificationScheme=\"subject\"><classificationItem score=\"93\"><classCode>STX001648</classCode><className>SUITS &amp; CLAIMS</className><classCode/><className/></classificationItem><classificationItem score=\"93\"><classCode>N525910EE</classCode><className>HEDGE FUNDS</className><classCode>Z3VpZD11cm46dG9waWM6QkY2N0Y5NDExMUY3NEE0NEJERkNDM0ZCNzIxRUU3OTg7cGFyZW50Z3VpZD11cm46dG9waWM6NEZBNjUwRkEwQjJGNDgzQzlEMzMyNEE1RDAyOTY4RkE</classCode><className>Hedge Funds</className></classificationItem><classificationItem score=\"91\"><classCode>STX001040</classCode><className>LITIGATION</className><classCode/><className/></classificationItem><classificationItem score=\"90\"><classCode>N551112MM</classCode><className>HOLDING COMPANIES</className><classCode/><className/></classificationItem><classificationItem score=\"90\"><classCode>N523210MM</classCode><className>STOCK EXCHANGES</className><classCode>Z3VpZD11cm46dG9waWM6M0ZDMDg5MEQ3OTlGNEJCMkI0M0EyM0MwN0E1Njk1MEQ7cGFyZW50Z3VpZD11cm46dG9waWM6NDBGREFBMDgyNTQ0NERFRUI3MEUwNDBFOTM5NDExREI</classCode><className>Stock Exchanges</className></classificationItem><classificationItem score=\"90\"><classCode>STX000442</classCode><className>DAMAGES</className><classCode>Z3VpZD11cm46dG9waWM6QzQyQ0JFRkFDNDIzNDU3RjhFMkE1N0JEOTFGNzIwQzE7cGFyZW50Z3VpZD11cm46dG9waWM6NEY5RDZFNTJBQzJGNERFQjg0MEIyMEVBRUU4NjI0RjU</classCode><className>Damages</className></classificationItem><classificationItem score=\"78\"><classCode>STX001266</classCode><className>ORGANIZED CRIME</className><classCode/><className/></classificationItem><classificationItem score=\"74\"><classCode>ST000DLZ7</classCode><className>MARKET MANIPULATION</className><classCode/><className/></classificationItem><classificationItem score=\"74\"><classCode>STX000759</classCode><className>FRAUD &amp; FINANCIAL CRIME</className><classCode/><className/></classificationItem><classificationItem score=\"74\"><classCode>N523110GM</classCode><className>SECURITIES TRADING</className><classCode/><className/></classificationItem><classificationItem score=\"74\"><classCode>ST000D5SG</classCode><className>CORRUPTION</className><classCode/><className/></classificationItem><classificationItem score=\"70\"><classCode>ST000A7IS</classCode><className>ASSOCIATIONS &amp; ORGANIZATIONS</className><classCode/><className/></classificationItem></classification><classification classificationScheme=\"industry\"><classificationItem score=\"93\"><classCode>N525910EE</classCode><className>HEDGE FUNDS</className><classCode>Z3VpZD11cm46dG9waWM6QkY2N0Y5NDExMUY3NEE0NEJERkNDM0ZCNzIxRUU3OTg7cGFyZW50Z3VpZD11cm46dG9waWM6NEZBNjUwRkEwQjJGNDgzQzlEMzMyNEE1RDAyOTY4RkE</classCode><className>Hedge Funds</className></classificationItem><classificationItem score=\"90\"><classCode>N523210MM</classCode><className>STOCK EXCHANGES</className><classCode>Z3VpZD11cm46dG9waWM6M0ZDMDg5MEQ3OTlGNEJCMkI0M0EyM0MwN0E1Njk1MEQ7cGFyZW50Z3VpZD11cm46dG9waWM6NDBGREFBMDgyNTQ0NERFRUI3MEUwNDBFOTM5NDExREI</classCode><className>Stock Exchanges</className></classificationItem><classificationItem score=\"74\"><classCode>ST000DLZ7</classCode><className>MARKET MANIPULATION</className><classCode/><className/></classificationItem><classificationItem score=\"74\"><classCode>N523110GM</classCode><className>SECURITIES TRADING</className><classCode/><className/></classificationItem><classificationItem score=\"70\"><classCode>ST000A2VZ</classCode><classCode/><className/></classificationItem><classificationItem score=\"70\"><classCode>N524000CC</classCode><className>INSURANCE</className><classCode/><className/></classificationItem></classification></classificationGroup></metadata></articleDoc></content></entry>"}