{"prediction_class": "Regulatory Breaches Tax Evasion Smuggling of goods", "prediction_score": "0.54", "name": "Fairfax Financial", "title": "Fairfax: SEC Investigation Over, No Action Taken", "published": "2009-06-26T00:00:00Z", "updated": "2020-11-16T08:26:57Z", "cleaned_article": "[TITLE] Fairfax: SEC Investigation Over, No Action Taken [TITLE] \n\nFairfax Financial Holdings Ltd. said an investigation by the New York regional office of the U.S. Securities and Exchange Commission is over, and that no enforcement action will be taken. In June 2005, Fairfax (NYSE: FFH) said the SEC was probing transactions between its Fairmont subsidiary and Berkshire Hathaway Inc.'s General Re Corp. over nontraditional reinsurance products. ", "raw_cleaned_article": "<h2>Fairfax: SEC Investigation Over, No Action Taken</h2><p><b>Fairfax Financial Holdings Ltd. said an investigation by the New York regional office of the U.S. Securities and Exchange Commission is over, and that no enforcement action will be taken.</b> In June 2005, Fairfax (NYSE: FFH) said the SEC was probing transactions between its Fairmont subsidiary and Berkshire Hathaway Inc.'s General Re Corp. over nontraditional reinsurance products. </p>", "original_content": "<entry xmlns=\"http://www.w3.org/2005/Atom\"><id>urn:contentItem:7W1D-DN10-YBKV-8098-00000-00</id><title>Fairfax: SEC Investigation Over, No Action Taken</title><published>2009-06-26T00:00:00Z</published><updated>2020-11-16T08:26:57Z</updated><author><name>LexisNexis</name></author><content type=\"application/xml\"><!--Transformation version 1.23--><articleDoc xmlns=\"\" xmlns:xsi=\"http://www.w3.org/2001/XMLSchema-instance\" xsi:noNamespaceSchemaLocation=\"http://www.lexisnexis.com/xmlschemas/content/public/articledoc/1/\" schemaVersion=\"1.8\" xml:lang=\"en\"><articleDocHead><itemInfo/></articleDocHead><nitf:body xmlns:nitf=\"http://iptc.org/std/NITF/2006-10-18/\"><nitf:body.head><nitf:hedline><nitf:hl1>Fairfax: SEC Investigation Over, No Action Taken</nitf:hl1></nitf:hedline><nitf:byline><author><person><nameText>Meg Green</nameText></person></author></nitf:byline><nitf:dateline><location>TORONTO</location></nitf:dateline></nitf:body.head><nitf:body.content><bodyText><p nitf:lede=\"true\">Fairfax Financial Holdings Ltd. said an investigation by the New York regional office of the U.S. Securities and Exchange Commission is over, and that no enforcement action will be taken.</p><p>In June 2005, Fairfax (NYSE: FFH) said the SEC was probing transactions between its Fairmont subsidiary and Berkshire Hathaway Inc.'s General Re Corp. over nontraditional reinsurance products. </p><p>In September 2005, Odyssey Re and its parent, Canada-based Fairfax Financial Holdings Ltd., disclosed it was under investigation by the SEC in connection with \"any nontraditional insurance and reinsurance transactions entered into or offered by Fairfax and any of its affiliates,\" including Odyssey Re. The SEC also subpoenaed V. Prem Watsa, chairman of both Odyssey Re and Fairfax, in connection with statements made during the company's Feb. 10, 2005 investor conference call about the company's finite reinsurance contracts. The company's independent auditors also were subpoenaed by the SEC (BestWire, Aug. 11, 2006).</p><p>Fairfax owns a 70.4% of Odyssey Re, according to an AMB Credit Report.</p><p>Fairfax clarified that Odyssey Re was never formally under investigation by the SEC.</p><p>\"We were gratified to learn that the SEC staff does not intend to recommend any enforcement action against Fairfax. Throughout this investigation, we provided full cooperation to the SEC, and we are pleased that the investigation has been concluded in this manner,\" Watsa said in a statement.</p><p>Earlier this month, John Houldsworth, the former chief executive officer of Berkshire Hathaway's General Re affiliate Cologne Re Dublin, was the sixth insurance executive to be sentenced in federal court in connection with a sham finite reinsurance deal involving American International Group Inc. Houldsworth was sentenced in federal court to serve two years of probation, was fined $5,000, and ordered to perform 400 hours of community service.</p><p>Five other executives, four from Gen Re and one from AIG, already had been sentenced to serve jail time in connection with the case after they were convicted in a month-long trial on charges including conspiracy, securities fraud, making false statements to the SEC and mail fraud (BestWire, June 16, 2009).</p><p>Fairfax Financial stock was trading at $249.90 a share on the morning of June 26, up 0.86% from the previous close.</p><p>(By Meg Green, senior associate editor, BestWeek: <email normalizedValue=\"mailto:Meg.Green@ambest.com\">Meg.Green@ambest.com</email>)</p></bodyText></nitf:body.content></nitf:body><metadata><dc:metadata xmlns:dc=\"http://purl.org/dc/elements/1.1/\"><dc:identifier identifierScheme=\"DOC-ID\">BESTWR-128792</dc:identifier><dc:source sourceScheme=\"royaltyReportingKey\">BESTWR2009</dc:source><dc:identifier identifierScheme=\"PGUID\">urn:contentItem:7W1D-DN10-YBKV-8098-00000-00</dc:identifier><dc:source sourceScheme=\"productContentSetIdentifier\">158255</dc:source><dc:date dateType=\"last-updated\">2014-12-30</dc:date></dc:metadata><wordCount number=\"397\"/><timeReceived>02:39 PM EST</timeReceived><publicationInfo><copyright>Copyright 2009 A.M. Best Company, Inc. All Rights Reserved</copyright><publicationName>BestWire</publicationName><publicationDate day=\"26\" month=\"06\" year=\"2009\"><dateText>June 26, 2009 Friday</dateText></publicationDate><classification classificationScheme=\"publicationtype\"><classificationItem><className>Newswire</className></classificationItem></classification><classification classificationScheme=\"publicationtype\"><classificationItem><className>Newswires &amp; Press Releases</className></classificationItem></classification></publicationInfo><classification classificationScheme=\"language\"><classificationItem classificationScheme=\"lang.english\"><className>ENGLISH</className></classificationItem></classification><classificationGroup classificationScheme=\"indexing-terms\"><classification classificationScheme=\"company\"><classificationItem score=\"95\"><classCode>CC0002Q1U</classCode><className>FAIRFAX FINANCIAL HOLDINGS LTD</className></classificationItem><classificationItem score=\"83\"><classCode>CC0001NW4</classCode><className>BERKSHIRE HATHAWAY INC</className></classificationItem><classificationItem score=\"83\"><classCode>CC0002P4T</classCode><className>GENERAL RE CORP</className></classificationItem><classificationItem score=\"81\"><classCode>CC0001P75</classCode><className>AMERICAN INTERNATIONAL GROUP INC</className></classificationItem></classification><classification classificationScheme=\"organization\"><classificationItem score=\"94\"><className>SECURITIES &amp; EXCHANGE COMMISSION</className></classificationItem></classification><classification classificationScheme=\"ticker\"><classificationItem score=\"95\"><className>FFH (TSX)</className></classificationItem><classificationItem score=\"95\"><className>FFH (NYSE)</className></classificationItem><classificationItem score=\"83\"><className>BRK (NYSE)</className></classificationItem><classificationItem score=\"81\"><className>AIG (NYSE)</className></classificationItem><classificationItem score=\"81\"><className>8685 (TSE)</className></classificationItem></classification></classificationGroup><classificationGroup classificationScheme=\"indexing-terms\"><classification classificationScheme=\"subject\"><classificationItem score=\"90\"><classCode>N551112MM</classCode><className>HOLDING COMPANIES</className><classCode/><className/></classificationItem><classificationItem score=\"90\"><classCode>ST000DLX8</classCode><className>BUSINESS INVESTIGATIONS</className><classCode/><className/></classificationItem><classificationItem score=\"90\"><classCode>ST000DF45</classCode><className>ENFORCEMENT ACTIONS</className><classCode/><className/></classificationItem><classificationItem score=\"90\"><classCode>ST000DL4I</classCode><className>US SECURITIES &amp; EXCHANGE COMMISSION INVESTIGATIONS</className><classCode/><className/></classificationItem><classificationItem score=\"90\"><classCode>STX000969</classCode><className>INVESTIGATIONS</className><classCode/><className/></classificationItem><classificationItem score=\"89\"><classCode>ST000D4JV</classCode><className>CRIMINAL INVESTIGATIONS</className><classCode/><className/></classificationItem><classificationItem score=\"89\"><classCode>STX001640</classCode><className>SUBPOENAS</className><classCode/><className/></classificationItem><classificationItem score=\"89\"><classCode>STX000759</classCode><className>FRAUD &amp; FINANCIAL CRIME</className><classCode/><className/></classificationItem><classificationItem score=\"89\"><classCode>ST000DJX1</classCode><className>FEDERAL INVESTIGATIONS</className><classCode/><className/></classificationItem><classificationItem score=\"86\"><classCode>STX001040</classCode><className>LITIGATION</className><classCode/><className/></classificationItem><classificationItem score=\"78\"><classCode>STX000722</classCode><className>FINES &amp; PENALTIES</className><classCode/><className/></classificationItem><classificationItem score=\"78\"><classCode>ST000DANR</classCode><className>FALSE STATEMENTS</className><classCode/><className/></classificationItem><classificationItem score=\"69\"><classCode>ST000D1BY</classCode><className>EXECUTIVES</className><classCode/><className/></classificationItem><classificationItem score=\"68\"><classCode>ST000A4JU</classCode><className>CRIMINAL CONVICTIONS</className><classCode/><className/></classificationItem><classificationItem score=\"63\"><classCode>ST000A4J3</classCode><className>JAIL SENTENCING</className><classCode/><className/></classificationItem></classification><classification classificationScheme=\"industry\"><classificationItem score=\"90\"><classCode>ST000DL4I</classCode><className>US SECURITIES &amp; EXCHANGE COMMISSION INVESTIGATIONS</className><classCode/><className/></classificationItem><classificationItem score=\"78\"><classCode>N541211GM</classCode><className>ACCOUNTING</className><classCode/><className/></classificationItem><classificationItem score=\"76\"><classCode>N524130KM</classCode><className>FINANCIAL REINSURANCE</className><classCode/><className/></classificationItem><classificationItem score=\"54\"><classCode>ST000CP14</classCode><className>CONFERENCE CALLS</className><classCode/><className/></classificationItem></classification><classification classificationScheme=\"country\"><classificationItem score=\"92\"><classCode>GC343</classCode><className>UNITED STATES</className><classCode/><className/></classificationItem><classificationItem score=\"79\"><classCode>GC339</classCode><className>CANADA</className><classCode/><className/></classificationItem></classification></classificationGroup></metadata></articleDoc></content></entry>"}