{"prediction_class": "Fraud Embezzlement Misappropriation", "prediction_score": "0.96", "name": "Macquarie Group", "title": "Register of financial planners pre-empts government site", "published": "2014-10-14T00:00:00Z", "updated": "2020-11-15T21:40:21Z", "cleaned_article": "[TITLE] Register of financial planners pre-empts government site [TITLE] \n\nafter whistleblower Jeff Morris exposed the wrongdoings and management cover up to the Australian Securities and Investments Commission. Morris makes an interesting point when he says the creation of the website could be seen almost as vigilante justice in that it seeks to fill a gap left by normal law enforcement. Indeed, Labor senator Sam Dastyari, who has called a Senate inquiry into wrongdoings in the financial planning industry, says the fact that various registers are popping up reflects the need for better regulation in this space. ''There has been a failure of government in this area,'' he said. The parliamentary inquiry follows a set of hard-hitting recommendations in a separate inquiry in June, including a royal commission into CBA's financial planning scandal and a separate investigation into Macquarie Group's adviser business. The scandals, exposed by a series of investigations by Fairfax Media, showed a gaping flaw in the system, including the absence of a central register where consumers could go to get information about a planner, including their education, work history, membership of a professional body or whether they had received a sanction or banning order from the corporate regulator. Given the damning report by ASIC last week into the life insurance industry, which found more than 37 per cent of advice was in breach of the law, anything that helps lift the lid on the industry is welcome.", "raw_cleaned_article": "<h2>Register of financial planners pre-empts government site</h2><p>after whistleblower Jeff Morris exposed the wrongdoings and management cover up to the Australian Securities and Investments Commission. Morris makes an interesting point when he says the creation of the website could be seen almost as vigilante justice in that it seeks to fill a gap left by normal law enforcement. Indeed, Labor senator Sam Dastyari, who has called a Senate inquiry into wrongdoings in the financial planning industry, says the fact that various registers are popping up reflects the need for better regulation in this space. ''There has been a failure of government in this area,'' he said. <b>The parliamentary inquiry follows a set of hard-hitting recommendations in a separate inquiry in June, including a royal commission into CBA's financial planning scandal and a separate investigation into Macquarie Group's adviser business.</b> The scandals, exposed by a series of investigations by Fairfax Media, showed a gaping flaw in the system, including the absence of a central register where consumers could go to get information about a planner, including their education, work history, membership of a professional body or whether they had received a sanction or banning order from the corporate regulator. Given the damning report by ASIC last week into the life insurance industry, which found more than 37 per cent of advice was in breach of the law, anything that helps lift the lid on the industry is welcome.</p>", "original_content": "<entry xmlns=\"http://www.w3.org/2005/Atom\"><id>urn:contentItem:5DBX-99F1-DXMH-12D6-00000-00</id><title>Register of financial planners pre-empts government site</title><published>2014-10-14T00:00:00Z</published><updated>2020-11-15T21:40:21Z</updated><author><name>LexisNexis</name></author><content type=\"application/xml\"><!--Transformation version 1.23--><articleDoc xmlns=\"\" xmlns:xsi=\"http://www.w3.org/2001/XMLSchema-instance\" xsi:noNamespaceSchemaLocation=\"http://www.lexisnexis.com/xmlschemas/content/public/articledoc/1/\" schemaVersion=\"1.8\" xml:lang=\"en\"><articleDocHead><itemInfo/></articleDocHead><nitf:body xmlns:nitf=\"http://iptc.org/std/NITF/2006-10-18/\"><nitf:body.head><nitf:hedline><nitf:hl1>Register of financial planners pre-empts government site</nitf:hl1></nitf:hedline><nitf:byline><author><person><nameText>Adele Ferguson</nameText></person></author></nitf:byline></nitf:body.head><nitf:body.content><bodyText><p nitf:lede=\"true\">A national register of financial planners armed with a consumer-led rating system could become a ''game changer'' for an industry that lacks transparency and has raised alarm bells for years.</p><p nitf:lede=\"true\">The website, Advisor Ratings, is free of charge and includes the names and details of 18,000 financial planners to help track shoddy planners and identify good ones, similar to the way Trip Adviser works for hotels, restaurants.</p><p nitf:lede=\"true\">That it will be launched by shadow treasurer Chris Bowen at the Association of Financial Planners conference on Tuesday will be interesting, given one of AFA's members, Westpac's Bankers Trust, launched its own adviser register on Monday, Adviser View, which includes the names of each of their 595 bank advisers, a client satisfaction rating, education and experience.</p><p>It also plans to extend it to the other 667 advisers in its aligned groups, Securitor, Licensee Select and BT Select.</p><p>It will be fascinating to see whether others in the industry follow Westpac's lead, supplying information to the consumer-led Advisor Ratings website or whether they sit back and wait for the ASIC-run national register to go live next year.</p><p>Advisor Ratings, which is backed by former chief financial officer at Virgin Money Angus Woods and consumer advocate Christopher Zinn, says it has been welcomed by politicians, industry bodies, licensees, consumer groups and banks.</p><p>They may be right, but behind the scenes its arrival is causing a bit of a stir. For starters, it pre-empts the ASIC-run register which is currently being worked on by an industry group and is part of a deal the government struck with Clive Palmer to push through its amendments to the Future of Financial Advice reforms.</p><p>One of the professional bodies, the Financial Planning Association, which has a representative on the working group, recommends consumers look for a certified financial planner when using any form of adviser search register. ''Over 20,000 consumers visit our website each month looking for a certified financial planner as the gold standard for advice,'' FPA chairman Matthew Rowe said.</p><p>The fact that sites like this are springing up is confirmation of how the financial planning sector is now on the public radar screen, in a way it wasn't before the CBA financial planning scandal hit the headlines</p><p>after whistleblower Jeff Morris exposed the wrongdoings and management cover up to the Australian Securities and Investments Commission. Morris makes an interesting point when he says the creation of the website could be seen almost as vigilante justice in that it seeks to fill a gap left by normal law enforcement.</p><p>Indeed, Labor senator Sam Dastyari, who has called a Senate inquiry into wrongdoings in the financial planning industry, says the fact that various registers are popping up reflects the need for better regulation in this space. ''There has been a failure of government in this area,'' he said.</p><p>The parliamentary inquiry follows a set of hard-hitting recommendations in a separate inquiry in June, including a royal commission into CBA's financial planning scandal and a separate investigation into Macquarie Group's adviser business.</p><p>The scandals, exposed by a series of investigations by Fairfax Media, showed a gaping flaw in the system, including the absence of a central register where consumers could go to get information about a planner, including their education, work history, membership of a professional body or whether they had received a sanction or banning order from the corporate regulator.</p><p>Given the damning report by ASIC last week into the life insurance industry, which found more than 37 per cent of advice was in breach of the law, anything that helps lift the lid on the industry is welcome.</p><p>Woods says consumers will be able to jump on the website and add comments about their experiences with financial planners as well as rank them. The idea is that advisers who attract good rankings will attract more business.</p><p>Besides identifying good planners, the hope is it will flag those offering inappropriate advice given the number who slip through the cracks each year. It will use the Rainmaker database to populate the information - then ask planners themselves to fill their profiles with more information about their education and work experience - and link it back to various announcements from ASIC. For instance, a financial planner working for CBA will have a red flag with a link to an enforceable undertaking with ASIC, which finished in October last year.</p><p>Westpac hired an independent verification agency, First Advantage, to independently verify its planners' qualifications before putting them on the website. BT boss Brad Cooper said in a statement: ''We have outstanding customer satisfaction ratings for our financial advisers now standing at 87 per cent and I am more than willing to use this as an opportunity for our clients to judge us.''</p><p>For shadow minister for superannuation and financial services Bernie Ripoll, the website and the ratings of advisers has the potential to be a ''game changer'' by providing consumers with visibility across the quality of advice provided.</p><p>It is an interesting concept and as Morris points out to what extent ''self populating'' by advisers will be abused. ''Dodgy advisers are not known for outing themselves, on the contrary, they are known for talking themselves up,'' he says. But then again, anything that lifts the level of transparency has to be a good thing.</p></bodyText></nitf:body.content></nitf:body><metadata><dc:metadata xmlns:dc=\"http://purl.org/dc/elements/1.1/\"><dc:identifier identifierScheme=\"DOC-ID\">SYMRLD-5875174</dc:identifier><dc:source sourceScheme=\"royaltyReportingKey\">SYMRLD2014</dc:source><dc:identifier identifierScheme=\"PGUID\">urn:contentItem:5DBX-99F1-DXMH-12D6-00000-00</dc:identifier><dc:source sourceScheme=\"productContentSetIdentifier\">404053</dc:source><dc:date dateType=\"last-updated\">2019-02-09</dc:date></dc:metadata><wordCount number=\"908\"/><timeReceived>03:00 AM GMT</timeReceived><publicationInfo><copyright>Copyright 2014 Fairfax Media Publications Pty. Limited All Rights Reserved</copyright><publicationName>The Sydney Morning Herald (Australia) - Online</publicationName><publicationDate day=\"14\" month=\"10\" year=\"2014\"><dateText>October 14, 2014 Tuesday</dateText></publicationDate><classification classificationScheme=\"publicationtype\"><classificationItem><className>Web Publication</className></classificationItem></classification><classification classificationScheme=\"publicationtype\"><classificationItem><className>Newspapers</className></classificationItem></classification></publicationInfo><classification classificationScheme=\"language\"><classificationItem classificationScheme=\"lang.english\"><className>ENGLISH</className></classificationItem></classification><classificationGroup classificationScheme=\"indexing-terms\"><classification classificationScheme=\"company\"><classificationItem score=\"55\"><classCode>CC0006Q3X</classCode><className>VIRGIN MONEY PERSONAL FINANCIAL SERVICE LTD</className></classificationItem></classification><classification classificationScheme=\"industry\"><classificationItem score=\"55\"><className>NAICS522210 CREDIT CARD ISSUING</className></classificationItem><classificationItem score=\"55\"><className>SIC6141 PERSONAL CREDIT INSTITUTIONS</className></classificationItem></classification></classificationGroup><classificationGroup classificationScheme=\"licensor.indexing-terms\"><classification classificationScheme=\"licensor.subject\"><classificationItem><className>Business</className></classificationItem></classification></classificationGroup><classificationGroup classificationScheme=\"indexing-terms\"><classification classificationScheme=\"subject\"><classificationItem score=\"90\"><classCode>N926110GJ</classCode><className>CONSUMER PROTECTION</className><classCode/><className/></classificationItem><classificationItem score=\"90\"><classCode>ST000DDG6</classCode><className>CONSUMER WATCHDOGS</className><classCode/><className/></classificationItem><classificationItem score=\"89\"><classCode>STX000165</classCode><className>BANKING &amp; FINANCE ASSOCIATIONS</className><classCode/><className/></classificationItem><classificationItem score=\"89\"><classCode>N813910MM</classCode><className>BUSINESS &amp; PROFESSIONAL ASSOCIATIONS</className><classCode/><className/></classificationItem><classificationItem score=\"89\"><classCode>ST0008X57</classCode><className>CONSUMER LAW</className><classCode>Z3VpZD11cm46dG9waWM6RDJBNDY2Rjc3Mzk4NDI3NUJDOTlCQTRCNzE2M0IwRTU7cGFyZW50Z3VpZD11cm46dG9waWM6REEyRTNDM0JGQzYyNEMyOEFGNTAwNUJEOUU1MDg4NjU</classCode><className>Consumer Protection</className></classificationItem><classificationItem score=\"89\"><classCode>ST000DJQC</classCode><className>CONSUMERS</className><classCode/><className/></classificationItem><classificationItem score=\"89\"><classCode>N921120CC</classCode><className>LEGISLATIVE BODIES</className><classCode/><className/></classificationItem><classificationItem score=\"89\"><classCode>STX001462</classCode><className>REGULATORY COMPLIANCE</className><classCode/><className/></classificationItem><classificationItem score=\"78\"><classCode>N926150GC</classCode><className>BANKING &amp; FINANCE REGULATION</className><classCode/><className/></classificationItem><classificationItem score=\"78\"><classCode>ST0009FJK</classCode><className>NEGATIVE PERSONAL NEWS</className><classCode/><className/></classificationItem><classificationItem score=\"78\"><classCode>ST00096L2</classCode><className>RATINGS &amp; REVIEWS</className><classCode/><className/></classificationItem><classificationItem score=\"75\"><classCode>ST000A7IS</classCode><className>ASSOCIATIONS &amp; ORGANIZATIONS</className><classCode/><className/></classificationItem><classificationItem score=\"73\"><classCode>ST000916U</classCode><className>CUSTOMER SATISFACTION</className><classCode/><className/></classificationItem><classificationItem score=\"66\"><classCode>ST000D1BY</classCode><className>EXECUTIVES</className><classCode/><className/></classificationItem><classificationItem score=\"66\"><classCode>N922120CC</classCode><className>LAW ENFORCEMENT</className><classCode/><className/></classificationItem><classificationItem score=\"64\"><classCode>STX000969</classCode><className>INVESTIGATIONS</className><classCode/><className/></classificationItem><classificationItem score=\"60\"><classCode>STX001932</classCode><className>CRIME, LAW ENFORCEMENT &amp; CORRECTIONS</className><classCode/><className/></classificationItem><classificationItem score=\"60\"><classCode>ST000DMP4</classCode><className>VIGILANTISM</className><classCode/><className/></classificationItem><classificationItem score=\"60\"><classCode>ST000D1CF</classCode><className>WHISTLEBLOWERS</className><classCode/><className/></classificationItem></classification><classification classificationScheme=\"industry\"><classificationItem score=\"90\"><classCode>N520000CC</classCode><className>BANKING &amp; FINANCE</className><classCode/><className/></classificationItem><classificationItem score=\"90\"><classCode>N522291CC</classCode><className>CONSUMER LENDING</className><classCode/><className/></classificationItem><classificationItem score=\"90\"><classCode>ST00093QP</classCode><className>FINANCIAL PLANNING</className><classCode/><className/></classificationItem><classificationItem score=\"90\"><classCode>STX001313</classCode><className>PERSONAL FINANCE</className><classCode/><className/></classificationItem><classificationItem score=\"89\"><classCode>STX000165</classCode><className>BANKING &amp; FINANCE ASSOCIATIONS</className><classCode/><className/></classificationItem><classificationItem score=\"78\"><classCode>N926150GC</classCode><className>BANKING &amp; FINANCE REGULATION</className><classCode/><className/></classificationItem><classificationItem score=\"78\"><classCode>ST0009RX6</classCode><classCode/><className/></classificationItem><classificationItem score=\"77\"><classCode>STX000424</classCode><className>CREDIT CARDS</className><classCode/><className/></classificationItem><classificationItem score=\"73\"><classCode>ST000916U</classCode><className>CUSTOMER SATISFACTION</className><classCode/><className/></classificationItem><classificationItem score=\"72\"><classCode>STX001482</classCode><className>RESTAURANTS</className><classCode/><className/></classificationItem><classificationItem score=\"71\"><classCode>N721110GM</classCode><className>HOTELS &amp; MOTELS</className><classCode/><className/></classificationItem></classification><classification classificationScheme=\"person\"><classificationItem score=\"69\"><classCode>PE000DNAW</classCode><className>ABBY FINKENAUER</className><classCode/><className/></classificationItem></classification><classification classificationScheme=\"city\"><classificationItem score=\"73\"><classCode>GX014</classCode><className>SYDNEY, AUSTRALIA</className><classCode/><className/></classificationItem></classification><classification classificationScheme=\"country\"><classificationItem score=\"93\"><classCode>GC301</classCode><className>AUSTRALIA</className><classCode/><className/></classificationItem></classification></classificationGroup></metadata></articleDoc></content></entry>"}