{"prediction_class": "Fraud Embezzlement Misappropriation", "prediction_score": "0.98", "name": "Macquarie Group", "title": "'Illicit profits' fuel royal commission calls", "published": "2016-08-20T00:00:00Z", "updated": "2020-11-15T21:46:47Z", "cleaned_article": "[TITLE] 'Illicit profits' fuel royal commission calls [TITLE] \n\nIndeed on Saturday several politicians will come together for the first in a string of forums to promote a royal commission. The meeting, to be held in Townsville, will include \"home owners, primary producers, small business owners and all workers harassed by bank demands and foreclosures\" and state and federal politicians including Bob Katter, Rod Culleton, Malcolm Roberts, Rob Katter and Shane Knuth. There have been numerous inquiries into the financial services sector over the past few years, largely on the back of scandals. Each inquiry has brought with it a series of recommendations designed to fix up a different piece of the mess. In some cases the recommendations never see the light of day; in other cases, they are waiting to be introduced. They include establishment of a body to set new education and professional standards for financial advisers. This recommendation followed a series of scandals, including at CBA, Macquarie Group and National Australia Bank's financial planning arms, which highlighted flaws in education standards for advisers - including the fact that the minimum qualification, known as RG146, involves a course that can be done in less than eight days. Instances of institutionalised cheating on exams have come to light. At Macquarie Private Wealth, advisers nicknamed the practice of cheating on continuous professional development exams as the Penske File, a practice where a few advisers sit the online exam then game the system by printing out the tests with the answers and circulating them to colleagues. At IOOF, one executive who has since left the organisation was caught getting his staff to do his compliance exams for him. There is urgent need for uniform professional standards across the sector.", "raw_cleaned_article": "<h2>'Illicit profits' fuel royal commission calls</h2><p>Indeed on Saturday several politicians will come together for the first in a string of forums to promote a royal commission. The meeting, to be held in Townsville, will include \"home owners, primary producers, small business owners and all workers harassed by bank demands and foreclosures\" and state and federal politicians including Bob Katter, Rod Culleton, Malcolm Roberts, Rob Katter and Shane Knuth. There have been numerous inquiries into the financial services sector over the past few years, largely on the back of scandals. Each inquiry has brought with it a series of recommendations designed to fix up a different piece of the mess. <b>In some cases the recommendations never see the light of day; in other cases, they are waiting to be introduced. They include establishment of a body to set new education and professional standards for financial advisers. This recommendation followed a series of scandals, including at CBA, Macquarie Group and National Australia Bank's financial planning arms, which highlighted flaws in education standards for advisers - including the fact that the minimum qualification, known as RG146, involves a course that can be done in less than eight days.</b> Instances of institutionalised cheating on exams have come to light. At Macquarie Private Wealth, advisers nicknamed the practice of cheating on continuous professional development exams as the Penske File, a practice where a few advisers sit the online exam then game the system by printing out the tests with the answers and circulating them to colleagues. At IOOF, one executive who has since left the organisation was caught getting his staff to do his compliance exams for him. There is urgent need for uniform professional standards across the sector.</p>", "original_content": "<entry xmlns=\"http://www.w3.org/2005/Atom\"><id>urn:contentItem:5KH1-1YD1-JD34-V0WH-00000-00</id><title>'Illicit profits' fuel royal commission calls</title><published>2016-08-20T00:00:00Z</published><updated>2020-11-15T21:46:47Z</updated><author><name>LexisNexis</name></author><content type=\"application/xml\"><!--Transformation version 1.23--><articleDoc xmlns=\"\" xmlns:xsi=\"http://www.w3.org/2001/XMLSchema-instance\" xsi:noNamespaceSchemaLocation=\"http://www.lexisnexis.com/xmlschemas/content/public/articledoc/1/\" schemaVersion=\"1.8\" xml:lang=\"en\"><articleDocHead><itemInfo><sourceSectionInfo><positionSection>BUSINESS</positionSection><positionSequence>Pg. 2</positionSequence></sourceSectionInfo></itemInfo></articleDocHead><nitf:body xmlns:nitf=\"http://iptc.org/std/NITF/2006-10-18/\"><nitf:body.head><nitf:hedline><nitf:hl1>'Illicit profits' fuel royal commission calls</nitf:hl1></nitf:hedline><nitf:byline><author><person><nameText>Adele Ferguson</nameText></person></author></nitf:byline></nitf:body.head><nitf:body.content><bodyText><p nitf:lede=\"true\">The Turnbull government's key argument against a royal commission into financial services was dealt a savage blow this week when a lawsuit was filed in New York alleging the big four banks and others generated hundreds of millions of dollars in \"illicit profits\" by artificially fixing bank bill swap rates (BBSW).</p><p nitf:lede=\"true\">\"Defendants manipulated BBSW so frequently that traders often joked about how easy it was to fix the rate,\" the lawsuit filed by two US hedge funds and a commodities trader claims. \"When one ANZ trader sarcastically commented 'lucky the rate sets are all legit and there is no manipulation within the Australian financial system', his colleague replied 'ahahah'.\"</p><p>In another instance, the lawsuit says a trader at Commonwealth Bank sent a cartoon bus with BBSW written on the side \"to a co-conspirator at Westpac\". It says, \"the Westpac trader, acknowledging that both had successfully manipulated the BBSW fix that day, jokingly replied: 'You been run over by that big fat bus? ... saw the lovely CBA having a small lash as well ... nice work!\"'</p><p>It is damning stuff that has spread like wildfire - globally. While the banks deny the allegations and say they will fight them, just as they are fighting ASIC's allegations of rate rigging, the genie is out of the bottle.</p><p>Who knows where this will go, or who else might come out of the woodwork looking at legal action? It will make the calls for a royal commission into the financial services sector all the stronger.</p><p>A key argument being pushed by the Coalition, bank chief executives and lobbyists is that a royal commission would damage the banking sector's reputation internationally and potentially undermine stability.</p><p>But it seems this legal action has put paid to that excuse. The truth is a royal commission into the financial services sector would not damage the stability of the banks internationally.</p><p>Investors place their money where they get the best return. It is why recent scandals, no matter how egregious, have had little or no impact on the share prices of the banks.</p><p>David Murray's own financial system inquiry (FSI) report has ensured our banks are \"unquestionably strong\" and have capital ratios that stand them in the top quartile internationally. The banks' strength and standing with international investors is not the issue.</p><p>On Friday, ratings agency Moody's changed its outlook on the big banks from stable to negative, pointing to the challenges in Australia's economy flowing from the end of the mining boom. But it was at pains to point to the strong capital buffers and liquid asset holdings in place at the banks.</p><p>What is hurting bank reputations is the lack of real and meaningful change after years of scandals and ethical failings in the sector. These failings have hurt everyday Australians.</p><p>It is why there will continue to be agitation for a royal commission by the ALP, the Greens, some of the crossbenchers and One Nation.</p><p>Indeed on Saturday several politicians will come together for the first in a string of forums to promote a royal commission. The meeting, to be held in Townsville, will include \"home owners, primary producers, small business owners and all workers harassed by bank demands and foreclosures\" and state and federal politicians including Bob Katter, Rod Culleton, Malcolm Roberts, Rob Katter and Shane Knuth.</p><p>There have been numerous inquiries into the financial services sector over the past few years, largely on the back of scandals. Each inquiry has brought with it a series of recommendations designed to fix up a different piece of the mess.</p><p>In some cases the recommendations never see the light of day; in other cases, they are waiting to be introduced. They include establishment of a body to set new education and professional standards for financial advisers. This recommendation followed a series of scandals, including at CBA, Macquarie Group and National Australia Bank's financial planning arms, which highlighted flaws in education standards for advisers - including the fact that the minimum qualification, known as RG146, involves a course that can be done in less than eight days.</p><p>Instances of institutionalised cheating on exams have come to light. At Macquarie Private Wealth, advisers nicknamed the practice of cheating on continuous professional development exams as the Penske File, a practice where a few advisers sit the online exam then game the system by printing out the tests with the answers and circulating them to colleagues. At IOOF, one executive who has since left the organisation was caught getting his staff to do his compliance exams for him.</p><p>There is urgent need for uniform professional standards across the sector.</p><p>Another recommendation that got a lot of airing this week was the establishment of an independent tribunal for victims of financial scandals to have their cases heard. The idea, which came out of a parliamentary joint committee inquiry into impaired loans, was seized on by Queensland Liberal Warren Entsch as part of a backflip on his previous stance supporting a banks royal commission. \"Rather than posture for a royal commission, if we can set this independent tribunal up ... I think that would be infinitely more sensible,\" he told the media.</p><p>How Entsch's call for a tribunal will go down in the party room will be fascinating to watch. If it gets the green light it will give an insight into just how far the government is prepared to go to douse calls for a royal commission.</p><p>The brutal reality is the government has already set up a panel to review external dispute resolution schemes, including the Financial Ombudsman Service, the Superannuation Complaints Tribunal and the Credit and Investments Ombudsman.</p><p>A report, outlining a set of recommendations, is due in March. Chaired by Professor Ian Ramsay, it will look at different models in providing \"effective avenues for resolving disputes\", funding issues and inefficiencies.</p><p>Most people would agree that various compensation schemes and EDR bodies that deal with \"bank bastardry\" need to be overhauled.</p><p>But why Entsch would jump the gun before the panel has done its job can only be interpreted as a thinly veiled attempt to back away from a royal commission - as well as that embarrassing moment when he would need to cross the floor to support others who are calling for one.</p><p>He will need to come up with a better excuse than that.</p></bodyText></nitf:body.content><nitf:body.end><graphic><nitf:media><caption><p>CARTOON: Cathy Wilcox</p></caption></nitf:media></graphic></nitf:body.end></nitf:body><metadata><dc:metadata xmlns:dc=\"http://purl.org/dc/elements/1.1/\"><dc:identifier identifierScheme=\"DOC-ID\">AGEMLB-6r3llw7m2zk80znh4yy</dc:identifier><dc:source sourceScheme=\"royaltyReportingKey\">AGEMLB2016</dc:source><dc:identifier identifierScheme=\"PGUID\">urn:contentItem:5KH1-1YD1-JD34-V0WH-00000-00</dc:identifier><dc:source sourceScheme=\"productContentSetIdentifier\">314239</dc:source><dc:date dateType=\"last-updated\">1901-11-11</dc:date></dc:metadata><wordCount number=\"1059\"/><publicationInfo><copyright>Copyright 2016 The Age Company Limited All Rights Reserved</copyright><publicationName>The Age (Melbourne, Australia)</publicationName><edition>First Edition</edition><publicationDate day=\"20\" month=\"08\" year=\"2016\"><dateText>August 20, 2016 Saturday</dateText></publicationDate><classification classificationScheme=\"publicationtype\"><classificationItem><className>Newspaper</className></classificationItem></classification><classification classificationScheme=\"publicationtype\"><classificationItem><className>Newspapers</className></classificationItem></classification></publicationInfo><classification classificationScheme=\"language\"><classificationItem classificationScheme=\"lang.english\"><className>ENGLISH</className></classificationItem></classification><classificationGroup classificationScheme=\"licensor.indexing-terms\"><classification classificationScheme=\"licensor.region\"><classificationItem><className>Australia</className></classificationItem></classification><classification classificationScheme=\"licensor.subject\"><classificationItem><className>Industry/Financial Services</className></classificationItem><classificationItem><className>Economy/Monetary Policy</className></classificationItem><classificationItem><className>Law/Cases</className></classificationItem><classificationItem><className>Industry/Banking</className></classificationItem></classification></classificationGroup><classificationGroup classificationScheme=\"indexing-terms\"><classification classificationScheme=\"subject\"><classificationItem score=\"91\"><classCode>STX001648</classCode><className>SUITS &amp; CLAIMS</className><classCode/><className/></classificationItem><classificationItem score=\"91\"><classCode>STX001040</classCode><className>LITIGATION</className><classCode/><className/></classificationItem><classificationItem score=\"89\"><classCode>ST0009SVL</classCode><className>BANKING &amp; FINANCE SECTOR PERFORMANCE</className><classCode/><className/></classificationItem><classificationItem score=\"78\"><classCode>STX001042</classCode><className>LOBBYING</className><classCode/><className/></classificationItem><classificationItem score=\"78\"><classCode>ST000DIJW</classCode><className>PRICES</className><classCode/><className/></classificationItem><classificationItem score=\"77\"><classCode>ST000CTIZ</classCode><className>SCANDALS</className><classCode/><className/></classificationItem><classificationItem score=\"75\"><classCode>STX000714</classCode><className>FINANCIAL RATINGS</className><classCode/><className/></classificationItem><classificationItem score=\"73\"><classCode>STX000369</classCode><className>CONSPIRACY</className><classCode>Z3VpZD11cm46dG9waWM6Q0FGMDkyQTE0NTI1NEUyNkE0NjUxM0E2OTBDQjQ0NUU7cGFyZW50Z3VpZD11cm46dG9waWM6NzZBMzM3QjFDOTcxNENCNzhBNTE0MzVGMzBBMzdERUY</classCode><className>Conspiracy</className></classificationItem><classificationItem score=\"69\"><classCode>STX000654</classCode><className>ETHICS</className><classCode/><className/></classificationItem><classificationItem score=\"61\"><classCode>STX000749</classCode><className>FOREIGN INVESTMENT</className><classCode/><className/></classificationItem><classificationItem score=\"50\"><classCode>ST000D1BY</classCode><className>EXECUTIVES</className><classCode/><className/></classificationItem></classification><classification classificationScheme=\"industry\"><classificationItem score=\"90\"><classCode>N520000CC</classCode><className>BANKING &amp; FINANCE</className><classCode/><className/></classificationItem><classificationItem score=\"89\"><classCode>ST0009RX6</classCode><classCode/><className/></classificationItem><classificationItem score=\"89\"><classCode>ST0009SVL</classCode><className>BANKING &amp; FINANCE SECTOR PERFORMANCE</className><classCode/><className/></classificationItem><classificationItem score=\"77\"><classCode>STX001661</classCode><className>SWAP TRANSACTIONS</className><classCode/><className/></classificationItem><classificationItem score=\"75\"><classCode>STX000714</classCode><className>FINANCIAL RATINGS</className><classCode/><className/></classificationItem><classificationItem score=\"71\"><classCode>N523130EM</classCode><className>COMMODITIES TRADING</className><classCode/><className/></classificationItem><classificationItem score=\"71\"><classCode>N523140CC</classCode><className>COMMODITIES BROKERS</className><classCode/><className/></classificationItem><classificationItem score=\"71\"><classCode>ST000CZTI</classCode><className>STOCK PRICES</className><classCode/><className/></classificationItem><classificationItem score=\"56\"><classCode>N525910EE</classCode><className>HEDGE FUNDS</className><classCode>Z3VpZD11cm46dG9waWM6QkY2N0Y5NDExMUY3NEE0NEJERkNDM0ZCNzIxRUU3OTg7cGFyZW50Z3VpZD11cm46dG9waWM6NEZBNjUwRkEwQjJGNDgzQzlEMzMyNEE1RDAyOTY4RkE</classCode><className>Hedge Funds</className></classificationItem></classification><classification classificationScheme=\"state\"><classificationItem score=\"79\"><classCode>GS148</classCode><className>NEW YORK, USA</className><classCode/><className/></classificationItem></classification><classification classificationScheme=\"country\"><classificationItem score=\"93\"><classCode>GC301</classCode><className>AUSTRALIA</className><classCode/><className/></classificationItem></classification></classificationGroup></metadata></articleDoc></content></entry>"}