{"prediction_class": "Fraud Embezzlement Misappropriation", "prediction_score": "0.98", "name": "Macquarie Group", "title": "Coalition 'no' to CBA royal commission;Financial advice - Government to release response on Friday", "published": "2014-10-24T00:00:00Z", "updated": "2020-11-15T22:20:17Z", "cleaned_article": "[TITLE] Coalition 'no' to CBA royal commission;Financial advice - Government to release response on Friday [TITLE] \n\n\"Tens if not hundreds of thousands of victims are suffering and they have done so for decades, but this government refuses to act.\" Since the Senate inquiry, CBA has set up a compensation scheme available to up to 400,000 customers who may have received shoddy advice. The inquiry, sparked by a Fairfax Media investigation into widespread misconduct among CBA financial planners and managers, also called for a wider investigation into the financial planning arms of other industry participants, including Macquarie Group. Since the recommendations were released on June 26, ASIC has agreed to set up an Office of the Whistleblower to improve the way it deals with whistleblowers. The government is also considering a user-pays model to help fund ASIC, which is facing savage budget cuts of $120 million over four years.", "raw_cleaned_article": "<h2>Coalition 'no' to CBA royal commission;Financial advice - Government to release response on Friday</h2><p>\"Tens if not hundreds of thousands of victims are suffering and they have done so for decades, but this government refuses to act.\" Since the Senate inquiry, CBA has set up a compensation scheme available to up to 400,000 customers who may have received shoddy advice. <b>The inquiry, sparked by a Fairfax Media investigation into widespread misconduct among CBA financial planners and managers, also called for a wider investigation into the financial planning arms of other industry participants, including Macquarie Group.</b> Since the recommendations were released on June 26, ASIC has agreed to set up an Office of the Whistleblower to improve the way it deals with whistleblowers. The government is also considering a user-pays model to help fund ASIC, which is facing savage budget cuts of $120 million over four years.</p>", "original_content": "<entry xmlns=\"http://www.w3.org/2005/Atom\"><id>urn:contentItem:5DF0-KPW1-JD34-V065-00000-00</id><title>Coalition 'no' to CBA royal commission;Financial advice - Government to release response on Friday</title><published>2014-10-24T00:00:00Z</published><updated>2020-11-15T22:20:17Z</updated><author><name>LexisNexis</name></author><content type=\"application/xml\"><!--Transformation version 1.23--><articleDoc xmlns=\"\" xmlns:xsi=\"http://www.w3.org/2001/XMLSchema-instance\" xsi:noNamespaceSchemaLocation=\"http://www.lexisnexis.com/xmlschemas/content/public/articledoc/1/\" schemaVersion=\"1.8\" xml:lang=\"en\"><articleDocHead><itemInfo><sourceSectionInfo><positionSection>BUSINESS</positionSection><positionSequence>Pg. 19</positionSequence></sourceSectionInfo></itemInfo></articleDocHead><nitf:body xmlns:nitf=\"http://iptc.org/std/NITF/2006-10-18/\"><nitf:body.head><nitf:hedline><nitf:hl1>Coalition 'no' to CBA royal commission</nitf:hl1><nitf:hl2>Financial advice - Government to release response on Friday</nitf:hl2></nitf:hedline><nitf:byline><author><person><nameText>Adele Ferguson, Ruth Williams</nameText></person></author></nitf:byline></nitf:body.head><nitf:body.content><bodyText><p nitf:lede=\"true\">The Coalition government has refused to hold a royal commission on Commonwealth Bank as part of its response to a landmark Senate inquiry.</p><p nitf:lede=\"true\">The inquiry, which spanned 12 months and attracted a record number of submissions, scrutinised the performance of the corporate regulator in the wake of revelations by a whistleblower of misconduct and fraud in CBA's financial planning arm.</p><p nitf:lede=\"true\">Thousands of people lost their life savings as a result of the allegedly bad advice given to them by planners at the country's biggest bank.</p><p>The government will on Friday release its response to some of the inquiry's 61 recommendations, many of which aimed to address failures within the Australian Securities and Investments Commission (ASIC) which took 16 months to act on warnings of the misconduct and cover-up within CBA.</p><p>However, it has pushed back decisions on recommendations relating to ASIC's functions, powers and funding, until the Financial System Inquiry currently under way reports later this year.</p><p>The government has agreed to a key recommendation of the inquiry to set up a national registry of financial planners to track bad apples.</p><p>It will release details of the registry, which will require all advisers to list their name, status and work history, qualifications, membership of a professional body, any previous sanctions or banning, and details of the ownership of the licensee.</p><p>This will enable consumers to readily track planners and identify which institution they are aligned with - currently difficult despite the domination of the big four banks and AMP, which own or are tied to 80 per cent of the financial planning industry.</p><p>CBA whistleblower Jeff Morris expressed disappointment at the government's decision, saying it had called other royal commissions \"at the drop of a hat into unions and pink batts for blatantly political purposes, yet had not accepted the thoroughly reasoned recommendations of a bi-partisan Senate committee\".</p><p>He said the case for a royal commission was compelling and grew stronger every day.</p><p>\"Since the Senate report, the problems at Macquarie Private Wealth have emerged, the ludicrously low standards of training have been exposed, one-third of insurance advice has been found to be defective, thousands of Timbercorp victims face losing their homes, and CBA has been dragging the chain on a questionable compensation scheme for victims,\" he said.</p><p>\"Tens if not hundreds of thousands of victims are suffering and they have done so for decades, but this government refuses to act.\"</p><p>Since the Senate inquiry, CBA has set up a compensation scheme available to up to 400,000 customers who may have received shoddy advice.</p><p>The inquiry, sparked by a Fairfax Media investigation into widespread misconduct among CBA financial planners and managers, also called for a wider investigation into the financial planning arms of other industry participants, including Macquarie Group.</p><p>Since the recommendations were released on June 26, ASIC has agreed to set up an Office of the Whistleblower to improve the way it deals with whistleblowers.</p><p>The government is also considering a user-pays model to help fund ASIC, which is facing savage budget cuts of $120 million over four years.</p><p>This would involve groups such as liquidators and financial advisers contributing to the cost of monitoring and regulating their industries.</p><p>ASIC has previously estimated that the move would raise $287 million from these and other industries.</p><p>Auditors are estimated to cost the watchdog about $6 million to regulate but only pay $425,000 in fees; Australian Financial Services licensees cost ASIC an estimated $108 million a year to regulate, but only pay $3.7 million in fees.</p></bodyText></nitf:body.content></nitf:body><metadata><dc:metadata xmlns:dc=\"http://purl.org/dc/elements/1.1/\"><dc:identifier identifierScheme=\"DOC-ID\">AGEMLB-6hlep3uqly01m3h3hafp</dc:identifier><dc:source sourceScheme=\"royaltyReportingKey\">AGEMLB2014</dc:source><dc:identifier identifierScheme=\"PGUID\">urn:contentItem:5DF0-KPW1-JD34-V065-00000-00</dc:identifier><dc:source sourceScheme=\"productContentSetIdentifier\">314239</dc:source><dc:date dateType=\"last-updated\">2019-10-03</dc:date></dc:metadata><wordCount number=\"611\"/><publicationInfo><copyright>Copyright 2014 The Age Company Limited All Rights Reserved</copyright><publicationName>The Age (Melbourne, Australia)</publicationName><edition>First Edition</edition><publicationDate day=\"24\" month=\"10\" year=\"2014\"><dateText>October 24, 2014 Friday</dateText></publicationDate><classification classificationScheme=\"publicationtype\"><classificationItem><className>Newspaper</className></classificationItem></classification><classification classificationScheme=\"publicationtype\"><classificationItem><className>Newspapers</className></classificationItem></classification></publicationInfo><classification classificationScheme=\"language\"><classificationItem classificationScheme=\"lang.english\"><className>ENGLISH</className></classificationItem></classification><classificationGroup classificationScheme=\"indexing-terms\"><classification classificationScheme=\"company\"><classificationItem score=\"70\"><classCode>CC000A36L</classCode><className>MACQUARIE GROUP LTD</className></classificationItem><classificationItem score=\"56\"><classCode>CC000264I</classCode><className>FAIRFAX MEDIA LTD</className></classificationItem></classification><classification classificationScheme=\"industry\"><classificationItem score=\"70\"><className>NAICS523110 INVESTMENT BANKING &amp; SECURITIES DEALING</className></classificationItem><classificationItem score=\"56\"><className>NAICS511120 PERIODICAL PUBLISHERS</className></classificationItem><classificationItem score=\"56\"><className>NAICS511110 NEWSPAPER PUBLISHERS</className></classificationItem><classificationItem score=\"56\"><className>SIC8999 SERVICES, NEC</className></classificationItem><classificationItem score=\"56\"><className>SIC2721 PERIODICALS: PUBLISHING, OR PUBLISHING &amp; PRINTING</className></classificationItem><classificationItem score=\"56\"><className>SIC2711 NEWSPAPERS: PUBLISHING, OR PUBLISHING &amp; PRINTING</className></classificationItem></classification><classification classificationScheme=\"ticker\"><classificationItem score=\"70\"><className>MQG (ASX)</className></classificationItem><classificationItem score=\"56\"><className>FXJ (ASX)</className></classificationItem></classification></classificationGroup><classificationGroup classificationScheme=\"licensor.indexing-terms\"><classification classificationScheme=\"licensor.region\"><classificationItem><className>Australia</className></classificationItem></classification><classification classificationScheme=\"licensor.subject\"><classificationItem><className>Industry/Financial Services</className></classificationItem><classificationItem><className>Company/COMMONWEALTH BANK OF AUSTRALIA</className></classificationItem><classificationItem><className>Politics/Political Parties Groups/Liberal Party of Australia</className></classificationItem><classificationItem><className>Company/Australian Securities and Investment Commission/ASIC</className></classificationItem><classificationItem><className>Inquiry</className></classificationItem></classification></classificationGroup><classificationGroup classificationScheme=\"indexing-terms\"><classification classificationScheme=\"subject\"><classificationItem score=\"91\"><classCode>ST0009FJK</classCode><className>NEGATIVE PERSONAL NEWS</className><classCode/><className/></classificationItem><classificationItem score=\"90\"><classCode>N920000CC</classCode><className>GOVERNMENT &amp; PUBLIC ADMINISTRATION</className><classCode>Z3VpZD11cm46dG9waWM6MjdEQjE4OUJDMzQxNDNEMEI0RTI1QUFCMzJENjEwRTA7cGFyZW50Z3VpZD11cm46dG9waWM6MUFEMUQ2QTA1OUZCNEE5RjkzNTA2RERFMUNEOTk1RTI</classCode><className>Governments</className></classificationItem><classificationItem score=\"90\"><classCode>STX001149</classCode><className>MISCONDUCT</className><classCode/><className/></classificationItem><classificationItem score=\"90\"><classCode>ST0009T6P</classCode><className>PUBLISHING SECTOR PERFORMANCE</className><classCode/><className/></classificationItem><classificationItem score=\"90\"><classCode>STX001976</classCode><className>SECURITIES &amp; OTHER INVESTMENTS</className><classCode/><className/></classificationItem><classificationItem score=\"90\"><classCode>ST000DL5Q</classCode><className>TYPES OF GOVERNMENT</className><classCode/><className/></classificationItem><classificationItem score=\"89\"><classCode>STX000759</classCode><className>FRAUD &amp; FINANCIAL CRIME</className><classCode/><className/></classificationItem><classificationItem score=\"89\"><classCode>STX000969</classCode><className>INVESTIGATIONS</className><classCode/><className/></classificationItem><classificationItem score=\"89\"><classCode>STX001346</classCode><className>POLITICS</className><classCode/><className/></classificationItem><classificationItem score=\"89\"><classCode>ST000D1CF</classCode><className>WHISTLEBLOWERS</className><classCode/><className/></classificationItem><classificationItem score=\"78\"><classCode>N926150GC</classCode><className>BANKING &amp; FINANCE REGULATION</className><classCode/><className/></classificationItem><classificationItem score=\"78\"><classCode>N813910MM</classCode><className>BUSINESS &amp; PROFESSIONAL ASSOCIATIONS</className><classCode/><className/></classificationItem><classificationItem score=\"78\"><classCode>ST000DJQC</classCode><className>CONSUMERS</className><classCode/><className/></classificationItem><classificationItem score=\"78\"><classCode>N813940GM</classCode><className>POLITICAL ORGANIZATIONS</className><classCode/><className/></classificationItem><classificationItem score=\"78\"><classCode>N813940MM</classCode><className>POLITICAL PARTIES</className><classCode/><className/></classificationItem></classification><classification classificationScheme=\"industry\"><classificationItem score=\"90\"><classCode>N520000CC</classCode><className>BANKING &amp; FINANCE</className><classCode/><className/></classificationItem><classificationItem score=\"90\"><classCode>ST00093QP</classCode><className>FINANCIAL PLANNING</className><classCode/><className/></classificationItem><classificationItem score=\"90\"><classCode>N511110MM</classCode><className>NEWSPAPER PUBLISHING</className><classCode/><className/></classificationItem><classificationItem score=\"90\"><classCode>N511120MM</classCode><className>PERIODICAL PUBLISHING</className><classCode/><className/></classificationItem><classificationItem score=\"90\"><classCode>N511000CC</classCode><className>PUBLISHING</className><classCode/><className/></classificationItem><classificationItem score=\"90\"><classCode>ST0009T6P</classCode><className>PUBLISHING SECTOR PERFORMANCE</className><classCode/><className/></classificationItem><classificationItem score=\"90\"><classCode>STX001976</classCode><className>SECURITIES &amp; OTHER INVESTMENTS</className><classCode/><className/></classificationItem><classificationItem score=\"90\"><classCode>ST0009RX6</classCode><classCode/><className/></classificationItem><classificationItem score=\"89\"><classCode>STX001313</classCode><className>PERSONAL FINANCE</className><classCode/><className/></classificationItem><classificationItem score=\"78\"><classCode>N926150GC</classCode><className>BANKING &amp; FINANCE REGULATION</className><classCode/><className/></classificationItem></classification><classification classificationScheme=\"city\"><classificationItem score=\"92\"><classCode>GX015</classCode><className>MELBOURNE, AUSTRALIA</className><classCode/><className/></classificationItem></classification><classification classificationScheme=\"state\"><classificationItem score=\"92\"><classCode>GS007</classCode><className>VICTORIA, AUSTRALIA</className><classCode/><className/></classificationItem></classification><classification classificationScheme=\"country\"><classificationItem score=\"96\"><classCode>GC301</classCode><className>AUSTRALIA</className><classCode/><className/></classificationItem></classification></classificationGroup></metadata></articleDoc></content></entry>"}