{"prediction_class": "Regulatory Breaches Tax Evasion Smuggling of goods", "prediction_score": "0.99", "name": "Macquarie Group", "title": "Banks face rate-rigging suit in US", "published": "2016-08-19T00:00:00Z", "updated": "2020-11-15T21:40:17Z", "cleaned_article": "[TITLE] Banks face rate-rigging suit in US [TITLE] \n\nA Florida-based commodities trader once known as the \"Prince of the Pit\" has combined with two US hedge funds to launch a class action against the four major Australian banks, Macquarie Group and a dozen global investment banks over alleged manipulation of Australia's benchmark interest rate. The case, launched in the US, borrows extensively from taped conversations by traders that form the basis of Federal Court statements of claim lodged by ASIC against ANZ, Westpac and NAB. The 87-page claim by US trader Richard Dennis, Sonterra Capital Master Fund and FrontPoint Asian Event Driven Fund alleges that the banks made \"hundreds of millions (if not billions) of dollars in illegitimate profits\".", "raw_cleaned_article": "<h2>Banks face rate-rigging suit in US</h2><p><b>A Florida-based commodities trader once known as the \"Prince of the Pit\" has combined with two US hedge funds to launch a class action against the four major Australian banks, Macquarie Group and a dozen global investment banks over alleged manipulation of Australia's benchmark interest rate.</b> The case, launched in the US, borrows extensively from taped conversations by traders that form the basis of Federal Court statements of claim lodged by ASIC against ANZ, Westpac and NAB. The 87-page claim by US trader Richard Dennis, Sonterra Capital Master Fund and FrontPoint Asian Event Driven Fund alleges that the banks made \"hundreds of millions (if not billions) of dollars in illegitimate profits\".</p>", "original_content": "<entry xmlns=\"http://www.w3.org/2005/Atom\"><id>urn:contentItem:5KGT-WY21-JD3N-52CJ-00000-00</id><title>Banks face rate-rigging suit in US</title><published>2016-08-19T00:00:00Z</published><updated>2020-11-15T21:40:17Z</updated><author><name>LexisNexis</name></author><content type=\"application/xml\"><!--Transformation version 1.23--><articleDoc xmlns=\"\" xmlns:xsi=\"http://www.w3.org/2001/XMLSchema-instance\" xsi:noNamespaceSchemaLocation=\"http://www.lexisnexis.com/xmlschemas/content/public/articledoc/1/\" schemaVersion=\"1.8\" xml:lang=\"en\"><articleDocHead><itemInfo><sourceSectionInfo><positionSection>BUSINESS</positionSection><positionSequence>Pg. 25</positionSequence></sourceSectionInfo></itemInfo></articleDocHead><nitf:body xmlns:nitf=\"http://iptc.org/std/NITF/2006-10-18/\"><nitf:body.head><nitf:hedline><nitf:hl1>Banks face rate-rigging suit in US</nitf:hl1></nitf:hedline><nitf:byline><author><person><nameText>RICHARD GLUYAS, LITIGATION</nameText></person></author></nitf:byline></nitf:body.head><nitf:body.content><bodyText><p nitf:lede=\"true\">A Florida-based commodities trader once known as the \"Prince of the Pit\" has combined with two US hedge funds to launch a class action against the four major Australian banks, Macquarie Group and a dozen global investment banks over alleged manipulation of Australia's benchmark interest rate.</p><p nitf:lede=\"true\">The case, launched in the US, borrows extensively from taped conversations by traders that form the basis of Federal Court statements of claim lodged by ASIC against ANZ, Westpac and NAB.</p><p>The 87-page claim by US trader Richard Dennis, Sonterra Capital Master Fund and FrontPoint Asian Event Driven Fund alleges that the banks made \"hundreds of millions (if not billions) of dollars in illegitimate profits\".</p><p>This was allegedly achieved by artificially fixing derivative prices based on the bank bill swap rate (BBSW) at levels that benefited their trading books.</p><p>\"Defendants openly discussed the callous nature of their conspiracy, including the fact that the profits reaped by manipulating BBSW came at the expense of their customers,\" the claim says.</p><p>The plaintiffs say the public material disclosed so far by the Australian Securities and Investments Commission is \"rare, smoking gun evidence\".</p><p>However, it was only the \"tip of the iceberg\", given the \"persistent, pervasive and secret nature of (the banks') multi-year conspiracy\".</p><p>One of the hedge funds behind the case, Connecticut-based Front-Point, gained fame by successfully betting against subprime mortgages in 2007 in the lead-up to the global financial crisis. Its role was dramatised in the movie The Big Short.</p><p>FrontPoint combined with New York-domiciled Sonterra last month to make similar allegations of market manipulation against another group of banks.</p><p>The case, which does not quantify damages, also goes further than those mounted by ASIC, alleging \"collusive\" communications and the sharing of proprietary information to \"align interests and avoid conduct that could harm conspiracy members\".</p><p>The case comes amid a heated political environment, with Labor ramping up calls for a royal commission into banks following a number of missteps by the sector ranging from holding back interest rate cuts to scandals in wealth management arms.</p><p>The three banks already targeted by ASIC told the Australian -Securities Exchange yesterday that they would vigorously contest the action, which will be argued in the US District Court for the southern district of New York.</p><p>ANZ noted in its statement that ASIC had not alleged there was collusion between ANZ and other institutions. Westpac similarly rejected the allegations, noting it was aware of the class action despite not yet being served. NAB also said it would fight the lawsuit in line with its defence against ASIC's allegations.</p><p>A suit was filed in New York last month alleging that dozens of banks had conspired to rig derivative prices incorporating Singapore interest rate benchmarks.</p><p>This followed Singapore's central bank censuring a record 20 banks, saying 133 traders had tried to manipulate the rates.</p><p>The banks were not fined, although 19 of them were directed to set aside additional reserves and overhaul their processes.</p><p>Sonterra and FrontPoint have been joined this time by Mr Dennis, a legendary commodities trader who started his career in the open outcry soybean pit at the Chicago Mercantile Exchange.</p><p>Starting with $US1600 borrowed from his family in the early 1970s, he reportedly made $US200 million in 10 years.</p><p>The claim says Mr Dennis, in the so-called class period that began in 2003, bought Australian dollar futures contracts that were priced artificially off the BBSW because of the banks' \"manipulative\" conduct.</p><p>For example, on November 22, 2010, he bought 119 December 2010 Australian dollar futures contracts and sold 120 contracts, resulting in a net short position of one contract.</p><p>In ASIC's writ, NAB, at least, is alleged to have manipulated the BBSW higher on the same day to benefit its $4.6 billion long exposure to the BBSW. According to the writ Mr Dennis' futures position was \"was damaged and suffered legal injury\".</p><p>Yesterday's writ says $15 trillion in Australian dollar foreign exchange and interest-rate derivatives - priced off the BBSW - was traded in the US alone in 2007.</p><p>That figure rose to $100 trillion over the class period.</p><p>While the plaintiffs say they are unable to estimate the exact number of class members, there were \"at least thousands\" of members who had transacted in BBSW-based derivatives worth trillions of dollars in the class -period.</p><p>\"This conspiracy to manipulate the prices of BBSW-based -derivatives caused both plaintiffs and members of the class to be overcharged and underpaid in their BBSW-based derivatives transactions,\" the claim says.</p><p>\"Plaintiffs and members of the class were also deprived of the ability to accurately price BBSW-based derivatives entered into during the class period, and to -accurately determine the settlement value of BBSW-based derivatives by reference to an accurate BBSW.</p><p>\"Plaintiffs and members of the class thus received, during the term of their transactions and on settlement, less in value than they would have received.\" The writ says banks manipulated the BBSW so frequently that traders \"often joked about how easy it was to fix the rate\".The other banks targeted include Citibank, JPMorgan, BNP Paribas, Royal Bank of Scotland, UBS, Commonwealth Bank, Deutsche Bank, HSBC, Lloyds, Royal Bank of Canada, Morgan Stanley and Credit Suisse.</p></bodyText></nitf:body.content></nitf:body><metadata><dc:metadata xmlns:dc=\"http://purl.org/dc/elements/1.1/\"><dc:identifier identifierScheme=\"DOC-ID\">THEAUS-TheAustralian20160819Australian25000167271932</dc:identifier><dc:source sourceScheme=\"royaltyReportingKey\">THEAUS2016</dc:source><dc:identifier identifierScheme=\"PGUID\">urn:contentItem:5KGT-WY21-JD3N-52CJ-00000-00</dc:identifier><dc:source sourceScheme=\"productContentSetIdentifier\">244777</dc:source><dc:date dateType=\"last-updated\">2018-10-17</dc:date></dc:metadata><wordCount number=\"906\"/><publicationInfo><copyright>Copyright 2016 Nationwide News Pty Limited All Rights Reserved</copyright><publicationName>The Australian</publicationName><edition>Australian Edition</edition><publicationDate day=\"19\" month=\"08\" year=\"2016\"><dateText>August 19, 2016 Friday</dateText></publicationDate><classification classificationScheme=\"publicationtype\"><classificationItem><className>Newspaper</className></classificationItem></classification><classification classificationScheme=\"publicationtype\"><classificationItem><className>Newspapers</className></classificationItem></classification></publicationInfo><classification classificationScheme=\"language\"><classificationItem classificationScheme=\"lang.english\"><className>ENGLISH</className></classificationItem></classification><classificationGroup classificationScheme=\"indexing-terms\"><classification classificationScheme=\"company\"><classificationItem score=\"58\"><classCode>CC000A36L</classCode><className>MACQUARIE GROUP LTD</className></classificationItem></classification><classification classificationScheme=\"industry\"><classificationItem score=\"58\"><className>NAICS523110 INVESTMENT BANKING &amp; SECURITIES DEALING</className></classificationItem></classification><classification classificationScheme=\"ticker\"><classificationItem score=\"58\"><className>MQG (ASX)</className></classificationItem></classification></classificationGroup><classificationGroup classificationScheme=\"indexing-terms\"><classification classificationScheme=\"legal\"><classificationItem><className>Contracts Law</className><classCode>Z3VpZD11cm46dG9waWM6QzY0RTZFMzE0RjkwNDdFQUI5M0U5N0ZFMjYyREMyQzU7cGFyZW50Z3VpZD0</classCode><classificationItem score=\"59\"><className>Futures</className><classCode>Z3VpZD11cm46dG9waWM6RUUzNDUzQTZERTFBNDI5RDhFOEM2QzA1RDIxMjQ2RkQ7cGFyZW50Z3VpZD11cm46dG9waWM6Qjg1NzgyRDNGQzg1NEM5Nzg3RjA3MEUwRTA1QUI0NkU</classCode></classificationItem></classificationItem></classification><classification classificationScheme=\"subject\"><classificationItem score=\"92\"><classCode>STX001976</classCode><className>SECURITIES &amp; OTHER INVESTMENTS</className><classCode/><className/></classificationItem><classificationItem score=\"90\"><classCode>STX000369</classCode><className>CONSPIRACY</className><classCode>Z3VpZD11cm46dG9waWM6Q0FGMDkyQTE0NTI1NEUyNkE0NjUxM0E2OTBDQjQ0NUU7cGFyZW50Z3VpZD11cm46dG9waWM6NzZBMzM3QjFDOTcxNENCNzhBNTE0MzVGMzBBMzdERUY</classCode><className>Conspiracy</className></classificationItem><classificationItem score=\"90\"><classCode>N525910EE</classCode><className>HEDGE FUNDS</className><classCode>Z3VpZD11cm46dG9waWM6QkY2N0Y5NDExMUY3NEE0NEJERkNDM0ZCNzIxRUU3OTg7cGFyZW50Z3VpZD11cm46dG9waWM6NEZBNjUwRkEwQjJGNDgzQzlEMzMyNEE1RDAyOTY4RkE</classCode><className>Hedge Funds</className></classificationItem><classificationItem score=\"90\"><classCode>ST000DLZ7</classCode><className>MARKET MANIPULATION</className><classCode/><className/></classificationItem><classificationItem score=\"90\"><classCode>ST0009QD4</classCode><className>NEGATIVE BUSINESS NEWS</className><classCode/><className/></classificationItem><classificationItem score=\"89\"><classCode>ST0008X6T</classCode><className>DERIVATIVE INSTRUMENTS</className><classCode/><className/></classificationItem><classificationItem score=\"89\"><classCode>STX000943</classCode><className>INTEREST RATES</className><classCode/><className/></classificationItem><classificationItem score=\"89\"><classCode>STX001040</classCode><className>LITIGATION</className><classCode/><className/></classificationItem><classificationItem score=\"89\"><classCode>ST000DIJW</classCode><className>PRICES</className><classCode/><className/></classificationItem><classificationItem score=\"89\"><classCode>STX001648</classCode><className>SUITS &amp; CLAIMS</className><classCode/><className/></classificationItem><classificationItem score=\"79\"><classCode>ST000DMT1</classCode><className>PATENT COURTS</className><classCode/><className/></classificationItem><classificationItem score=\"78\"><classCode>N521100MM</classCode><className>CENTRAL BANKS</className><classCode/><className/></classificationItem><classificationItem score=\"78\"><classCode>N523140CC</classCode><className>COMMODITIES BROKERS</className><classCode/><className/></classificationItem><classificationItem score=\"78\"><classCode>N523130EM</classCode><className>COMMODITIES TRADING</className><classCode/><className/></classificationItem><classificationItem score=\"78\"><classCode>STX000797</classCode><className>GLOBALIZATION</className><classCode/><className/></classificationItem><classificationItem score=\"78\"><classCode>STX001661</classCode><className>SWAP TRANSACTIONS</className><classCode/><className/></classificationItem><classificationItem score=\"77\"><classCode>STX000749</classCode><className>FOREIGN INVESTMENT</className><classCode/><className/></classificationItem><classificationItem score=\"77\"><classCode>STX000759</classCode><className>FRAUD &amp; FINANCIAL CRIME</className><classCode/><className/></classificationItem><classificationItem score=\"77\"><classCode>ST000CTIZ</classCode><className>SCANDALS</className><classCode/><className/></classificationItem><classificationItem score=\"73\"><classCode>N926150GC</classCode><className>BANKING &amp; FINANCE REGULATION</className><classCode/><className/></classificationItem><classificationItem score=\"73\"><classCode>ST000A51F</classCode><className>ECONOMIC CRISIS</className><classCode/><className/></classificationItem><classificationItem score=\"69\"><classCode>STX000268</classCode><className>CELEBRITIES</className><classCode/><className/></classificationItem></classification><classification classificationScheme=\"industry\"><classificationItem score=\"92\"><classCode>STX001976</classCode><className>SECURITIES &amp; OTHER INVESTMENTS</className><classCode/><className/></classificationItem><classificationItem score=\"90\"><classCode>N520000CC</classCode><className>BANKING &amp; FINANCE</className><classCode/><className/></classificationItem><classificationItem score=\"90\"><classCode>N525910EE</classCode><className>HEDGE FUNDS</className><classCode>Z3VpZD11cm46dG9waWM6QkY2N0Y5NDExMUY3NEE0NEJERkNDM0ZCNzIxRUU3OTg7cGFyZW50Z3VpZD11cm46dG9waWM6NEZBNjUwRkEwQjJGNDgzQzlEMzMyNEE1RDAyOTY4RkE</classCode><className>Hedge Funds</className></classificationItem><classificationItem score=\"90\"><classCode>ST000DLZ7</classCode><className>MARKET MANIPULATION</className><classCode/><className/></classificationItem><classificationItem score=\"90\"><classCode>ST0009RX6</classCode><classCode/><className/></classificationItem><classificationItem score=\"89\"><classCode>ST0008X6T</classCode><className>DERIVATIVE INSTRUMENTS</className><classCode/><className/></classificationItem><classificationItem score=\"89\"><classCode>STX000943</classCode><className>INTEREST RATES</className><classCode/><className/></classificationItem><classificationItem score=\"78\"><classCode>N521100MM</classCode><className>CENTRAL BANKS</className><classCode/><className/></classificationItem><classificationItem score=\"78\"><classCode>N523140CC</classCode><className>COMMODITIES BROKERS</className><classCode/><className/></classificationItem><classificationItem score=\"78\"><classCode>N523130EM</classCode><className>COMMODITIES TRADING</className><classCode/><className/></classificationItem><classificationItem score=\"78\"><classCode>N522292GC</classCode><className>MORTGAGE BANKING &amp; FINANCE</className><classCode/><className/></classificationItem><classificationItem score=\"78\"><classCode>STX001661</classCode><className>SWAP TRANSACTIONS</className><classCode/><className/></classificationItem><classificationItem score=\"78\"><classCode>STX001821</classCode><className>WEALTH MANAGEMENT</className><classCode/><className/></classificationItem><classificationItem score=\"73\"><classCode>N926150GC</classCode><className>BANKING &amp; FINANCE REGULATION</className><classCode/><className/></classificationItem><classificationItem score=\"69\"><classCode>STX000268</classCode><className>CELEBRITIES</className><classCode/><className/></classificationItem><classificationItem score=\"50\"><classCode>STX001641</classCode><className>SUBPRIME LENDING</className><classCode/><className/></classificationItem><classificationItem score=\"50\"><classCode>ST0009SZ3</classCode><className>SUBPRIME MORTGAGES</className><classCode/><className/></classificationItem></classification><classification classificationScheme=\"state\"><classificationItem score=\"93\"><classCode>GS148</classCode><className>NEW YORK, USA</className><classCode/><className/></classificationItem><classificationItem score=\"79\"><classCode>GS125</classCode><className>FLORIDA, USA</className><classCode/><className/></classificationItem><classificationItem score=\"54\"><classCode>GS122</classCode><className>CONNECTICUT, USA</className><classCode/><className/></classificationItem></classification><classification classificationScheme=\"country\"><classificationItem score=\"95\"><classCode>GC301</classCode><className>AUSTRALIA</className><classCode/><className/></classificationItem><classificationItem score=\"92\"><classCode>GC311</classCode><className>SINGAPORE</className><classCode/><className/></classificationItem><classificationItem score=\"92\"><classCode>GC343</classCode><className>UNITED STATES</className><classCode/><className/></classificationItem></classification></classificationGroup></metadata></articleDoc></content></entry>"}