{"prediction_class": "Fraud Embezzlement Misappropriation", "prediction_score": "0.97", "name": "Macquarie Group", "title": "Sacked planners still in industry, banks admit", "published": "2015-04-22T00:00:00Z", "updated": "2020-11-15T22:09:43Z", "cleaned_article": "[TITLE] Sacked planners still in industry, banks admit [TITLE] \n\nSacked planners still in industry: banks The chiefs of the nation's biggest banks have revealed several -financial planners previously sacked for poor advice and behaviour remain in the industry, as -details of the devastation from a range of scandals sparked renewed calls for a royal commission into the troubled sector. Hauled before a Senate committee chaired by Labor senator Sam Dastyari, chief executives and senior executives of Commonwealth Bank, National Australia Bank, Macquarie Group and ANZ were yesterday grilled on financial planning wrongdoing that ripped off thousands of customers through various instances of inappropriate advice, compliance breaches and fraud. The Senate committee drew apologies from the contrite heads of the four banks for failures by their financial planning arms that have devastated the savings of thousands of customers.Macquarie Group also supported calls for an industry-funded compensation scheme for victims of poor financial advice, saying the issue \"certainly needs examining\" after the string of scandals left some people without any remediation. While ANZ deputy chief executive Graham Hodges stopped short of supporting an industry scheme, he said there was clearly a gap in the compensation process with some victims getting short-changed because the financial planner became insolvent. CBA, the nation's biggest lender, which has been forced into the biggest compensation program for more than 300,000 -potentially wronged clients, revealed 12 advisers have been reported to police for fraud and forgery since 2011.", "raw_cleaned_article": "<h2>Sacked planners still in industry, banks admit</h2><p>Sacked planners still in industry: banks The chiefs of the nation's biggest banks have revealed several -financial planners previously sacked for poor advice and behaviour remain in the industry, as -details of the devastation from a range of scandals sparked renewed calls for a royal commission into the troubled sector. <b>Hauled before a Senate committee chaired by Labor senator Sam Dastyari, chief executives and senior executives of Commonwealth Bank, National Australia Bank, Macquarie Group and ANZ were yesterday grilled on financial planning wrongdoing that ripped off thousands of customers through various instances of inappropriate advice, compliance breaches and fraud.</b> The Senate committee drew apologies from the contrite heads of the four banks for failures by their financial planning arms that have devastated the savings of thousands of customers.</p><p>[...]</p><p>Sacked planners still in industry: banks <b>Macquarie Group also supported calls for an industry-funded compensation scheme for victims of poor financial advice, saying the issue \"certainly needs examining\" after the string of scandals left some people without any remediation.</b> While ANZ deputy chief executive Graham Hodges stopped short of supporting an industry scheme, he said there was clearly a gap in the compensation process with some victims getting short-changed because the financial planner became insolvent. CBA, the nation's biggest lender, which has been forced into the biggest compensation program for more than 300,000 -potentially wronged clients, revealed 12 advisers have been reported to police for fraud and forgery since 2011.</p>", "original_content": "<entry xmlns=\"http://www.w3.org/2005/Atom\"><id>urn:contentItem:5FTD-YGH1-JD3N-54WT-00000-00</id><title>Sacked planners still in industry, banks admit</title><published>2015-04-22T00:00:00Z</published><updated>2020-11-15T22:09:43Z</updated><author><name>LexisNexis</name></author><content type=\"application/xml\"><!--Transformation version 1.23--><articleDoc xmlns=\"\" xmlns:xsi=\"http://www.w3.org/2001/XMLSchema-instance\" xsi:noNamespaceSchemaLocation=\"http://www.lexisnexis.com/xmlschemas/content/public/articledoc/1/\" schemaVersion=\"1.8\" xml:lang=\"en\"><articleDocHead><itemInfo><sourceSectionInfo><positionSection>THENATION</positionSection><positionSequence>Pg. 1</positionSequence></sourceSectionInfo></itemInfo></articleDocHead><nitf:body xmlns:nitf=\"http://iptc.org/std/NITF/2006-10-18/\"><nitf:body.head><nitf:hedline><nitf:hl1>Sacked planners still in industry, banks admit</nitf:hl1></nitf:hedline><nitf:byline><author><person><nameText>MICHAEL BENNET</nameText></person></author></nitf:byline></nitf:body.head><nitf:body.content><bodyText><p nitf:lede=\"true\">Sacked planners still in industry: banks</p><p nitf:lede=\"true\">The chiefs of the nation's biggest banks have revealed several -financial planners previously sacked for poor advice and behaviour remain in the industry, as -details of the devastation from a range of scandals sparked renewed calls for a royal commission into the troubled sector.</p><p nitf:lede=\"true\">Hauled before a Senate committee chaired by Labor senator Sam Dastyari, chief executives and senior executives of Commonwealth Bank, National Australia Bank, Macquarie Group and ANZ were yesterday grilled on financial planning wrongdoing that ripped off thousands of customers through various instances of inappropriate advice, compliance breaches and fraud.</p><p>The Senate committee drew apologies from the contrite heads of the four banks for failures by their financial planning arms that have devastated the savings of thousands of customers.</p><p>Macquarie Group also supported calls for an industry-funded compensation scheme for victims of poor financial advice, saying the issue \"certainly needs examining\" after the string of scandals left some people without any remediation.</p><p>While ANZ deputy chief executive Graham Hodges stopped short of supporting an industry scheme, he said there was clearly a gap in the compensation process with some victims getting short-changed because the financial planner became insolvent.</p><p>CBA, the nation's biggest lender, which has been forced into the biggest compensation program for more than 300,000 -potentially wronged clients, revealed 12 advisers have been reported to police for fraud and forgery since 2011.</p><p>Victim Merilyn Swan told the committee a royal commission was the only way to expose the extent of \"white-collar crime\" and she would be taking her case to police if no further action emerged from yesterday's hearing.</p><p>CBA chief Ian Narev, who again apologised for the bank's \"poor advice\", revealed 20,000 customers had asked for more -information about the bank's open advice review program announced last year, with 207 cases assessed and 28 offered remediation at an average $15,000 each.</p><p>Only three customers have been paid a combined $79,000 so far. Responding to criticism its remediation was taking too long, Mr Narev said the more than 400 staff working on the program would not complete assessments until late next year and interest would be paid on compensation received.</p><p>\"I know that one of the criticisms of the program is that it's moving slowly. We want to move as fast as we can, but our priority this time is to get it right,\" he said, referring to previous bungled -attempts to compensate Commonwealth Financial Planning and Financial Wisdom customers.</p><p>Mr Narev also faced repeated questions regarding $70,000 a year being paid to high-profile banned former CBA planner Don Nguyen through income protection taken out with Comm--Insure, saying while he understood the moral hazard problem, the bank's legal advice was that it must continue to make the payments.</p><p>After probing from senator John Williams, it also emerged several shoddy advisers let go by the nation's biggest institutions remain in the industry. CBA wealth boss Annabel Spring said she knew some of 43 advisers the bank had dismissed in the past three years were still working elsewhere.</p><p>At Macquarie, some of 11 former advisers that it had reported to the corporate regulator for breaches remain in the industry, while NAB conceded \"a number\" of its 41 sacked advisers continue to work.</p><p>In the past 12 months, ANZ had reported six breaches to the Australian Securities &amp; Investments Commission - including two relating to its recent Prime Access scandal - and let go 16 advisers, but didn't know if any continued to work in the industry.</p><p>It came after Senator Williams called for the banks to report the circumstances behind dismissals to ASIC's new online register of advisers, which was mostly supported by the executives.</p><p>Just months after it emerged the bank has compensated more than 750 customers $15m for shoddy advice, NAB chief Andrew Thorburn agreed to take a \"leading role\" in improving the industry and compensating victims. Mr Thorburn also vowed to drop \"gag clauses\" attached to the bank's compensation so customers were free publicly to reveal wrongdoing, a pledge matched by CBA's Mr Narev.</p><p>Like his rivals, Mr Narev said CBA had dramatically improved its financial planning operations.</p><p>MORE REPORTS P2BUSINESS P19</p></bodyText></nitf:body.content></nitf:body><metadata><dc:metadata xmlns:dc=\"http://purl.org/dc/elements/1.1/\"><dc:identifier identifierScheme=\"DOC-ID\">THEAUS-The Australian20150422Australian21000125427143</dc:identifier><dc:source sourceScheme=\"royaltyReportingKey\">THEAUS2015</dc:source><dc:identifier identifierScheme=\"PGUID\">urn:contentItem:5FTD-YGH1-JD3N-54WT-00000-00</dc:identifier><dc:source sourceScheme=\"productContentSetIdentifier\">244777</dc:source><dc:date dateType=\"last-updated\">2019-10-03</dc:date></dc:metadata><wordCount number=\"728\"/><publicationInfo><copyright>Copyright 2015 Nationwide News Pty Limited All Rights Reserved</copyright><publicationName>The Australian</publicationName><edition>Australian2 Edition</edition><publicationDate day=\"22\" month=\"04\" year=\"2015\"><dateText>April 22, 2015 Wednesday</dateText></publicationDate><classification classificationScheme=\"publicationtype\"><classificationItem><className>Newspaper</className></classificationItem></classification><classification classificationScheme=\"publicationtype\"><classificationItem><className>Newspapers</className></classificationItem></classification></publicationInfo><classification classificationScheme=\"language\"><classificationItem classificationScheme=\"lang.english\"><className>ENGLISH</className></classificationItem></classification><classificationGroup classificationScheme=\"indexing-terms\"><classification classificationScheme=\"company\"><classificationItem score=\"90\"><classCode>CC0001V19</classCode><className>NATIONAL AUSTRALIA BANK LTD</className></classificationItem><classificationItem score=\"57\"><classCode>CC000A36L</classCode><className>MACQUARIE GROUP LTD</className></classificationItem></classification><classification classificationScheme=\"industry\"><classificationItem score=\"90\"><className>NAICS522293 INTERNATIONAL TRADE FINANCING</className></classificationItem><classificationItem score=\"90\"><className>NAICS522120 SAVINGS INSTITUTIONS</className></classificationItem><classificationItem score=\"90\"><className>NAICS522110 COMMERCIAL BANKING</className></classificationItem><classificationItem score=\"90\"><className>SIC6082 FOREIGN TRADE &amp; INTERNATIONAL BANKING INSTITUTIONS</className></classificationItem><classificationItem score=\"90\"><className>SIC6081 BRANCHES &amp; AGENCIES OF FOREIGN BANKS</className></classificationItem><classificationItem score=\"57\"><className>NAICS523110 INVESTMENT BANKING &amp; SECURITIES DEALING</className></classificationItem></classification><classification classificationScheme=\"ticker\"><classificationItem score=\"90\"><className>NAB (ASX)</className></classificationItem><classificationItem score=\"57\"><className>MQG (ASX)</className></classificationItem></classification></classificationGroup><classificationGroup classificationScheme=\"indexing-terms\"><classification classificationScheme=\"subject\"><classificationItem score=\"90\"><classCode>ST000D1BY</classCode><className>EXECUTIVES</className><classCode/><className/></classificationItem><classificationItem score=\"90\"><classCode>STX000951</classCode><className>INTERNATIONAL TRADE</className><classCode/><className/></classificationItem><classificationItem score=\"90\"><classCode>N522293CC</classCode><className>INTERNATIONAL TRADE FINANCING</className><classCode/><className/></classificationItem><classificationItem score=\"90\"><classCode>ST0009FJK</classCode><className>NEGATIVE PERSONAL NEWS</className><classCode/><className/></classificationItem><classificationItem score=\"90\"><classCode>STX001976</classCode><className>SECURITIES &amp; OTHER INVESTMENTS</className><classCode/><className/></classificationItem><classificationItem score=\"89\"><classCode>STX001932</classCode><className>CRIME, LAW ENFORCEMENT &amp; CORRECTIONS</className><classCode/><className/></classificationItem><classificationItem score=\"89\"><classCode>STX000759</classCode><className>FRAUD &amp; FINANCIAL CRIME</className><classCode/><className/></classificationItem><classificationItem score=\"77\"><classCode>ST000CTIZ</classCode><className>SCANDALS</className><classCode/><className/></classificationItem><classificationItem score=\"74\"><classCode>STX000416</classCode><className>COUNTERFEITING &amp; FORGERY</className><classCode>Z3VpZD11cm46dG9waWM6NENCREQ3Mjk1QUQ2NEM1OUE2QUE0NjkzNTczM0U2MUQ7cGFyZW50Z3VpZD11cm46dG9waWM6OTdGN0NBMjhBN0VBNDYzOEFCRkQyNDc2RDJDMzc3Mjg</classCode><className>Counterfeiting</className></classificationItem><classificationItem score=\"73\"><classCode>STX000166</classCode><className>INSOLVENCY &amp; BANKRUPTCY</className><classCode/><className/></classificationItem></classification><classification classificationScheme=\"industry\"><classificationItem score=\"92\"><classCode>N520000CC</classCode><className>BANKING &amp; FINANCE</className><classCode/><className/></classificationItem><classificationItem score=\"92\"><classCode>ST00093QP</classCode><className>FINANCIAL PLANNING</className><classCode/><className/></classificationItem><classificationItem score=\"92\"><classCode>ST0009RX6</classCode><classCode/><className/></classificationItem><classificationItem score=\"90\"><classCode>N522293CC</classCode><className>INTERNATIONAL TRADE FINANCING</className><classCode/><className/></classificationItem><classificationItem score=\"90\"><classCode>N522120FM</classCode><className>SAVINGS &amp; LOANS</className><classCode/><className/></classificationItem><classificationItem score=\"90\"><classCode>STX001976</classCode><className>SECURITIES &amp; OTHER INVESTMENTS</className><classCode/><className/></classificationItem></classification><classification classificationScheme=\"country\"><classificationItem score=\"94\"><classCode>GC301</classCode><className>AUSTRALIA</className><classCode/><className/></classificationItem></classification></classificationGroup></metadata></articleDoc></content></entry>"}