{"prediction_class": "Fraud Embezzlement Misappropriation", "prediction_score": "0.89", "name": "Macquarie Group", "title": "Senate inquiry turns up heat on Macquarie;Financial services - ASIC faces overhaul", "published": "2014-06-27T00:00:00Z", "updated": "2020-11-15T22:05:44Z", "cleaned_article": "[TITLE] Senate inquiry turns up heat on Macquarie;Financial services - ASIC faces overhaul [TITLE] \n\nA Senate inquiry has called for the corporate regulator to put Macquarie Group's financial planning unit under \"intensive surveillance\" as concerns about shoddy practices in the industry spread beyond the scandal at Commonwealth Bank. The Senate committee singled out Macquarie Private Wealth for extra attention, but said the Australian Securities and Investments Commission should also re-examine other financial businesses that have been of concern. It has recommended a royal commission to investigate fraud, forgery and allegations of a cover-up inside the CBA's financial planning arm.", "raw_cleaned_article": "<h2>Senate inquiry turns up heat on Macquarie;Financial services - ASIC faces overhaul</h2><p><b>A Senate inquiry has called for the corporate regulator to put Macquarie Group's financial planning unit under \"intensive surveillance\" as concerns about shoddy practices in the industry spread beyond the scandal at Commonwealth Bank.</b> The Senate committee singled out Macquarie Private Wealth for extra attention, but said the Australian Securities and Investments Commission should also re-examine other financial businesses that have been of concern. It has recommended a royal commission to investigate fraud, forgery and allegations of a cover-up inside the CBA's financial planning arm.</p>", "original_content": "<entry xmlns=\"http://www.w3.org/2005/Atom\"><id>urn:contentItem:5CHM-6D41-JD34-V1HG-00000-00</id><title>Senate inquiry turns up heat on Macquarie;Financial services - ASIC faces overhaul</title><published>2014-06-27T00:00:00Z</published><updated>2020-11-15T22:05:44Z</updated><author><name>LexisNexis</name></author><content type=\"application/xml\"><!--Transformation version 1.23--><articleDoc xmlns=\"\" xmlns:xsi=\"http://www.w3.org/2001/XMLSchema-instance\" xsi:noNamespaceSchemaLocation=\"http://www.lexisnexis.com/xmlschemas/content/public/articledoc/1/\" schemaVersion=\"1.8\" xml:lang=\"en\"><articleDocHead><itemInfo><sourceSectionInfo><positionSection>BUSINESS</positionSection><positionSequence>Pg. 21</positionSequence></sourceSectionInfo></itemInfo></articleDocHead><nitf:body xmlns:nitf=\"http://iptc.org/std/NITF/2006-10-18/\"><nitf:body.head><nitf:hedline><nitf:hl1>Senate inquiry turns up heat on Macquarie</nitf:hl1><nitf:hl2>Financial services - ASIC faces overhaul</nitf:hl2></nitf:hedline><nitf:byline><author><person><nameText>Adele Ferguson, Ben Butler</nameText></person></author></nitf:byline></nitf:body.head><nitf:body.content><bodyText><p nitf:lede=\"true\">A Senate inquiry has called for the corporate regulator to put Macquarie Group's financial planning unit under \"intensive surveillance\" as concerns about shoddy practices in the industry spread beyond the scandal at Commonwealth Bank.</p><p nitf:lede=\"true\">The Senate committee singled out Macquarie Private Wealth for extra attention, but said the Australian Securities and Investments Commission should also re-examine other financial businesses that have been of concern.</p><p nitf:lede=\"true\">It has recommended a royal commission to investigate fraud, forgery and allegations of a cover-up inside the CBA's financial planning arm.</p><p>ASIC also faces a major overhaul, with a series of recommendations designed to turn it into a more transparent, active and accountable regulator.</p><p>This includes beefing up \"enforceable undertakings\" - court-backed promises by financial institutions to clean up their act when they are caught breaking market rules.</p><p>The Senate inquiry was sparked by a series of Fairfax Media reports about misconduct by financial planners at the Commonwealth Bank affecting the life savings of thousands of customers.</p><p>Under an enforceable undertaking the bank signed with ASIC, customers of two of its financial advice businesses, Commonwealth Financial Planning Limited (CFPL) and Financial Wisdom, received compensation from a bank scheme. However, the committee has called for the scheme to be reopened after serious flaws in its operation emerged.</p><p>In January 2013, Macquarie struck a similar enforceable undertaking with ASIC, pledging to clean up \"serious\" compliance deficiencies at Macquarie Private Wealth dating back to 2008.</p><p>Noting that Macquarie failed to report the breaches to ASIC, the committee said it was concerned there might be more to be uncovered at Macquarie Private Wealth.</p><p>\"The committee is concerned with the efficacy of the enforceable undertaking entered into as a result of serious compliance deficiencies within Macquarie Private Wealth,\" it said in the report.</p><p>\"Given that ASIC did not, until recently, fully understand how the CBA was implementing its compensation schemes for clients affected by the CFPL scandal, the committee doubts ASIC is fully aware of the Macquarie business and remediation process.\"</p><p>National Party senator John Williams told the Senate there were serious concerns with Macquarie Private Wealth.</p><p>He urged ASIC to go in and \"right the wrongs\" and said that as with Commonwealth Bank and its financial planning scandal, where the bank has admitted it did the wrong thing, Macquarie needs to \"look in the mirror as well\".</p><p>The committee also noted that ASIC had recently expressed concerns about breaches at two other major groups - ANZ Custodians in 2009 and UBS Wealth Management in 2011.</p><p>Labor senator Mark Bishop, the committee's chairman, said the most important recommendation for ASIC's future was increasing the power of enforceable undertakings.</p><p>\"At the moment they are reduced to writing,\" he said. \"This regulation would enable the regulator to go in and check [that] the EU is being completed and that organisational change is happening and culture is changing.\"</p><p>Another key recommendation relates to education of financial planners. \"That is so important,\" Senator Bishop said.</p><p>In other recommendations, the committee said that company boards should appoint a designated director who is responsible for receiving and reporting violations of compliance to ASIC.</p><p>Among the 61 recommendations in the report are measures designed to improve the lot of whistleblowers by offering them rewards and strengthening laws protecting them from reprisal.</p><p>The committee also recommended that:</p><p>\"Financial advisers should have a university qualification, industry experience and sit an exam.</p><p>\"The Murray inquiry into the financial system should examine the regulation of investment products.</p><p>\"ASIC's performance should be monitored by the parliamentary joint committee on corporations and financial services.</p><p>\"The government should consider changing corporate insolvency law to bring in a regime that has features of the US' Chapter 11 regime, which gives greater protection to management and shareholders at the expense of creditors.</p></bodyText></nitf:body.content><nitf:body.end><graphic><nitf:media><caption><p>TWO PHOTOS: Focus: ASIC could be forced to make key changes. Photo: Louise Kennerley Which bank: The Commonwealth Bank was at the centre of a major scandal. Photo: AFR</p></caption></nitf:media></graphic></nitf:body.end></nitf:body><metadata><dc:metadata xmlns:dc=\"http://purl.org/dc/elements/1.1/\"><dc:identifier identifierScheme=\"DOC-ID\">SMHRLD-6fwafuzm0ww1lrjwcdwc</dc:identifier><dc:source sourceScheme=\"royaltyReportingKey\">SMHRLD2014</dc:source><dc:identifier identifierScheme=\"PGUID\">urn:contentItem:5CHM-6D41-JD34-V1HG-00000-00</dc:identifier><dc:source sourceScheme=\"productContentSetIdentifier\">314237</dc:source><dc:date dateType=\"last-updated\">2019-10-01</dc:date></dc:metadata><wordCount number=\"688\"/><publicationInfo><copyright>Copyright 2014 John Fairfax Publications Pty Ltd All Rights Reserved</copyright><publicationName>Sydney Morning Herald (Australia)</publicationName><edition>First Edition</edition><publicationDate day=\"27\" month=\"06\" year=\"2014\"><dateText>June 27, 2014 Friday</dateText></publicationDate><classification classificationScheme=\"publicationtype\"><classificationItem><className>Newspaper</className></classificationItem></classification><classification classificationScheme=\"publicationtype\"><classificationItem><className>Newspapers</className></classificationItem></classification></publicationInfo><classification classificationScheme=\"language\"><classificationItem classificationScheme=\"lang.english\"><className>ENGLISH</className></classificationItem></classification><classificationGroup classificationScheme=\"indexing-terms\"><classification classificationScheme=\"company\"><classificationItem score=\"91\"><classCode>CC000A36L</classCode><className>MACQUARIE GROUP LTD</className></classificationItem><classificationItem score=\"58\"><classCode>CC000264I</classCode><className>FAIRFAX MEDIA LTD</className></classificationItem><classificationItem score=\"51\"><classCode>CC0009QD3</classCode><className>UBS WEALTH MANAGEMENT</className></classificationItem></classification><classification classificationScheme=\"industry\"><classificationItem score=\"91\"><className>NAICS523110 INVESTMENT BANKING &amp; SECURITIES DEALING</className></classificationItem><classificationItem score=\"58\"><className>NAICS511120 PERIODICAL PUBLISHERS</className></classificationItem><classificationItem score=\"58\"><className>NAICS511110 NEWSPAPER PUBLISHERS</className></classificationItem><classificationItem score=\"58\"><className>SIC8999 SERVICES, NEC</className></classificationItem><classificationItem score=\"58\"><className>SIC2721 PERIODICALS: PUBLISHING, OR PUBLISHING &amp; PRINTING</className></classificationItem><classificationItem score=\"58\"><className>SIC2711 NEWSPAPERS: PUBLISHING, OR PUBLISHING &amp; PRINTING</className></classificationItem></classification><classification classificationScheme=\"ticker\"><classificationItem score=\"91\"><className>MQG (ASX)</className></classificationItem><classificationItem score=\"58\"><className>FXJ (ASX)</className></classificationItem></classification></classificationGroup><classificationGroup classificationScheme=\"licensor.indexing-terms\"><classification classificationScheme=\"licensor.subject\"><classificationItem><className>Business/Companies/Financial reporting</className></classificationItem><classificationItem><className>Industry/Financial Services</className></classificationItem><classificationItem><className>Politics/Parliament</className></classificationItem><classificationItem><className>Company/Macquarie Bank Ltd/Macquarie Group</className></classificationItem><classificationItem><className>Company/Australian Securities and Investment Commission/ASIC</className></classificationItem><classificationItem><className>Recommendation</className></classificationItem><classificationItem><className>Inquiry</className></classificationItem></classification></classificationGroup><classificationGroup classificationScheme=\"indexing-terms\"><classification classificationScheme=\"subject\"><classificationItem score=\"91\"><classCode>STX001976</classCode><className>SECURITIES &amp; OTHER INVESTMENTS</className><classCode/><className/></classificationItem><classificationItem score=\"90\"><classCode>STX000969</classCode><className>INVESTIGATIONS</className><classCode/><className/></classificationItem><classificationItem score=\"90\"><classCode>ST0009FJK</classCode><className>NEGATIVE PERSONAL NEWS</className><classCode/><className/></classificationItem><classificationItem score=\"89\"><classCode>ST000A4CY</classCode><className>BANKING &amp; FINANCE REGULATORY COMPLIANCE</className><classCode/><className/></classificationItem><classificationItem score=\"89\"><classCode>STX001346</classCode><className>POLITICS</className><classCode/><className/></classificationItem><classificationItem score=\"78\"><classCode>N926150GC</classCode><className>BANKING &amp; FINANCE REGULATION</className><classCode/><className/></classificationItem><classificationItem score=\"78\"><classCode>STX001149</classCode><className>MISCONDUCT</className><classCode/><className/></classificationItem><classificationItem score=\"78\"><classCode>ST000DKTF</classCode><className>SURVEILLANCE</className><classCode/><className/></classificationItem><classificationItem score=\"77\"><classCode>STX000759</classCode><className>FRAUD &amp; FINANCIAL CRIME</className><classCode/><className/></classificationItem><classificationItem score=\"74\"><classCode>STX000416</classCode><className>COUNTERFEITING &amp; FORGERY</className><classCode>Z3VpZD11cm46dG9waWM6NENCREQ3Mjk1QUQ2NEM1OUE2QUE0NjkzNTczM0U2MUQ7cGFyZW50Z3VpZD11cm46dG9waWM6OTdGN0NBMjhBN0VBNDYzOEFCRkQyNDc2RDJDMzc3Mjg</classCode><className>Counterfeiting</className></classificationItem><classificationItem score=\"73\"><classCode>ST000D73F</classCode><className>EUROPEAN UNION</className><classCode/><className/></classificationItem><classificationItem score=\"71\"><classCode>ST000D4JV</classCode><className>CRIMINAL INVESTIGATIONS</className><classCode/><className/></classificationItem></classification><classification classificationScheme=\"industry\"><classificationItem score=\"91\"><classCode>STX001976</classCode><className>SECURITIES &amp; OTHER INVESTMENTS</className><classCode/><className/></classificationItem><classificationItem score=\"90\"><classCode>N520000CC</classCode><className>BANKING &amp; FINANCE</className><classCode/><className/></classificationItem><classificationItem score=\"90\"><classCode>ST00093QP</classCode><className>FINANCIAL PLANNING</className><classCode/><className/></classificationItem><classificationItem score=\"90\"><classCode>N511110MM</classCode><className>NEWSPAPER PUBLISHING</className><classCode/><className/></classificationItem><classificationItem score=\"90\"><classCode>N511120MM</classCode><className>PERIODICAL PUBLISHING</className><classCode/><className/></classificationItem><classificationItem score=\"90\"><classCode>N511000CC</classCode><className>PUBLISHING</className><classCode/><className/></classificationItem><classificationItem score=\"90\"><classCode>STX001821</classCode><className>WEALTH MANAGEMENT</className><classCode/><className/></classificationItem><classificationItem score=\"90\"><classCode>ST0009RX6</classCode><classCode/><className/></classificationItem><classificationItem score=\"89\"><classCode>ST000A4CY</classCode><className>BANKING &amp; FINANCE REGULATORY COMPLIANCE</className><classCode/><className/></classificationItem><classificationItem score=\"78\"><classCode>N926150GC</classCode><className>BANKING &amp; FINANCE REGULATION</className><classCode/><className/></classificationItem></classification><classification classificationScheme=\"city\"><classificationItem score=\"89\"><classCode>GX014</classCode><className>SYDNEY, AUSTRALIA</className><classCode/><className/></classificationItem></classification><classification classificationScheme=\"country\"><classificationItem score=\"94\"><classCode>GC301</classCode><className>AUSTRALIA</className><classCode/><className/></classificationItem></classification></classificationGroup></metadata></articleDoc></content></entry>"}