{"prediction_class": "Regulatory Breaches Tax Evasion Smuggling of goods", "prediction_score": "0.99", "name": "Macquarie Group", "title": "Macquarie threatened with lawsuits on alleged mining stock manipulation", "published": "2018-02-26T00:00:00Z", "updated": "2020-11-15T22:03:52Z", "cleaned_article": "[TITLE] Macquarie threatened with lawsuits on alleged mining stock manipulation [TITLE] \n\nSome Cleveland Mining investors and executives claimed that certain Macquarie personnel inflated the company's stock price through false or misleading statements to sell cheaply purchased stocks at a higher price, Bloomberg News reported. Macquarie Group Ltd.'s head of banking, Greg Ward, said the company has been threatened with a class-action lawsuit over allegations that some of its brokers and advisers manipulated the stock prices of Cleveland Mining Co. Ltd. or failed to act on clients' instructions over the stock's price movement. During a Feb. 22 parliamentary hearing in Melbourne, a number of Cleveland Mining investors and executives claimed that certain Macquarie personnel inflated the stock price of Cleveland Mining through false or misleading statements to sell cheaply purchased stocks at a higher price, Bloomberg News reported. No case has been filed yet. One person at the hearing claimed to have lost A$4 million due to Macquarie brokers' advice on the stock.", "raw_cleaned_article": "<h2>Macquarie threatened with lawsuits on alleged mining stock manipulation</h2><p>Some Cleveland Mining investors and executives claimed that certain Macquarie personnel inflated the company's stock price through false or misleading statements to sell cheaply purchased stocks at a higher price, Bloomberg News reported. <b>Macquarie Group Ltd.'s head of banking, Greg Ward, said the company has been threatened with a class-action lawsuit over allegations that some of its brokers and advisers manipulated the stock prices of Cleveland Mining Co. Ltd. or failed to act on clients' instructions over the stock's price movement.</b> During a Feb. 22 parliamentary hearing in Melbourne, a number of Cleveland Mining investors and executives claimed that certain Macquarie personnel inflated the stock price of Cleveland Mining through false or misleading statements to sell cheaply purchased stocks at a higher price, Bloomberg News reported. No case has been filed yet. One person at the hearing claimed to have lost A$4 million due to Macquarie brokers' advice on the stock.</p>", "original_content": "<entry xmlns=\"http://www.w3.org/2005/Atom\"><id>urn:contentItem:5RS0-2021-JDVW-N09Y-00000-00</id><title>Macquarie threatened with lawsuits on alleged mining stock manipulation</title><published>2018-02-26T00:00:00Z</published><updated>2020-11-15T22:03:52Z</updated><author><name>LexisNexis</name></author><content type=\"application/xml\"><!--Transformation version 1.23--><articleDoc xmlns=\"\" xmlns:xsi=\"http://www.w3.org/2001/XMLSchema-instance\" xsi:noNamespaceSchemaLocation=\"http://www.lexisnexis.com/xmlschemas/content/public/articledoc/1/\" schemaVersion=\"1.8\" xml:lang=\"en\"><articleDocHead><itemInfo/></articleDocHead><nitf:body xmlns:nitf=\"http://iptc.org/std/NITF/2006-10-18/\"><nitf:body.head><nitf:hedline><nitf:hl1>Macquarie threatened with lawsuits on alleged mining stock manipulation</nitf:hl1></nitf:hedline><nitf:byline><author><person><nameText>Adrienne Valdez</nameText></person></author></nitf:byline><highlight><bodyText><p>Some Cleveland Mining investors and executives claimed that certain Macquarie personnel inflated the company's stock price through false or misleading statements to sell cheaply purchased stocks at a higher price, Bloomberg News reported.</p></bodyText></highlight></nitf:body.head><nitf:body.content><bodyText><p nitf:lede=\"true\">Macquarie Group Ltd.'s head of banking, Greg Ward, said the company has been threatened with a class-action lawsuit over allegations that some of its brokers and advisers manipulated the stock prices of Cleveland Mining Co. Ltd. or failed to act on clients' instructions over the stock's price movement.</p><p>During a Feb. 22 parliamentary hearing in Melbourne, a number of Cleveland Mining investors and executives claimed that certain Macquarie personnel inflated the stock price of Cleveland Mining through false or misleading statements to sell cheaply purchased stocks at a higher price, Bloomberg News reported. No case has been filed yet.</p><p>One person at the hearing claimed to have lost A$4 million due to Macquarie brokers' advice on the stock.</p><p>Macquarie has denied the allegations. Ward said the company had investigated and found that the allegations were \"unsubstantiated.\"</p><p>According to the report, Cleveland Mining shares traded around 35 Australian cents until early 2012 and then jumped to 90 cents in April of the same year. The company's shares plunged in 2016 and were voluntarily suspended in October of the same year when they were trading at 7 cents.</p></bodyText></nitf:body.content></nitf:body><metadata><dc:metadata xmlns:dc=\"http://purl.org/dc/elements/1.1/\"><dc:identifier identifierScheme=\"DOC-ID\">SNLMMD-43639235</dc:identifier><dc:source sourceScheme=\"royaltyReportingKey\">SNLMMD2018</dc:source><dc:identifier identifierScheme=\"PGUID\">urn:contentItem:5RS0-2021-JDVW-N09Y-00000-00</dc:identifier><dc:source sourceScheme=\"productContentSetIdentifier\">411400</dc:source><dc:date dateType=\"last-updated\">2020-02-14</dc:date></dc:metadata><wordCount number=\"193\"/><publicationInfo><copyright>Copyright 2018 SNL Financial LC All Rights Reserved</copyright><publicationName>SNL Metals &amp; Mining Daily: East Edition</publicationName><publicationDate day=\"26\" month=\"02\" year=\"2018\"><dateText>February 26, 2018 Monday</dateText></publicationDate><classification classificationScheme=\"publicationtype\"><classificationItem><className>Newsletter</className></classificationItem></classification><classification classificationScheme=\"publicationtype\"><classificationItem><className>Industry Trade Press</className></classificationItem></classification></publicationInfo><classification classificationScheme=\"language\"><classificationItem classificationScheme=\"lang.english\"><className>ENGLISH</className></classificationItem></classification><classificationGroup classificationScheme=\"indexing-terms\"><classification classificationScheme=\"company\"><classificationItem score=\"97\"><classCode>CC000A36L</classCode><className>MACQUARIE GROUP LTD</className></classificationItem><classificationItem score=\"93\"><classCode>CC000A1TY</classCode><className>CLEVELAND MINING CO LTD</className></classificationItem><classificationItem score=\"92\"><classCode>CC0009AXT</classCode><className>MACQUARIE FINANCIAL LTD</className></classificationItem></classification><classification classificationScheme=\"industry\"><classificationItem score=\"97\"><className>NAICS523110 INVESTMENT BANKING &amp; SECURITIES DEALING</className></classificationItem><classificationItem score=\"93\"><className>NAICS212221 GOLD ORE MINING</className></classificationItem><classificationItem score=\"93\"><className>NAICS212210 IRON ORE MINING</className></classificationItem><classificationItem score=\"93\"><className>SIC1041 GOLD ORES</className></classificationItem><classificationItem score=\"93\"><className>SIC1021 COPPER ORES</className></classificationItem></classification><classification classificationScheme=\"ticker\"><classificationItem score=\"97\"><className>MQG (ASX)</className></classificationItem><classificationItem score=\"93\"><className>CDG (ASX)</className></classificationItem></classification></classificationGroup><classificationGroup classificationScheme=\"licensor.indexing-terms\"><classification classificationScheme=\"licensor.subject\"><classificationItem><className>Civil &amp; Criminal Actions</className></classificationItem></classification></classificationGroup><classificationGroup classificationScheme=\"indexing-terms\"><classification classificationScheme=\"subject\"><classificationItem score=\"91\"><classCode>STX001040</classCode><className>LITIGATION</className><classCode/><className/></classificationItem><classificationItem score=\"91\"><classCode>ST000DLZ7</classCode><className>MARKET MANIPULATION</className><classCode/><className/></classificationItem><classificationItem score=\"91\"><classCode>STX001976</classCode><className>SECURITIES &amp; OTHER INVESTMENTS</className><classCode/><className/></classificationItem><classificationItem score=\"91\"><classCode>ST000CZTI</classCode><className>STOCK PRICES</className><classCode/><className/></classificationItem><classificationItem score=\"91\"><classCode>STX001648</classCode><className>SUITS &amp; CLAIMS</className><classCode/><className/></classificationItem><classificationItem score=\"90\"><classCode>STX000304</classCode><className>CLASS ACTIONS</className><classCode>Z3VpZD11cm46dG9waWM6Mjk5M0Q3OEY2NkE3NDIwQzg4MDk1NUUxQUI5Nzc5NTU7cGFyZW50Z3VpZD11cm46dG9waWM6MDc3RDI0Njg5OEU2NEM5NzkxRUU2MjBEMDMyRkQ3Mzk</classCode><className>Class Actions</className></classificationItem><classificationItem score=\"90\"><classCode>ST0009QD4</classCode><className>NEGATIVE BUSINESS NEWS</className><classCode/><className/></classificationItem><classificationItem score=\"90\"><classCode>ST0009FJK</classCode><className>NEGATIVE PERSONAL NEWS</className><classCode/><className/></classificationItem><classificationItem score=\"90\"><classCode>ST000DIJW</classCode><className>PRICES</className><classCode/><className/></classificationItem><classificationItem score=\"78\"><classCode>ST000DANR</classCode><className>FALSE STATEMENTS</className><classCode/><className/></classificationItem><classificationItem score=\"78\"><classCode>STX000969</classCode><className>INVESTIGATIONS</className><classCode/><className/></classificationItem><classificationItem score=\"77\"><classCode>N523110GM</classCode><className>SECURITIES TRADING</className><classCode/><className/></classificationItem><classificationItem score=\"73\"><classCode>STX001932</classCode><className>CRIME, LAW ENFORCEMENT &amp; CORRECTIONS</className><classCode/><className/></classificationItem></classification><classification classificationScheme=\"industry\"><classificationItem score=\"92\"><classCode>ST0008X7V</classCode><className>MINES &amp; MINING</className><classCode/><className/></classificationItem><classificationItem score=\"92\"><classCode>N210000CC</classCode><className>MINING &amp; EXTRACTION</className><classCode/><className/></classificationItem><classificationItem score=\"91\"><classCode>ST000DLZ7</classCode><className>MARKET MANIPULATION</className><classCode/><className/></classificationItem><classificationItem score=\"91\"><classCode>STX001976</classCode><className>SECURITIES &amp; OTHER INVESTMENTS</className><classCode/><className/></classificationItem><classificationItem score=\"91\"><classCode>ST000CZTI</classCode><className>STOCK PRICES</className><classCode/><className/></classificationItem><classificationItem score=\"90\"><classCode>N520000CC</classCode><className>BANKING &amp; FINANCE</className><classCode/><className/></classificationItem><classificationItem score=\"90\"><classCode>N212221MM</classCode><className>GOLD MINING</className><classCode/><className/></classificationItem><classificationItem score=\"90\"><classCode>N523110EC</classCode><className>INVESTMENT BANKING</className><classCode/><className/></classificationItem><classificationItem score=\"90\"><classCode>ST0009RX6</classCode><classCode/><className/></classificationItem><classificationItem score=\"77\"><classCode>N523110GM</classCode><className>SECURITIES TRADING</className><classCode/><className/></classificationItem></classification><classification classificationScheme=\"city\"><classificationItem score=\"57\"><classCode>GX015</classCode><className>MELBOURNE, AUSTRALIA</className><classCode/><className/></classificationItem></classification></classificationGroup></metadata></articleDoc></content></entry>"}