{"prediction_class": "Regulatory Breaches Tax Evasion Smuggling of goods", "prediction_score": "0.98", "name": "Macquarie Group", "title": "ANZ traders stood down over interest rate rigging probe", "published": "2014-11-19T00:00:00Z", "updated": "2020-11-15T21:57:24Z", "cleaned_article": "[TITLE] ANZ traders stood down over interest rate rigging probe [TITLE] \n\nRoyal Bank of Scotlandwas forced to pay a $1.6 million fine. Swiss bank UBSand French bank BNP Paribaswere fined $1 million . Before the BBSW rate-setting panel was dismantled in March 2013 and the rate set based on actual market trades, its members were the big four Australian banks, along with Macquarie Group, Suncorp, Bank of Canada, BNP, Citigroup, Deutsche Bank, HSBC, JP Morgan, Lloyds and UBS. Australian regulators initially claimed the BBSW was harder to manipulate than Libor because it was set according to actual trades. The London Inter-Bank Offer scandal which impacted the rates used to set the rate for trillions of dollars of fixed income securities ripped through the industry in 2012 claiming the scalp of Barclays chief Bob Diamond.", "raw_cleaned_article": "<h2>ANZ traders stood down over interest rate rigging probe</h2><p>Royal Bank of Scotlandwas forced to pay a $1.6 million fine. Swiss bank UBSand French bank BNP Paribaswere fined $1 million . Before the BBSW rate-setting panel was dismantled in March 2013 and the rate set based on actual market trades, its members were the big four Australian banks, along with <b>Macquarie Group, Suncorp, Bank of Canada, BNP, Citigroup, Deutsche Bank, HSBC, JP Morgan, Lloyds and UBS.</b> Australian regulators initially claimed the BBSW was harder to manipulate than Libor because it was set according to actual trades. The London Inter-Bank Offer scandal which impacted the rates used to set the rate for trillions of dollars of fixed income securities ripped through the industry in 2012 claiming the scalp of Barclays chief Bob Diamond.</p>", "original_content": "<entry xmlns=\"http://www.w3.org/2005/Atom\"><id>urn:contentItem:5DMP-XKS1-JB5F-90JS-00000-00</id><title>ANZ traders stood down over interest rate rigging probe</title><published>2014-11-19T00:00:00Z</published><updated>2020-11-15T21:57:24Z</updated><author><name>LexisNexis</name></author><content type=\"application/xml\"><!--Transformation version 1.23--><articleDoc xmlns=\"\" xmlns:xsi=\"http://www.w3.org/2001/XMLSchema-instance\" xsi:noNamespaceSchemaLocation=\"http://www.lexisnexis.com/xmlschemas/content/public/articledoc/1/\" schemaVersion=\"1.8\" xml:lang=\"en\"><articleDocHead><itemInfo/></articleDocHead><nitf:body xmlns:nitf=\"http://iptc.org/std/NITF/2006-10-18/\"><nitf:body.head><nitf:hedline><nitf:hl1>ANZ traders stood down over interest rate rigging probe</nitf:hl1></nitf:hedline><nitf:byline><author><person><nameText>James Eyers</nameText></person></author></nitf:byline></nitf:body.head><nitf:body.content><bodyText><p nitf:lede=\"true\">ANZ Banking Group has stood down seven traders being targeted by the Australian Securities and Investments Commission for possible manipulation of Australia's benchmark interest rate.</p><p nitf:lede=\"true\">The regulator is investigating an extensive period of potential misconduct in the Bank Bill Swap Rate (BBSW) market from early 2007 to 2013.</p><p>Royal Bank of Scotland, UBS and BNP Paribashave already been forced to pay fines for their role in manipulating the rate, but this is the first time one of the big four Australian banks has been identified as being involved in potential misconduct.</p><p>ASIC is continuing to investigate 10 other members of the 14 member BBSW panel \u2013 including the three other big banks \u2013but this is taking a long time and involves the review of millions of documents. ASIC's attention on the BBSW followed widespread manipulation of the London interbank offered rate which is used to set trillions of dollars of debt securities globally.</p><p>ANZ said it was \"continuing to co-operate\" with ASIC, whose inquiries could lead to civil and criminal penalties. \"This is a complex issue and ASIC's investigation and ANZ's internal review may not be complete for some time,\" ANZ chief risk officer\u00a0Nigel Williams\u00a0said.</p><p>\"In light of this, we are taking the precaution of having seven staff involved in markets trading step down pending completion of the investigation into practices to 2013.\"</p><p>\"Appropriate conduct is an overriding priority in everything we do at ANZ. We have worked hard to have the right risk culture including ongoing culture and compliance programs in our markets-facing businesses.\"</p><p>Royal Bank of Scotlandwas forced to pay a $1.6 million fine. Swiss bank UBSand French bank BNP Paribaswere fined $1 million .</p><p>Before the BBSW rate-setting panel was dismantled in March 2013 and the rate set based on actual market trades, its members were the big four Australian banks, along with</p><p>Macquarie Group, Suncorp, Bank of Canada, BNP, Citigroup, Deutsche Bank, HSBC, JP Morgan, Lloyds and UBS.</p><p>Australian regulators initially claimed the BBSW was harder to manipulate than Libor because it was set according to actual trades.</p><p>The London Inter-Bank Offer scandal which impacted the rates used to set the rate for trillions of dollars of fixed income securities ripped through the industry in 2012 claiming the scalp of Barclays chief Bob Diamond.</p><p>Australian regulators initially claimed the local version was much harder to manipulate because it was set according to actual trades. But some analysts have long suspects that the timing and volume of trades may have manipulated settings.</p><p>A former trader who didn't want to be identified said the actions of those involved in fixing was ingrained in the way trading desks have operated for more than a decade.</p><p>\"All of these guys would have had a budget based on their ability to make money on the rate fixings,\" he said.</p><p>\"That is set by the institutions and some of the older traders have operated for a long time on that basis and would be shocked that they were pinged . Its a culture that has been endemic in the industry.\"</p></bodyText></nitf:body.content></nitf:body><metadata><dc:metadata xmlns:dc=\"http://purl.org/dc/elements/1.1/\"><dc:identifier identifierScheme=\"DOC-ID\">SYMRLD-63355775</dc:identifier><dc:source sourceScheme=\"royaltyReportingKey\">SYMRLD2014</dc:source><dc:identifier identifierScheme=\"PGUID\">urn:contentItem:5DMP-XKS1-JB5F-90JS-00000-00</dc:identifier><dc:source sourceScheme=\"productContentSetIdentifier\">404053</dc:source><dc:date dateType=\"last-updated\">2019-02-09</dc:date></dc:metadata><wordCount number=\"511\"/><timeReceived>06:24 PM GMT</timeReceived><publicationInfo><copyright>Copyright 2014 Fairfax Media Publications Pty. Limited All Rights Reserved</copyright><publicationName>The Sydney Morning Herald (Australia) - Online</publicationName><publicationDate day=\"19\" month=\"11\" year=\"2014\"><dateText>November 19, 2014 Wednesday</dateText></publicationDate><classification classificationScheme=\"publicationtype\"><classificationItem><className>Web Publication</className></classificationItem></classification><classification classificationScheme=\"publicationtype\"><classificationItem><className>Newspapers</className></classificationItem></classification></publicationInfo><classification classificationScheme=\"language\"><classificationItem classificationScheme=\"lang.english\"><className>ENGLISH</className></classificationItem></classification><classificationGroup classificationScheme=\"indexing-terms\"><classification classificationScheme=\"company\"><classificationItem score=\"96\"><classCode>CC00091HS</classCode><className>AUSTRALIA &amp; NEW ZEALAND BANKING GROUP LTD</className></classificationItem><classificationItem score=\"91\"><classCode>CC000208F</classCode><className>ROYAL BANK OF SCOTLAND GROUP PLC</className></classificationItem><classificationItem score=\"85\"><classCode>CC0002LGM</classCode><className>UBS AG</className></classificationItem><classificationItem score=\"73\"><classCode>CC0002M0M</classCode><className>BNP PARIBAS SA</className></classificationItem><classificationItem score=\"58\"><classCode>CC0002275</classCode><className>CITIGROUP INC</className></classificationItem><classificationItem score=\"58\"><classCode>CC000A36L</classCode><className>MACQUARIE GROUP LTD</className></classificationItem><classificationItem score=\"58\"><classCode>CC0001YMR</classCode><className>DEUTSCHE BANK AG</className></classificationItem><classificationItem score=\"58\"><classCode>CC00027NH</classCode><className>JPMORGAN CHASE &amp; CO</className></classificationItem></classification><classification classificationScheme=\"industry\"><classificationItem score=\"96\"><className>NAICS522110 COMMERCIAL BANKING</className></classificationItem><classificationItem score=\"96\"><className>NAICS523920 PORTFOLIO MANAGEMENT</className></classificationItem><classificationItem score=\"96\"><className>SIC6282 INVESTMENT ADVICE</className></classificationItem><classificationItem score=\"96\"><className>NAICS524210 INSURANCE AGENCIES &amp; BROKERAGES</className></classificationItem><classificationItem score=\"96\"><className>SIC6411 INSURANCE AGENTS, BROKERS, &amp; SERVICE</className></classificationItem><classificationItem score=\"91\"><className>NAICS551111 OFFICES OF BANK HOLDING COMPANIES</className></classificationItem><classificationItem score=\"85\"><className>SIC6029 COMMERCIAL BANKS, NEC</className></classificationItem><classificationItem score=\"73\"><className>NAICS523110 INVESTMENT BANKING &amp; SECURITIES DEALING</className></classificationItem><classificationItem score=\"73\"><className>SIC6211 SECURITY BROKERS, DEALERS, &amp; FLOTATION COMPANIES</className></classificationItem><classificationItem score=\"73\"><className>SIC6081 BRANCHES &amp; AGENCIES OF FOREIGN BANKS</className></classificationItem><classificationItem score=\"58\"><className>NAICS523120 SECURITIES BROKERAGE</className></classificationItem><classificationItem score=\"58\"><className>NAICS522210 CREDIT CARD ISSUING</className></classificationItem><classificationItem score=\"58\"><className>NAICS523999 MISCELLANEOUS FINANCIAL INVESTMENT ACTIVITIES</className></classificationItem><classificationItem score=\"58\"><className>SIC6022 STATE COMMERCIAL BANKS</className></classificationItem></classification><classification classificationScheme=\"ticker\"><classificationItem score=\"96\"><className>ANZ (NZX)</className></classificationItem><classificationItem score=\"96\"><className>ANZ (ASX)</className></classificationItem><classificationItem score=\"91\"><className>RBS (NYSE)</className></classificationItem><classificationItem score=\"91\"><className>RBS (LSE)</className></classificationItem><classificationItem score=\"85\"><className>UBSW (JSE)</className></classificationItem><classificationItem score=\"73\"><className>BNP (PAR)</className></classificationItem><classificationItem score=\"73\"><className>BNP (BIT)</className></classificationItem><classificationItem score=\"58\"><className>C (NYSE)</className></classificationItem><classificationItem score=\"58\"><className>C (BMV)</className></classificationItem><classificationItem score=\"58\"><className>8710 (TSE)</className></classificationItem><classificationItem score=\"58\"><className>MQG (ASX)</className></classificationItem><classificationItem score=\"58\"><className>DEUT (JSE)</className></classificationItem><classificationItem score=\"58\"><className>DBK (FRA)</className></classificationItem><classificationItem score=\"58\"><className>DBK (BIT)</className></classificationItem><classificationItem score=\"58\"><className>DBETN (JSE)</className></classificationItem><classificationItem score=\"58\"><className>DB (NYSE)</className></classificationItem><classificationItem score=\"58\"><className>JPM (NYSE)</className></classificationItem><classificationItem score=\"58\"><className>JPM (LSE)</className></classificationItem></classification></classificationGroup><classificationGroup classificationScheme=\"licensor.indexing-terms\"><classification classificationScheme=\"licensor.subject\"><classificationItem><className>Banking and Finance</className></classificationItem></classification></classificationGroup><classificationGroup classificationScheme=\"indexing-terms\"><classification classificationScheme=\"subject\"><classificationItem score=\"92\"><classCode>STX000943</classCode><className>INTEREST RATES</className><classCode/><className/></classificationItem><classificationItem score=\"92\"><classCode>STX000969</classCode><className>INVESTIGATIONS</className><classCode/><className/></classificationItem><classificationItem score=\"92\"><classCode>STX001976</classCode><className>SECURITIES &amp; OTHER INVESTMENTS</className><classCode/><className/></classificationItem><classificationItem score=\"91\"><classCode>ST000DLZ7</classCode><className>MARKET MANIPULATION</className><classCode/><className/></classificationItem><classificationItem score=\"91\"><classCode>ST0009FJK</classCode><className>NEGATIVE PERSONAL NEWS</className><classCode/><className/></classificationItem><classificationItem score=\"90\"><classCode>N926150GC</classCode><className>BANKING &amp; FINANCE REGULATION</className><classCode/><className/></classificationItem><classificationItem score=\"90\"><classCode>N551112MM</classCode><className>HOLDING COMPANIES</className><classCode/><className/></classificationItem><classificationItem score=\"90\"><classCode>N523930MC</classCode><className>INVESTMENT ADVISERS</className><classCode>Z3VpZD11cm46dG9waWM6ODQ2M0Q5NUExRUZENEY2NDkzMzlDMDVFNjFCNTY3MTQ7cGFyZW50Z3VpZD11cm46dG9waWM6RkFFMTQ3ODhCRDYyNDkyN0IwQkEyQzRCRDlFMEM5ODc</classCode><className>Investment Advisers</className></classificationItem><classificationItem score=\"90\"><classCode>STX001149</classCode><className>MISCONDUCT</className><classCode/><className/></classificationItem><classificationItem score=\"90\"><classCode>STX001209</classCode><className>NEW ISSUES</className><classCode/><className/></classificationItem><classificationItem score=\"89\"><classCode>STX000722</classCode><className>FINES &amp; PENALTIES</className><classCode/><className/></classificationItem><classificationItem score=\"89\"><classCode>ST0009UQC</classCode><className>LONDON INTERBANK OFFERED RATES</className><classCode/><className/></classificationItem><classificationItem score=\"89\"><classCode>STX001632</classCode><className>STOCK OFFERINGS</className><classCode/><className/></classificationItem><classificationItem score=\"88\"><classCode>N523120MC</classCode><className>SECURITIES BROKERS</className><classCode/><className/></classificationItem><classificationItem score=\"78\"><classCode>ST000A4CY</classCode><className>BANKING &amp; FINANCE REGULATORY COMPLIANCE</className><classCode/><className/></classificationItem><classificationItem score=\"78\"><classCode>N521100MM</classCode><className>CENTRAL BANKS</className><classCode/><className/></classificationItem><classificationItem score=\"78\"><classCode>ST000DB1X</classCode><className>INTERNAL INVESTIGATIONS</className><classCode/><className/></classificationItem><classificationItem score=\"78\"><classCode>N523920MM</classCode><className>INVESTMENT MANAGEMENT</className><classCode/><className/></classificationItem><classificationItem score=\"78\"><classCode>STX001500</classCode><className>RISK MANAGEMENT</className><classCode/><className/></classificationItem><classificationItem score=\"78\"><classCode>N523110GM</classCode><className>SECURITIES TRADING</className><classCode/><className/></classificationItem><classificationItem score=\"78\"><classCode>STX001661</classCode><className>SWAP TRANSACTIONS</className><classCode/><className/></classificationItem><classificationItem score=\"77\"><classCode>STX001932</classCode><className>CRIME, LAW ENFORCEMENT &amp; CORRECTIONS</className><classCode/><className/></classificationItem><classificationItem score=\"77\"><classCode>ST000A2SV</classCode><className>INSURANCE REGULATORY COMPLIANCE</className><classCode/><className/></classificationItem><classificationItem score=\"71\"><classCode>ST000D1BY</classCode><className>EXECUTIVES</className><classCode/><className/></classificationItem></classification><classification classificationScheme=\"industry\"><classificationItem score=\"93\"><classCode>N520000CC</classCode><className>BANKING &amp; FINANCE</className><classCode/><className/></classificationItem><classificationItem score=\"93\"><classCode>ST0009RX6</classCode><classCode/><className/></classificationItem><classificationItem score=\"92\"><classCode>N524200CC</classCode><className>INSURANCE AGENCIES &amp; BROKERAGES</className><classCode/><className/></classificationItem><classificationItem score=\"92\"><classCode>STX000943</classCode><className>INTEREST RATES</className><classCode/><className/></classificationItem><classificationItem score=\"92\"><classCode>STX001976</classCode><className>SECURITIES &amp; OTHER INVESTMENTS</className><classCode/><className/></classificationItem><classificationItem score=\"91\"><classCode>ST000DLZ7</classCode><className>MARKET MANIPULATION</className><classCode/><className/></classificationItem><classificationItem score=\"90\"><classCode>N926150GC</classCode><className>BANKING &amp; FINANCE REGULATION</className><classCode/><className/></classificationItem><classificationItem score=\"90\"><classCode>N524000CC</classCode><className>INSURANCE</className><classCode/><className/></classificationItem><classificationItem score=\"90\"><classCode>N523930MC</classCode><className>INVESTMENT ADVISERS</className><classCode>Z3VpZD11cm46dG9waWM6ODQ2M0Q5NUExRUZENEY2NDkzMzlDMDVFNjFCNTY3MTQ7cGFyZW50Z3VpZD11cm46dG9waWM6RkFFMTQ3ODhCRDYyNDkyN0IwQkEyQzRCRDlFMEM5ODc</classCode><className>Investment Advisers</className></classificationItem><classificationItem score=\"90\"><classCode>STX001209</classCode><className>NEW ISSUES</className><classCode/><className/></classificationItem><classificationItem score=\"90\"><classCode>ST000A2VZ</classCode><classCode/><className/></classificationItem><classificationItem score=\"89\"><classCode>ST0009UQC</classCode><className>LONDON INTERBANK OFFERED RATES</className><classCode/><className/></classificationItem><classificationItem score=\"89\"><classCode>STX001632</classCode><className>STOCK OFFERINGS</className><classCode/><className/></classificationItem><classificationItem score=\"88\"><classCode>N523120MC</classCode><className>SECURITIES BROKERS</className><classCode/><className/></classificationItem><classificationItem score=\"78\"><classCode>ST000A4CY</classCode><className>BANKING &amp; FINANCE REGULATORY COMPLIANCE</className><classCode/><className/></classificationItem><classificationItem score=\"78\"><classCode>STX000218</classCode><className>BUDGETS</className><classCode/><className/></classificationItem><classificationItem score=\"78\"><classCode>N521100MM</classCode><className>CENTRAL BANKS</className><classCode/><className/></classificationItem><classificationItem score=\"78\"><classCode>STX000424</classCode><className>CREDIT CARDS</className><classCode/><className/></classificationItem><classificationItem score=\"78\"><classCode>N523920MM</classCode><className>INVESTMENT MANAGEMENT</className><classCode/><className/></classificationItem><classificationItem score=\"78\"><classCode>STX001500</classCode><className>RISK MANAGEMENT</className><classCode/><className/></classificationItem><classificationItem score=\"78\"><classCode>N523110GM</classCode><className>SECURITIES TRADING</className><classCode/><className/></classificationItem><classificationItem score=\"78\"><classCode>STX001661</classCode><className>SWAP TRANSACTIONS</className><classCode/><className/></classificationItem><classificationItem score=\"77\"><classCode>ST000A2SV</classCode><className>INSURANCE REGULATORY COMPLIANCE</className><classCode/><className/></classificationItem><classificationItem score=\"66\"><classCode>STX000942</classCode><className>INTERBANK LENDING</className><classCode/><className/></classificationItem></classification><classification classificationScheme=\"city\"><classificationItem score=\"88\"><classCode>GX014</classCode><className>SYDNEY, AUSTRALIA</className><classCode/><className/></classificationItem></classification><classification classificationScheme=\"country\"><classificationItem score=\"98\"><classCode>GC301</classCode><className>AUSTRALIA</className><classCode/><className/></classificationItem><classificationItem score=\"79\"><classCode>GC351</classCode><className>NEW ZEALAND</className><classCode/><className/></classificationItem><classificationItem score=\"74\"><classCode>GR156</classCode><className>AUSTRALIA &amp; NEW ZEALAND</className><classCode/><className/></classificationItem></classification></classificationGroup></metadata></articleDoc></content></entry>"}