{"prediction_class": "Regulatory Breaches Tax Evasion Smuggling of goods", "prediction_score": "0.62", "name": "Macquarie Group", "title": "Macquarie faces harassment claim", "published": "2017-11-22T00:00:00Z", "updated": "2020-11-15T22:24:35Z", "cleaned_article": "[TITLE] Macquarie faces harassment claim [TITLE] \n\nMacquarie Group is facing a damages claim of $US40 million ($53m) from its head of US cash equities sales, Khristina McLaughlin, who alleges she is being ostracised by colleagues following the end of a relationship with her former boss. Robert Ansell, the head of US cash equities, left the bank last month, just weeks before Ms McLaughlin filed a suit in the US Federal Court in Manhattan alleging that he had pressured her into an unwanted affair with him over more than two years. In a detailed 66-page complaint, obtained by The Australian, Ms McLaughlin alleges Macquarie's \"retaliatory mishandling\" of her complaints has resulted in her being \"ostracised, labelled and stigmatised\" in the hope of forcing her to resign \"amid a cloud of rumour, scandal and shame\". \"McLaughlin's -mobility at the firm, her ability to expand and grow, has been severely and irreversibly impeded as she remains the victim of snicker, banter and coffee room whisper,\" the complaint reads.", "raw_cleaned_article": "<h2>Macquarie faces harassment claim</h2><p><b>Macquarie Group is facing a damages claim of $US40 million ($53m) from its head of US cash equities sales, Khristina McLaughlin, who alleges she is being ostracised by colleagues following the end of a relationship with her former boss.</b> Robert Ansell, the head of US cash equities, left the bank last month, just weeks before Ms McLaughlin filed a suit in the US Federal Court in Manhattan alleging that he had pressured her into an unwanted affair with him over more than two years. In a detailed 66-page complaint, obtained by The Australian, Ms McLaughlin alleges Macquarie's \"retaliatory mishandling\" of her complaints has resulted in her being \"ostracised, labelled and stigmatised\" in the hope of forcing her to resign \"amid a cloud of rumour, scandal and shame\". \"McLaughlin's -mobility at the firm, her ability to expand and grow, has been severely and irreversibly impeded as she remains the victim of snicker, banter and coffee room whisper,\" the complaint reads.</p>", "original_content": "<entry xmlns=\"http://www.w3.org/2005/Atom\"><id>urn:contentItem:5R0Y-98D1-F0JP-W4XN-00000-00</id><title>Macquarie faces harassment claim</title><published>2017-11-22T00:00:00Z</published><updated>2020-11-15T22:24:35Z</updated><author><name>LexisNexis</name></author><content type=\"application/xml\"><!--Transformation version 1.23--><articleDoc xmlns=\"\" xmlns:xsi=\"http://www.w3.org/2001/XMLSchema-instance\" xsi:noNamespaceSchemaLocation=\"http://www.lexisnexis.com/xmlschemas/content/public/articledoc/1/\" schemaVersion=\"1.8\" xml:lang=\"en\"><articleDocHead><itemInfo><sourceSectionInfo><positionSection>BUSINESS</positionSection><positionSequence>Pg. 17</positionSequence></sourceSectionInfo></itemInfo></articleDocHead><nitf:body xmlns:nitf=\"http://iptc.org/std/NITF/2006-10-18/\"><nitf:body.head><nitf:hedline><nitf:hl1>Macquarie faces harassment claim</nitf:hl1></nitf:hedline><nitf:byline><author><person><nameText>ANDREW WHITE INVESTMENT BANKING</nameText></person></author></nitf:byline></nitf:body.head><nitf:body.content><bodyText><p nitf:lede=\"true\">Macquarie Group is facing a damages claim of $US40 million ($53m) from its head of US cash equities sales, Khristina McLaughlin, who alleges she is being ostracised by colleagues following the end of a relationship with her former boss.</p><p nitf:lede=\"true\">Robert Ansell, the head of US cash equities, left the bank last month, just weeks before Ms McLaughlin filed a suit in the US Federal Court in Manhattan alleging that he had pressured her into an unwanted affair with him over more than two years.</p><p>In a detailed 66-page complaint, obtained by The Australian, Ms McLaughlin alleges Macquarie's \"retaliatory mishandling\" of her complaints has resulted in her being \"ostracised, labelled and stigmatised\" in the hope of forcing her to resign \"amid a cloud of rumour, scandal and shame\". \"McLaughlin's -mobility at the firm, her ability to expand and grow, has been severely and irreversibly impeded as she remains the victim of snicker, banter and coffee room whisper,\" the complaint reads.</p><p>\"Macquarie has created, -condoned and fostered a work environment for McLaughlin that is so intolerable no reasonable person would be able to withstand it.\" According to the complaint on October 23, Ms McLaughlin notified Macquarie through her lawyer that she had been the victim of \"egregious sexual harassment\" by Mr Ansell that included unwanted sexual conduct, sexual trysts disguised as business trips, lewd pictures, and quid pro quo sexual harassment.</p><p>But, immediately after learning of the complaint, Macquarie continued retaliation led by Mr Ansell that she alleges was designed to force her to resign. Ms McLaughlin alleges she was left out of important management meetings, and a rumour mill of scandal was allowed to develop that painted \"Ansell as a victim and McLaughlin as a pariah\".</p><p>The complaint says that on October 31 Macquarie's head of commodities and global markets, Andrew Downe announced to Ms McLaughlin's cash equities team that Mr Ansell would not be returning to work, without any explanation. She alleges that Mr Downe's handling of the complaint in a subsequent one-on-one meeting on November 7 did nothing to address the issue.</p><p>Macquarie intends to defend the claim. \"We have only recently been made aware of these allegations and we have taken appropriate actions in response,\" a spokesman said. \"We take any allegation of workplace impropriety extremely seriously and have no tolerance for such conduct.\" Ms McLaughlin, a single mother who joined Macquarie in 2012, said that Mr Ansell began pursuing her in June or July of 2015 after seeing her weeping in an elevator over what he later learned was a \"messy\" divorce.</p><p>She alleges he took advantage of an incident in the \"mostly male, Aussie-dominated rough and sexist trading floor environment\" to get closer to her.</p><p>The claim alleges numerous attempts by Mr Ansell to develop a sexual relationship with Ms McLaughlin as well as her -repeated rebuffs before they first spent the night together in -August 2015. \"No one has ever said 'no' to me,\" Mr Ansell says in a letter he wrote to her in August 2017 after she ended the affair and which is included in the complaint. \"This is something I really, really, wanted.\" Ms McLaughlin detailed an earlier episode in which she broke off the affair and resisted his efforts to rekindle it until he became her boss in 2017. The -affair ended in July when Mr Ansell's wife discovered it and sent a message to Ms McLaughlin.She alleges that after repeated rebuffs by her, Mr Ansell retaliated by hiring a consultant called Ed Epperley to identify \"weaknesses\" in the team. The review was designed to find a pretext to set up and terminate Ms McLaughlin, the complaint -alleges.</p></bodyText></nitf:body.content></nitf:body><metadata><dc:metadata xmlns:dc=\"http://purl.org/dc/elements/1.1/\"><dc:identifier identifierScheme=\"DOC-ID\">THEAUS-TheAustralian20171122Australian217000352798347</dc:identifier><dc:source sourceScheme=\"royaltyReportingKey\">THEAUS2017</dc:source><dc:identifier identifierScheme=\"PGUID\">urn:contentItem:5R0Y-98D1-F0JP-W4XN-00000-00</dc:identifier><dc:source sourceScheme=\"productContentSetIdentifier\">244777</dc:source><dc:date dateType=\"last-updated\">2018-10-17</dc:date></dc:metadata><wordCount number=\"611\"/><publicationInfo><copyright>Copyright 2017 Nationwide News Pty Limited All Rights Reserved</copyright><publicationName>The Australian</publicationName><edition>Australian2 Edition</edition><publicationDate day=\"22\" month=\"11\" year=\"2017\"><dateText>November 22, 2017 Wednesday</dateText></publicationDate><classification classificationScheme=\"publicationtype\"><classificationItem><className>Newspaper</className></classificationItem></classification><classification classificationScheme=\"publicationtype\"><classificationItem><className>Newspapers</className></classificationItem></classification></publicationInfo><classification classificationScheme=\"language\"><classificationItem classificationScheme=\"lang.english\"><className>ENGLISH</className></classificationItem></classification><classificationGroup classificationScheme=\"indexing-terms\"><classification classificationScheme=\"company\"><classificationItem score=\"91\"><classCode>CC000A36L</classCode><className>MACQUARIE GROUP LTD</className></classificationItem></classification><classification classificationScheme=\"industry\"><classificationItem score=\"91\"><className>NAICS523110 INVESTMENT BANKING &amp; SECURITIES DEALING</className></classificationItem></classification><classification classificationScheme=\"ticker\"><classificationItem score=\"91\"><className>MQG (ASX)</className></classificationItem></classification></classificationGroup><classificationGroup classificationScheme=\"indexing-terms\"><classification classificationScheme=\"legal\"><classificationItem><className>Labor &amp; Employment Law</className><classCode>Z3VpZD11cm46dG9waWM6MTE3QUQwOTA0MUYzNDlCMEFFMjUwRUNDM0RDRkM5QzM7cGFyZW50Z3VpZD0</classCode><classificationItem score=\"50\"><className>Actionable Discrimination</className><classCode>Z3VpZD11cm46dG9waWM6MTVFREQ1RjhGQkU3NDg2MkE2MzM1RTUzQkREMTMzNkM7cGFyZW50Z3VpZD11cm46dG9waWM6Mjc5OTVCOEUxNzU4NDdDNDhCMjBGNkE0REQ1MEFGQjA</classCode></classificationItem><classificationItem score=\"50\"><className>Hostile Work Environment</className><classCode>Z3VpZD11cm46dG9waWM6MzMwQjBDMDFBNTAxNEVCMDlFRkRBQjU3QjY1OTI0MEM7cGFyZW50Z3VpZD11cm46dG9waWM6REE0RkI0MjJBN0E3NDQyMzlBMkU0RTE0Q0JBODZDQUE</classCode></classificationItem><classificationItem score=\"50\"><className>Sexual Harassment</className><classCode>Z3VpZD11cm46dG9waWM6OERBMzkyRTA3MTZCNDNDQThDQjZFMENGODE3MTE4NDM7cGFyZW50Z3VpZD11cm46dG9waWM6NUEwQzhBOUMxMkVENEMwRDhBRjY1ODUzQTNBMzgxMkQ</classCode></classificationItem></classificationItem></classification><classification classificationScheme=\"subject\"><classificationItem score=\"90\"><classCode>STX000442</classCode><className>DAMAGES</className><classCode>Z3VpZD11cm46dG9waWM6QzQyQ0JFRkFDNDIzNDU3RjhFMkE1N0JEOTFGNzIwQzE7cGFyZW50Z3VpZD11cm46dG9waWM6NEY5RDZFNTJBQzJGNERFQjg0MEIyMEVBRUU4NjI0RjU</classCode><className>Damages</className></classificationItem><classificationItem score=\"90\"><classCode>ST0009FJK</classCode><className>NEGATIVE PERSONAL NEWS</className><classCode/><className/></classificationItem><classificationItem score=\"90\"><classCode>STX001976</classCode><className>SECURITIES &amp; OTHER INVESTMENTS</className><classCode/><className/></classificationItem><classificationItem score=\"90\"><classCode>STX001556</classCode><className>SEXUAL HARASSMENT</className><classCode/><className/></classificationItem><classificationItem score=\"88\"><classCode>ST000CTIZ</classCode><className>SCANDALS</className><classCode/><className/></classificationItem><classificationItem score=\"77\"><classCode>STX001480</classCode><className>RESIGNATIONS</className><classCode/><className/></classificationItem><classificationItem score=\"76\"><classCode>STX001040</classCode><className>LITIGATION</className><classCode/><className/></classificationItem><classificationItem score=\"75\"><classCode>N541110GM</classCode><className>LAWYERS</className><classCode/><className/></classificationItem><classificationItem score=\"75\"><classCode>ST000CZWR</classCode><className>SEX SCANDALS</className><classCode/><className/></classificationItem><classificationItem score=\"74\"><classCode>STX001948</classCode><className>LABOR &amp; EMPLOYMENT</className><classCode/><className/></classificationItem><classificationItem score=\"73\"><classCode>ST000DLOP</classCode><className>BUSINESS TRAVEL</className><classCode/><className/></classificationItem><classificationItem score=\"73\"><classCode>STX001648</classCode><className>SUITS &amp; CLAIMS</className><classCode/><className/></classificationItem><classificationItem score=\"72\"><classCode>ST000DO2K</classCode><className>INTERPERSONAL RELATIONSHIPS</className><classCode/><className/></classificationItem><classificationItem score=\"70\"><classCode>ST00098X6</classCode><className>SEX &amp; GENDER ISSUES</className><classCode/><className/></classificationItem><classificationItem score=\"70\"><classCode>ST0008XAK</classCode><className>SEXUAL BEHAVIOR</className><classCode/><className/></classificationItem><classificationItem score=\"65\"><classCode>ST000DIEG</classCode><className>GENDER &amp; SEX DISCRIMINATION</className><classCode/><className/></classificationItem><classificationItem score=\"63\"><classCode>STX001669</classCode><className>TALKS &amp; MEETINGS</className><classCode/><className/></classificationItem><classificationItem score=\"61\"><classCode>STX001973</classCode><className>COMMODITIES MARKETS</className><classCode/><className/></classificationItem><classificationItem score=\"60\"><classCode>ST0009X8Y</classCode><className>SINGLE PARENTS</className><classCode/><className/></classificationItem></classification><classification classificationScheme=\"industry\"><classificationItem score=\"90\"><classCode>N520000CC</classCode><className>BANKING &amp; FINANCE</className><classCode/><className/></classificationItem><classificationItem score=\"90\"><classCode>STX001976</classCode><className>SECURITIES &amp; OTHER INVESTMENTS</className><classCode/><className/></classificationItem><classificationItem score=\"89\"><classCode>ST0009RX6</classCode><classCode/><className/></classificationItem><classificationItem score=\"75\"><classCode>N541110GM</classCode><className>LAWYERS</className><classCode/><className/></classificationItem><classificationItem score=\"73\"><classCode>ST000DLOP</classCode><className>BUSINESS TRAVEL</className><classCode/><className/></classificationItem><classificationItem score=\"61\"><classCode>STX001973</classCode><className>COMMODITIES MARKETS</className><classCode/><className/></classificationItem></classification><classification classificationScheme=\"city\"><classificationItem score=\"72\"><classCode>GX601</classCode><className>NEW YORK, NY, USA</className><classCode/><className/></classificationItem></classification><classification classificationScheme=\"country\"><classificationItem score=\"79\"><classCode>GC343</classCode><className>UNITED STATES</className><classCode/><className/></classificationItem></classification></classificationGroup></metadata></articleDoc></content></entry>"}