{"prediction_class": "Fraud Embezzlement Misappropriation", "prediction_score": "0.97", "name": "Macquarie Group", "title": "New body to clean up financial planning sector", "published": "2017-04-09T00:00:00Z", "updated": "2020-11-15T22:07:48Z", "cleaned_article": "[TITLE] New body to clean up financial planning sector [TITLE] \n\nWealth is a multibillion-dollar industry and the banks and AMP are the dominant players, owning or controlling more than half the financial planning industry.  But over the past few years, a number of institutions have been embroiled in a string of scandals, including the CBA's financial planning scandal, which included forgery and fraud by some planners, missing customer files and a Senate inquiry that recommended a royal commission into CBA's financial advice arm. Then there was Macquarie Group, which hit the headlines after some advisers allegedly cheated on exams using the famously circulated \"Penske file\" stuffed full of answers. There was also the NAB scandal, which included instances of forgery, file reconstructions and multiple sackings of financial advisers inside its financial advice arm due to conflicts of interest, inappropriate advice, inappropriate practices or repeated compliance breaches. In one case, star financial adviser Graeme Cowper was allowed to resign and given a glowing letter of departure and payout, despite the bank knowing he had given inappropriate advice and reconstructed client files. This allowed him to move to other financial institutions until he was sacked by AMP in 2015. Bad publicity", "raw_cleaned_article": "<h2>New body to clean up financial planning sector</h2><p>Wealth is a multibillion-dollar industry and the banks and AMP are the dominant players, owning or controlling more than half the financial planning industry.  But over the past few years, a number of institutions have been embroiled in a string of scandals, including the CBA's financial planning scandal, which included forgery and fraud by some planners, missing customer files and a Senate inquiry that recommended a royal commission into CBA's financial advice arm. <b>Then there was Macquarie Group, which hit the headlines after some advisers allegedly cheated on exams using the famously circulated \"Penske file\" stuffed full of answers.</b> There was also the NAB scandal, which included instances of forgery, file reconstructions and multiple sackings of financial advisers inside its financial advice arm due to conflicts of interest, inappropriate advice, inappropriate practices or repeated compliance breaches. In one case, star financial adviser Graeme Cowper was allowed to resign and given a glowing letter of departure and payout, despite the bank knowing he had given inappropriate advice and reconstructed client files. This allowed him to move to other financial institutions until he was sacked by AMP in 2015. Bad publicity</p>", "original_content": "<entry xmlns=\"http://www.w3.org/2005/Atom\"><id>urn:contentItem:5N8R-B6J1-DY19-C47X-00000-00</id><title>New body to clean up financial planning sector</title><published>2017-04-09T00:00:00Z</published><updated>2020-11-15T22:07:48Z</updated><author><name>LexisNexis</name></author><content type=\"application/xml\"><!--Transformation version 1.23--><articleDoc xmlns=\"\" xmlns:xsi=\"http://www.w3.org/2001/XMLSchema-instance\" xsi:noNamespaceSchemaLocation=\"http://www.lexisnexis.com/xmlschemas/content/public/articledoc/1/\" schemaVersion=\"1.8\" xml:lang=\"en\"><articleDocHead><itemInfo/></articleDocHead><nitf:body xmlns:nitf=\"http://iptc.org/std/NITF/2006-10-18/\"><nitf:body.head><nitf:hedline><nitf:hl1>New body to clean up financial planning sector</nitf:hl1></nitf:hedline><nitf:byline><author><person><nameText>Adele Ferguson</nameText></person></author></nitf:byline><highlight><bodyText><p>Minister Kelly O'Dwyer has appointed Cathy Walter as the chair of a powerful new body set up to \"professionalise\" the scandal-ridden sector.</p></bodyText></highlight></nitf:body.head><nitf:body.content><bodyText><p nitf:lede=\"true\">Financial Services Minister Kelly O'Dwyer has appointed Cathy Walter as the chair of a powerful new body set up to \"professionalise\" the scandal-ridden sector.</p><p nitf:lede=\"true\">The Australian Financial Review can reveal that the new body, the Financial Adviser Standards and Ethics Authority (FASEA), will start on July 1 to set mandatory educational and training requirements, develop and set a national industry exam and create a code of ethics.</p><p nitf:lede=\"true\">O'Dwyer, who heads off on maternity leave later this week, told the Financial Review the new body was part of the government's overall plan to deliver \"practical outcomes\" for consumers, rather than a royal commission into the sector.</p><p nitf:lede=\"true\">A royal commission or commission of inquiry into the banking sector is now a live issue in the federal Parliament after a bill was tabled in the Senate on March 23 that has the backing of a majority of the upper house. All it will take is one more Coalition MP in the lower house to cross the floor and a judicial inquiry is on.</p><h>Creation of a mega scheme</h><p>O'Dwyer confirmed she had also received a final report from a panel headed by Professor Ian Ramsay into external dispute resolution schemes, including the Financial Ombudsman Service (FOS), the Superannuation Complaints Tribunal (SCT) and the Credit and Investments Ombudsman (CIO), with an indication that the bodies would be merged to create a mega scheme.</p><p>\"The government is focused on delivering practical outcomes that will benefit consumers and the suite of changes out of it is financial planning through to looking at establishing a one-stop-shop for consumer complaints,\" O'Dwyer said.</p><p>Ramsay will now look at a compensation scheme of last resort, with a view to making a set of recommendations on how the new body would look.</p><p>The latest figures from FOS indicate that more than $16 million of compensation applications made by victims that should have been paid weren't paid because the organisations or advisers either went into bankruptcy, collapsed or refused to pay.</p><p>The Ramsay recommendations aren't expected to come to light until the second half of the year, which means the focus will be overhauling financial advice through the new independent standards body.</p><p>The body will be funded by the big four banks and AMP but O'Dwyer has been careful to preserve the integrity of the board by appointing nine independent directors who haven't come from these institutions. </p><h>Proven change agents</h><p>Three directors represent the consumer movement, the rest are industry experts, academics and an ethicist. Many are proven change agents, well networked with a strong grasp of ethics.</p><p>The body will be spearheaded by Walter, who has served on more than 15 boards in the past 25 years and has earned a reputation for standing up for what she believes is right, even if it is against a bank.</p><p>When she was a director of NAB, she had a public fight with the board over a decision to appoint PricewaterhouseCoopers to investigate NAB's $360 million foreign exchange scandal. Walter's questioning of PwC's independence created a split in the board that resulted in her resignation. She would later say: \"I saw three courses of action available. First, stifle instinct and belief and go along with what the majority wanted. Second, resign silently and walk away. Or third, stand up for what I believed in.\" </p><p>Other appointments include Catriona Lowe, a lawyer and director of FOS with a background in consumer advocacy. Lowe made the gutsy decision in May 2016 to resign as an independent advocate for a Timbercorp hardship program after disagreeing with some of the deals liquidator KordaMentha was urging victims to sign.</p><p>Another director is Matthew Rowe, the former chairman of the Financial Planning Association (FPA) and chief executive of Countplus. Rowe earned a reputation as a trailblazer in the quest to improve standards of financial planning. When he was FPA chairman, the organisation was transformed in 2011 from an industry association beholden to the big institutions into a professional body.</p><h>Lifting education standards</h><p>He then took the controversial step of lifting education standards among members by making it mandatory for new members to hold an approved degree by July 2013. Then, in 2014, he put his neck on the line and wrote to members saying the FPA would support a royal commission into the Commonwealth Bank of Australia unless the bank agreed to form an independent committee to oversee a \"full and fair\" compensation process to customers affected in the financial planning scandal.</p><p>Other directors include the former head of National Seniors Australia, Michael O'Neill, who waged a spectacular battle against attempts by the Coalition to water down the future of financial advice (FoFA) reforms.</p><p>Mark Brimble, a professor of finance in the Griffith Business School and chairman of the Financial Planning Education Council, is another inspired choice. Brimble was instrumental in building the curriculum for financial planning degrees across more than a dozen universities.</p><p>The remaining directors include Carolyn Bond, a former head of the Consumer Action Law Centre and a director of the Legal Services Board Victoria, Deborah Kent, the former president of the Association of Financial Advisers, Stephen Somogy, a director of UniSuper and a former executive member of APRA, and Simon Longstaff, who runs the Ethics Centre and has done various consulting on ethics to the banks.</p><p>The board will hit the ground running as education requirements will be introduced from January 2019 and a code of ethics will begin the following year.</p><h>The model code of ethics</h><p>Its first task will be to find a chief executive. It must then approve the education standards for financial advisers, the exam and the model code of ethics.</p><p>Wealth is a multibillion-dollar industry and the banks and AMP are the dominant players, owning or controlling more than half the financial planning industry. </p><p>But over the past few years, a number of institutions have been embroiled in a string of scandals, including the CBA's financial planning scandal, which included forgery and fraud by some planners, missing customer files and a Senate inquiry that recommended a royal commission into CBA's financial advice arm.</p><p>Then there was Macquarie Group, which hit the headlines after some advisers allegedly cheated on exams using the famously circulated \"Penske file\" stuffed full of answers.</p><p>There was also the NAB scandal, which included instances of forgery, file reconstructions and multiple sackings of financial advisers inside its financial advice arm due to conflicts of interest, inappropriate advice, inappropriate practices or repeated compliance breaches. In one case, star financial adviser Graeme Cowper was allowed to resign and given a glowing letter of departure and payout, despite the bank knowing he had given inappropriate advice and reconstructed client files. This allowed him to move to other financial institutions until he was sacked by AMP in 2015.</p><h>Bad publicity</h><p>More lately, ASIC released a report into the sector that found 185 planners were \"dishonest, illegal, deceptive and/or fraudulent\" in their dealings with customers.</p><p>The report found that, despite all the bad publicity in the past few years, the big four and AMP were still not doing enough to notify ASIC of any wrongdoing by their staff. \"Nearly half of the advisers were not notified to ASIC until the licensees identified and reported their advisers to us in response to ASIC's direction,\" the report said.</p><p>There is a lot of work to do.</p><p>Financial advice should be a noble profession. There are some good advisers but the industry has been tarnished by lax education standards - it takes two weeks to qualify under the current system - conflicted remunerations and the lack of a national code of ethics.</p><p>The decision to legislate a best interest duty will help professionalise the industry, so too will this body, if it is given the funding and freedom to do so. The industry, consumers and the government have a lot riding on it.</p></bodyText></nitf:body.content></nitf:body><metadata><dc:metadata xmlns:dc=\"http://purl.org/dc/elements/1.1/\"><dc:identifier identifierScheme=\"DOC-ID\">AFRONL-1020319756</dc:identifier><dc:source sourceScheme=\"royaltyReportingKey\">AFRONL2017</dc:source><dc:identifier identifierScheme=\"PGUID\">urn:contentItem:5N8R-B6J1-DY19-C47X-00000-00</dc:identifier><dc:source sourceScheme=\"productContentSetIdentifier\">429670</dc:source><dc:date dateType=\"last-updated\">2017-04-15</dc:date></dc:metadata><wordCount number=\"1333\"/><timeReceived>07:51 PM GMT</timeReceived><publicationInfo><copyright>Copyright 2017 Fairfax Media Publications Pty. Limited All Rights Reserved</copyright><publicationName>AFR Online</publicationName><publicationDate day=\"09\" month=\"04\" year=\"2017\"><dateText>April 9, 2017 Sunday</dateText></publicationDate><classification classificationScheme=\"publicationtype\"><classificationItem><className>Web Publication</className></classificationItem></classification><classification classificationScheme=\"publicationtype\"><classificationItem><className>Industry Trade Press</className></classificationItem></classification></publicationInfo><classification classificationScheme=\"language\"><classificationItem classificationScheme=\"lang.english\"><className>ENGLISH</className></classificationItem></classification><classificationGroup classificationScheme=\"licensor.indexing-terms\"><classification classificationScheme=\"licensor.subject\"><classificationItem><className>News</className></classificationItem><classificationItem><className>Banking &amp; Finance</className></classificationItem><classificationItem><className>Columnists</className></classificationItem></classification></classificationGroup><classificationGroup classificationScheme=\"indexing-terms\"><classification classificationScheme=\"subject\"><classificationItem score=\"90\"><classCode>STX000654</classCode><className>ETHICS</className><classCode/><className/></classificationItem><classificationItem score=\"90\"><classCode>N921120CC</classCode><className>LEGISLATIVE BODIES</className><classCode/><className/></classificationItem><classificationItem score=\"90\"><classCode>STX000969</classCode><className>INVESTIGATIONS</className><classCode/><className/></classificationItem><classificationItem score=\"90\"><classCode>STX000106</classCode><className>APPOINTMENTS</className><classCode/><className/></classificationItem><classificationItem score=\"89\"><classCode>ST000DJQC</classCode><className>CONSUMERS</className><classCode/><className/></classificationItem><classificationItem score=\"89\"><classCode>ST000CTIZ</classCode><className>SCANDALS</className><classCode/><className/></classificationItem><classificationItem score=\"79\"><classCode>ST0009SVL</classCode><className>BANKING &amp; FINANCE SECTOR PERFORMANCE</className><classCode/><className/></classificationItem><classificationItem score=\"77\"><classCode>N926110GJ</classCode><className>CONSUMER PROTECTION</className><classCode/><className/></classificationItem><classificationItem score=\"74\"><classCode>STX000166</classCode><className>INSOLVENCY &amp; BANKRUPTCY</className><classCode/><className/></classificationItem><classificationItem score=\"72\"><classCode>ST0009HMV</classCode><className>STANDARDS &amp; MEASUREMENTS</className><classCode/><className/></classificationItem><classificationItem score=\"70\"><classCode>ST00097G1</classCode><className>MATERNITY LEAVE</className><classCode/><className/></classificationItem><classificationItem score=\"60\"><classCode>ST000A7IS</classCode><className>ASSOCIATIONS &amp; ORGANIZATIONS</className><classCode/><className/></classificationItem></classification><classification classificationScheme=\"industry\"><classificationItem score=\"90\"><classCode>N520000CC</classCode><className>BANKING &amp; FINANCE</className><classCode/><className/></classificationItem><classificationItem score=\"89\"><classCode>ST00093QP</classCode><className>FINANCIAL PLANNING</className><classCode/><className/></classificationItem><classificationItem score=\"79\"><classCode>ST0009RX6</classCode><classCode/><className/></classificationItem><classificationItem score=\"79\"><classCode>ST0009SVL</classCode><className>BANKING &amp; FINANCE SECTOR PERFORMANCE</className><classCode/><className/></classificationItem><classificationItem score=\"79\"><classCode>STX001313</classCode><className>PERSONAL FINANCE</className><classCode/><className/></classificationItem></classification></classificationGroup></metadata></articleDoc></content></entry>"}