{"prediction_class": "Regulatory Breaches Tax Evasion Smuggling of goods", "prediction_score": "0.7", "name": "Macquarie Group", "title": "Regulator grilled on lenient penalty;Regulation", "published": "2014-09-06T00:00:00Z", "updated": "2020-11-15T21:49:32Z", "cleaned_article": "[TITLE] Regulator grilled on lenient penalty;Regulation [TITLE] \n\nThe corporate regulator has denied losing a document, known as the Penske File, allegedly used by financial advisers at Macquarie Group to cheat on continuing professional development exams. Australian Securities and Investments Commission staff also faced questions about an apparently lenient penalty handed out to financial planner Peter Holt during a hearing of the parliamentary joint committee on corporations, which is charged with oversight of the regulator. Early last month BusinessDay revealed allegations of serious problems at Macquarie's advice division, Macquarie Private Wealth, including that some advisers circulated the Penske File cheat-sheet and that some clients were incorrectly classified as sophisticated, potentially exposing them to high-risk investment products.", "raw_cleaned_article": "<h2>Regulator grilled on lenient penalty;Regulation</h2><p><b>The corporate regulator has denied losing a document, known as the Penske File, allegedly used by financial advisers at Macquarie Group to cheat on continuing professional development exams.</b> Australian Securities and Investments Commission staff also faced questions about an apparently lenient penalty handed out to financial planner Peter Holt during a hearing of the parliamentary joint committee on corporations, which is charged with oversight of the regulator. Early last month BusinessDay revealed allegations of serious problems at Macquarie's advice division, Macquarie Private Wealth, including that some advisers circulated the Penske File cheat-sheet and that some clients were incorrectly classified as sophisticated, potentially exposing them to high-risk investment products.</p>", "original_content": "<entry xmlns=\"http://www.w3.org/2005/Atom\"><id>urn:contentItem:5D2S-7R91-JD34-V1GS-00000-00</id><title>Regulator grilled on lenient penalty;Regulation</title><published>2014-09-06T00:00:00Z</published><updated>2020-11-15T21:49:32Z</updated><author><name>LexisNexis</name></author><content type=\"application/xml\"><!--Transformation version 1.23--><articleDoc xmlns=\"\" xmlns:xsi=\"http://www.w3.org/2001/XMLSchema-instance\" xsi:noNamespaceSchemaLocation=\"http://www.lexisnexis.com/xmlschemas/content/public/articledoc/1/\" schemaVersion=\"1.8\" xml:lang=\"en\"><articleDocHead><itemInfo><sourceSectionInfo><positionSection>BUSINESS</positionSection><positionSequence>Pg. 1</positionSequence></sourceSectionInfo></itemInfo></articleDocHead><nitf:body xmlns:nitf=\"http://iptc.org/std/NITF/2006-10-18/\"><nitf:body.head><nitf:hedline><nitf:hl1>Regulator grilled on lenient penalty</nitf:hl1><nitf:hl2>Regulation</nitf:hl2></nitf:hedline><nitf:byline><author><person><nameText>Ben Butler, Adele Ferguson</nameText></person></author></nitf:byline></nitf:body.head><nitf:body.content><bodyText><p nitf:lede=\"true\">The corporate regulator has denied losing a document, known as the Penske File, allegedly used by financial advisers at Macquarie Group to cheat on continuing professional development exams.</p><p nitf:lede=\"true\">Australian Securities and Investments Commission staff also faced questions about an apparently lenient penalty handed out to financial planner Peter Holt during a hearing of the parliamentary joint committee on corporations, which is charged with oversight of the regulator.</p><p nitf:lede=\"true\">Early last month BusinessDay revealed allegations of serious problems at Macquarie's advice division, Macquarie Private Wealth, including that some advisers circulated the Penske File cheat-sheet and that some clients were incorrectly classified as sophisticated, potentially exposing them to high-risk investment products.</p><p>An earlier Senate inquiry into ASIC's performance and the financial planning scandal at the Commonwealth Bank, spearheaded by Nationals senator John Williams, found there were also serious problems at Macquarie and called on the regulator to put it under intensive surveillance.</p><p>On Friday, Senator Williams grilled ASIC officers about the regulator's investigation into Macquarie in 2011 and 2012.</p><p>\"It's been put to me that the Penske File was copied and given to an ASIC officer and it's been lost,\" Senator Williams said.</p><p>\"That's incorrect, Senator,\" ASIC deputy chairman Peter Kell replied.</p><p>Macquarie says it has \"found no evidence\" that the Penske File was circulated by management and has complained to the Press Council about BusinessDay's coverage.</p><p>Asked by Senator Williams if the Penske File existed, Mr Kell replied: \"We have a range of material relating to an allegation of Macquarie advisers cheating on exams.</p><p>\"We have an ongoing investigation in that area.\"</p><p>To keep their professional qualifications up to date, financial advisers are required to complete continuing professional development education, which may take the form of examinations.</p><p>Mr Kell said ASIC had uncovered evidence of \"irregularities or problems\" around cheating at Macquarie Private Wealth.</p><p>\"When we did our 2011-12 surveillance, that issue was one of several that we had concerns about.\"</p><p>Under an enforceable undertaking Macquarie Private Wealth entered into following ASIC's initial investigation, it wrote last month to all 160,000 customers it has ever had to tell them they may be eligible for compensation for shoddy advice.</p><p>ASIC officials were unable to say how many customers had so far been compensated and how much money they had received.</p><p>Senior executive Louise Macaulay, who with Mr Kell is leading the regulator's investigation into Macquarie, did not answer when Senator Williams asked how many former and current Macquarie Private Wealth advisers were now under investigation.</p><p>Labor senator Deborah O'Neill said victims of Peter Holt, whose company Holt, Norman, Ashman, Baker was the biggest seller of investment schemes run by failed forestry group Timbercorp, had told her his behaviour was more in line with \"10 year or permanent banning than the three years that's been applied\".</p><p>\"They've lost everything - one of the things they want is to prevent this happening to anyone else,\" she said.</p><p>Liberal MP Tony Smith asked: \"What do you have to do to get life?\"</p><p>Senator O'Neill also asked why the Australian Securities and Investments Commission was planning to return a $20,000 security bond, lodged under an old regulatory regime, to Mr Holt's firm.</p><p>ASIC chairman Greg Medcraft said ASIC delegates who decide penalties had to operate within case law set by the Administrative Appeals Tribunal, which currently treats holding a financial services licence as \"a right, not a privilege\".</p><p>\"That's part of the issue they have to think about,\" he said.</p><p>Ms Macaulay told the hearing Mr Holt was declared bankrupt in 2011 and the following year was banned for giving inappropriate advice \"influenced by very high commissions paid on certain agribusiness products\".</p><p>Speaking during the lunch break, Senator Williams said the ban handed out to Mr Holt was \"disgusting\".</p><p>\"Here he is supposed to be bankrupt and according to the 7.30 Report he's living in a big house and driving a flash car.\"</p><p>The committee went into closed session in the afternoon to discuss Macquarie Private Wealth and other active investigations.</p></bodyText></nitf:body.content><nitf:body.end><graphic><nitf:media><caption><p>PHOTO: Greg Medcraft said ASIC is restricted by case law in assigning penalties. Photo: Nic Walker</p></caption></nitf:media></graphic></nitf:body.end></nitf:body><metadata><dc:metadata xmlns:dc=\"http://purl.org/dc/elements/1.1/\"><dc:identifier identifierScheme=\"DOC-ID\">AGEMLB-6gwqs4vi28odealkkuu</dc:identifier><dc:source sourceScheme=\"royaltyReportingKey\">AGEMLB2014</dc:source><dc:identifier identifierScheme=\"PGUID\">urn:contentItem:5D2S-7R91-JD34-V1GS-00000-00</dc:identifier><dc:source sourceScheme=\"productContentSetIdentifier\">314239</dc:source><dc:date dateType=\"last-updated\">2019-10-03</dc:date></dc:metadata><wordCount number=\"712\"/><publicationInfo><copyright>Copyright 2014 The Age Company Limited All Rights Reserved</copyright><publicationName>The Age (Melbourne, Australia)</publicationName><edition>First Edition</edition><publicationDate day=\"06\" month=\"09\" year=\"2014\"><dateText>September 6, 2014 Saturday</dateText></publicationDate><classification classificationScheme=\"publicationtype\"><classificationItem><className>Newspaper</className></classificationItem></classification><classification classificationScheme=\"publicationtype\"><classificationItem><className>Newspapers</className></classificationItem></classification></publicationInfo><classification classificationScheme=\"language\"><classificationItem classificationScheme=\"lang.english\"><className>ENGLISH</className></classificationItem></classification><classificationGroup classificationScheme=\"indexing-terms\"><classification classificationScheme=\"company\"><classificationItem score=\"91\"><classCode>CC000A36L</classCode><className>MACQUARIE GROUP LTD</className></classificationItem></classification><classification classificationScheme=\"industry\"><classificationItem score=\"91\"><className>NAICS523110 INVESTMENT BANKING &amp; SECURITIES DEALING</className></classificationItem></classification><classification classificationScheme=\"ticker\"><classificationItem score=\"91\"><className>MQG (ASX)</className></classificationItem></classification></classificationGroup><classificationGroup classificationScheme=\"licensor.indexing-terms\"><classification classificationScheme=\"licensor.region\"><classificationItem><className>Australia</className></classificationItem></classification><classification classificationScheme=\"licensor.subject\"><classificationItem><className>Crime/Fraud</className></classificationItem><classificationItem><className>Company/Australian Securities and Investment Commission/ASIC</className></classificationItem><classificationItem><className>Politics/Documents</className></classificationItem><classificationItem><className>Company/Macquarie Bank Ltd/Macquarie Group</className></classificationItem><classificationItem><className>Inquiry</className></classificationItem></classification></classificationGroup><classificationGroup classificationScheme=\"indexing-terms\"><classification classificationScheme=\"subject\"><classificationItem score=\"91\"><classCode>STX001976</classCode><className>SECURITIES &amp; OTHER INVESTMENTS</className><classCode/><className/></classificationItem><classificationItem score=\"90\"><classCode>N926150GC</classCode><className>BANKING &amp; FINANCE REGULATION</className><classCode/><className/></classificationItem><classificationItem score=\"90\"><classCode>STX000969</classCode><className>INVESTIGATIONS</className><classCode/><className/></classificationItem><classificationItem score=\"90\"><classCode>STX001948</classCode><className>LABOR &amp; EMPLOYMENT</className><classCode/><className/></classificationItem><classificationItem score=\"89\"><classCode>ST000D4JV</classCode><className>CRIMINAL INVESTIGATIONS</className><classCode/><className/></classificationItem><classificationItem score=\"89\"><classCode>ST0009FJK</classCode><className>NEGATIVE PERSONAL NEWS</className><classCode/><className/></classificationItem><classificationItem score=\"89\"><classCode>N611430MM</classCode><className>PROFESSIONAL CONTINUING EDUCATION</className><classCode/><className/></classificationItem><classificationItem score=\"78\"><classCode>STX001932</classCode><className>CRIME, LAW ENFORCEMENT &amp; CORRECTIONS</className><classCode/><className/></classificationItem><classificationItem score=\"78\"><classCode>STX000759</classCode><className>FRAUD &amp; FINANCIAL CRIME</className><classCode/><className/></classificationItem><classificationItem score=\"78\"><classCode>STX001346</classCode><className>POLITICS</className><classCode/><className/></classificationItem><classificationItem score=\"78\"><classCode>ST000D28L</classCode><className>SCHOOL CHEATING</className><classCode/><className/></classificationItem><classificationItem score=\"73\"><classCode>ST000D1BY</classCode><className>EXECUTIVES</className><classCode/><className/></classificationItem><classificationItem score=\"73\"><classCode>ST000DKTF</classCode><className>SURVEILLANCE</className><classCode/><className/></classificationItem></classification><classification classificationScheme=\"industry\"><classificationItem score=\"91\"><classCode>STX001976</classCode><className>SECURITIES &amp; OTHER INVESTMENTS</className><classCode/><className/></classificationItem><classificationItem score=\"90\"><classCode>N520000CC</classCode><className>BANKING &amp; FINANCE</className><classCode/><className/></classificationItem><classificationItem score=\"90\"><classCode>N926150GC</classCode><className>BANKING &amp; FINANCE REGULATION</className><classCode/><className/></classificationItem><classificationItem score=\"90\"><classCode>ST00093QP</classCode><className>FINANCIAL PLANNING</className><classCode/><className/></classificationItem><classificationItem score=\"90\"><classCode>ST0009RX6</classCode><classCode/><className/></classificationItem></classification><classification classificationScheme=\"city\"><classificationItem score=\"88\"><classCode>GX015</classCode><className>MELBOURNE, AUSTRALIA</className><classCode/><className/></classificationItem></classification><classification classificationScheme=\"state\"><classificationItem score=\"90\"><classCode>GS007</classCode><className>VICTORIA, AUSTRALIA</className><classCode/><className/></classificationItem></classification><classification classificationScheme=\"country\"><classificationItem score=\"94\"><classCode>GC301</classCode><className>AUSTRALIA</className><classCode/><className/></classificationItem></classification></classificationGroup></metadata></articleDoc></content></entry>"}