{"prediction_class": "Money laundering", "prediction_score": "0.99", "name": "Macquarie Group", "title": "Macquarie, CBA face fresh money laundering scrutiny after data leak", "published": "2020-09-21T00:00:00Z", "updated": "2020-11-15T21:35:36Z", "cleaned_article": "[TITLE] Macquarie, CBA face fresh money laundering scrutiny after data leak [TITLE] \n\nA leak of secret bank data shows that more than $174 million of possibly dirty money flowed through Australian banks. Macquarie Group and Commonwealth Bank are facing fresh scrutiny of their oversight of anti-money laundering laws after it emerged that overseas banks had reported close to $167 million of potential dirty money transactions flowing through the two Australian banks. The International Consortium of Investigative Journalism (ICIJ) has released a massive leak of secret bank reports that show the Commonwealth Bank was flagged by overseas banks over millions of dollars of transactions, including some in crime hotspots in far eastern Russia and in Kazakhstan. Data released by the ICIJ on Monday shows more than $174 million of possibly dirty money flowed through Australian banks. Macquarie accounted for 72 per cent of the suspicious transactions by value, or $123 million.", "raw_cleaned_article": "<h2>Macquarie, CBA face fresh money laundering scrutiny after data leak</h2><p>A leak of secret bank data shows that more than $174 million of possibly dirty money flowed through Australian banks. <b>Macquarie Group and Commonwealth Bank are facing fresh scrutiny of their oversight of anti-money laundering laws after it emerged that overseas banks had reported close to $167 million of potential dirty money transactions flowing through the two Australian banks.</b> The International Consortium of Investigative Journalism (ICIJ) has released a massive leak of secret bank reports that show the Commonwealth Bank was flagged by overseas banks over millions of dollars of transactions, including some in crime hotspots in far eastern Russia and in Kazakhstan. Data released by the ICIJ on Monday shows more than $174 million of possibly dirty money flowed through Australian banks. Macquarie accounted for 72 per cent of the suspicious transactions by value, or $123 million.</p>", "original_content": "<entry xmlns=\"http://www.w3.org/2005/Atom\"><id>urn:contentItem:60WJ-S5J1-DY19-C1J5-00000-00</id><title>Macquarie, CBA face fresh money laundering scrutiny after data leak</title><published>2020-09-21T00:00:00Z</published><updated>2020-11-15T21:35:36Z</updated><author><name>LexisNexis</name></author><content type=\"application/xml\"><!--Transformation version 1.23--><articleDoc xmlns=\"\" xmlns:xsi=\"http://www.w3.org/2001/XMLSchema-instance\" xsi:noNamespaceSchemaLocation=\"http://www.lexisnexis.com/xmlschemas/content/public/articledoc/1/\" schemaVersion=\"1.8\" xml:lang=\"en\"><articleDocHead><itemInfo/></articleDocHead><nitf:body xmlns:nitf=\"http://iptc.org/std/NITF/2006-10-18/\"><nitf:body.head><nitf:hedline><nitf:hl1>Macquarie, CBA face fresh money laundering scrutiny after data leak</nitf:hl1></nitf:hedline><nitf:byline><author><person><nameText>Sarah Danckert</nameText></person></author></nitf:byline><highlight><bodyText><p>A leak of secret bank data shows that more than $174 million of possibly dirty money flowed through Australian banks.</p></bodyText></highlight></nitf:body.head><nitf:body.content><bodyText><p nitf:lede=\"true\">Macquarie Group and Commonwealth Bank are facing fresh scrutiny of their oversight of anti-money laundering laws after it emerged that overseas banks had reported close to $167 million of potential dirty money transactions flowing through the two Australian banks.</p><p nitf:lede=\"true\">The International Consortium of Investigative Journalism (ICIJ) has <url normalizedValue=\"https://www.icij.org/investigations/fincen-files/\">released a massive leak of secret bank reports</url> that show the Commonwealth Bank was flagged by overseas banks over millions of dollars of transactions, including some in crime hotspots in far eastern Russia and in Kazakhstan.</p><p>Data released by the ICIJ on Monday shows more than $174 million of possibly dirty money flowed through Australian banks. Macquarie accounted for 72 per cent of the suspicious transactions by value, or $123 million.</p><p>The Commonwealth Bank was the next frequently named Australian bank in the data leak, with $44 million of transactions flowing to or from the CBA, which were red flagged by other banks. ANZ Bank, when including its Hong Kong branch, made up $4.7 million.</p><p>The three banks at the centre of the \"<url normalizedValue=\"https://www.icij.org/investigations/fincen-files/\">FinCEN Files</url>\" leak: Bank of New York Mellon (BNY), Barclays and Standard Charted, all filed the reports with anti-money laundering authorities in the US as part of their reporting requirements.</p><p>Banks around the world are required to report suspicious transactions to anti-money laundering regulators to stamp out dirty money dealings, including the funding of terrorism and organised crime activities, such as drug dealing and tax evasion.</p><p>It is not clear whether the Australian banks reported the transactions to the local money laundering regulator AUSTRAC. Anti-money laundering laws dictate that any payment over $10,000 must be reported to authorities as potentially suspicious as well as transactions that are indicative of potential crimes, such as an account making several smaller payments to avoid the $10,000 detection threshold.</p><p>CBA <url normalizedValue=\"https://www.smh.com.au/business/banking-and-finance/cba-reaches-700m-settlement-over-austrac-allegations-20180604-p4zj9p.html\">settled a massive civil case brought by AUSTRAC over the bank's failure to report suspicious transactions</url> for $700 million in 2018. It is not clear whether the transactions included in the ICIJ report formed part of the financial intelligence agency's case.</p><p>Macquarie has faced no court action from AUSTRAC <url normalizedValue=\"https://www.smh.com.au/politics/federal/banks-warned-failure-to-comply-will-have-serious-consequences-20191129-p53fft.html\">and a senior executive with the bank, Greg Ward, said in 2019 that it had no outstanding matters</url> with the local money-laundering regulator.</p><p>The CBA payments detail the global reach of Australia's largest bank. BNY flagged seven payments totalling $90,000 to CBA account holders from the Primorye Bank, located in the far eastern Russian city of Vladivostok, near the border with North Korea.</p><p>BNY also flagged eight payments totalling $77,800 to CBA accounts from the Kazakhstan Bank CenterCredit. The New York bank also flagged a $41,180 payment that a CBA account holder received from Latvian bank BlueOrange (named in the data under its former trading name Baltikums Bank). Payments from Deustche Bank's Czech arm to CBA totalling over $40 million were also flagged by BNY.</p><p>The cache also shows a large number of potentially structured transactions sent from Barclay's Hong Kong arm to CBA in 2016 and from UK bank NatWest's arm in the tax haven of Gibraltar.</p><p>BNY flagged 94 possibly suspicious transactions involving Macquarie in 2016. This included a report on nine transactions flowing from Macquarie to Citibank's Singapore office totalling $55.8 million and seven transactions to Citibank totalling $48 million.</p><p>BNY also flagged 76 payments totalling $17.9 million from Macquarie to Barclays in Britain and two payments from National Australia Bank to a Macquarie account holder totalling more than $1.5 million. BNY also flagged four transactions totalling nearly $500,000 flowing from CBA <url normalizedValue=\"https://www.smh.com.au/business/banking-and-finance/westpac-could-face-more-allegations-of-breaches-as-austrac-digs-deeper-20200612-p551z7.html\">to current AUSTRAC target Westpac</url>.</p><p>AUSTRAC has been contacted for comment.</p><p>A spokesman for CBA said the bank worked closely with law enforcement bodies and due to regulations it could not share the information about any particular customer.</p><p>\"We are committed to ensuring that we take appropriate steps to identify, mitigate and manage the money laundering and terrorism financing risk that we face in conducting our business.\"</p><p>\"We recognise that we play a critical role in protecting our customers and the community from the risks associated with money laundering and terrorism financing.\"</p><p>A spokeswoman for Macquarie said: \"While it is unlawful to comment on the specifics of suspicious activity reporting, as a global financial institution, Macquarie is committed to helping prevent the use of the financial system to facilitate illegal activity and has invested in systems and people to detect, prevent and report any activity of a suspicious nature, working closely with government agencies around the world. </p><p>\"This includes comprehensive self-reporting of transactions to relevant regulators. Macquarie is also a founding member of the Fintel Alliance, the public-private partnership sponsored by AUSTRAC bringing together intelligence and enforcement agencies and industry in the fight against financial crime.\"</p></bodyText></nitf:body.content></nitf:body><metadata><dc:metadata xmlns:dc=\"http://purl.org/dc/elements/1.1/\"><dc:identifier identifierScheme=\"DOC-ID\">BRBTMS-1520329336</dc:identifier><dc:source sourceScheme=\"royaltyReportingKey\">BRBTMS2020</dc:source><dc:identifier identifierScheme=\"PGUID\">urn:contentItem:60WJ-S5J1-DY19-C1J5-00000-00</dc:identifier><dc:source sourceScheme=\"productContentSetIdentifier\">404061</dc:source><dc:date dateType=\"last-updated\">2020-09-21</dc:date></dc:metadata><wordCount number=\"835\"/><timeReceived>05:57 PM GMT</timeReceived><publicationInfo><copyright>Copyright 2020 Fairfax Media Publications Pty. Limited All Rights Reserved</copyright><publicationName>Brisbane Times</publicationName><publicationDate day=\"21\" month=\"09\" year=\"2020\"><dateText>September 21, 2020 Monday</dateText></publicationDate><classification classificationScheme=\"publicationtype\"><classificationItem><className>Web Publication</className></classificationItem></classification><classification classificationScheme=\"publicationtype\"><classificationItem><className>Web-based Publications</className></classificationItem></classification></publicationInfo><classification classificationScheme=\"language\"><classificationItem classificationScheme=\"lang.english\"><className>ENGLISH</className></classificationItem></classification><classificationGroup classificationScheme=\"indexing-terms\"><classification classificationScheme=\"company\"><classificationItem score=\"92\"><classCode>CC000A36L</classCode><className>MACQUARIE GROUP LTD</className></classificationItem><classificationItem score=\"83\"><classCode>CC00091HS</classCode><className>AUSTRALIA &amp; NEW ZEALAND BANKING GROUP LTD</className></classificationItem><classificationItem score=\"69\"><classCode>CC0002E5S</classCode><className>BANK OF NEW YORK MELLON CORP</className></classificationItem></classification><classification classificationScheme=\"industry\"><classificationItem score=\"92\"><className>NAICS523110 INVESTMENT BANKING &amp; SECURITIES DEALING</className></classificationItem><classificationItem score=\"83\"><className>NAICS524210 INSURANCE AGENCIES &amp; BROKERAGES</className></classificationItem><classificationItem score=\"83\"><className>NAICS523920 PORTFOLIO MANAGEMENT</className></classificationItem><classificationItem score=\"83\"><className>NAICS522110 COMMERCIAL BANKING</className></classificationItem><classificationItem score=\"83\"><className>SIC6411 INSURANCE AGENTS, BROKERS, &amp; SERVICE</className></classificationItem><classificationItem score=\"83\"><className>SIC6282 INVESTMENT ADVICE</className></classificationItem><classificationItem score=\"69\"><className>NAICS551111 OFFICES OF BANK HOLDING COMPANIES</className></classificationItem><classificationItem score=\"69\"><className>SIC6712 OFFICES OF BANK HOLDING COMPANIES</className></classificationItem></classification><classification classificationScheme=\"ticker\"><classificationItem score=\"92\"><className>MQG (ASX)</className></classificationItem><classificationItem score=\"83\"><className>ANZ (NZX)</className></classificationItem><classificationItem score=\"83\"><className>ANZ (ASX)</className></classificationItem><classificationItem score=\"69\"><className>BK (NYSE)</className></classificationItem></classification></classificationGroup><classificationGroup classificationScheme=\"licensor.indexing-terms\"><classification classificationScheme=\"licensor.subject\"><classificationItem><className>Banking and Finance</className></classificationItem></classification></classificationGroup><classificationGroup classificationScheme=\"indexing-terms\"><classification classificationScheme=\"legal\"><classificationItem><className>Banking Law</className><classCode>Z3VpZD11cm46dG9waWM6QjQyMUFCOUJBNURBNEFDREE3MTNCNDk5QkQ4NUM3RjI7cGFyZW50Z3VpZD0</classCode><classificationItem score=\"90\"><className>Money Laundering</className><classCode>Z3VpZD11cm46dG9waWM6NDRGN0EyOTJBOEM4NDkzOUIyNkNBQkYyMDI3RDM4OTI7cGFyZW50Z3VpZD11cm46dG9waWM6NkUzNTQ1QUZBM0Y5NDcyQjk4N0I5Mjg0QzU3NDk0MDI</classCode></classificationItem></classificationItem><classificationItem><className>Criminal Law &amp; Procedure</className><classCode>Z3VpZD11cm46dG9waWM6NEU0RkE1OUQwNUQwNDgxODhEODZCMjkzOTg3NThBNzk7cGFyZW50Z3VpZD0</classCode><classificationItem score=\"89\"><className>Elements</className><classCode>Z3VpZD11cm46dG9waWM6N0NERTc0RDUyNDQ4NDM0M0E1NTNEQTg4NzU5MEIzMUE7cGFyZW50Z3VpZD11cm46dG9waWM6QzBDQzA4NEVCN0Q0NEZCRkEwNjY3Qzk3MDA3NzlCMjU</classCode></classificationItem><classificationItem score=\"99\"><className>General Overview</className><classCode>Z3VpZD11cm46dG9waWM6MUM4RjZFOEE4MDc3NDE4QjhCMkQwNzc2QTM0OUQ5NjI7cGFyZW50Z3VpZD11cm46dG9waWM6QzBDQzA4NEVCN0Q0NEZCRkEwNjY3Qzk3MDA3NzlCMjU</classCode></classificationItem></classificationItem></classification><classification classificationScheme=\"subject\"><classificationItem score=\"92\"><classCode>N551112MM</classCode><className>HOLDING COMPANIES</className><classCode/><className/></classificationItem><classificationItem score=\"91\"><classCode>ST000DN1X</classCode><className>DATA BREACHES</className><classCode/><className/></classificationItem><classificationItem score=\"91\"><classCode>STX000713</classCode><className>FINANCIAL CRIME COUNTERMEASURES</className><classCode/><className/></classificationItem><classificationItem score=\"90\"><classCode>STX000759</classCode><className>FRAUD &amp; FINANCIAL CRIME</className><classCode/><className/></classificationItem><classificationItem score=\"90\"><classCode>N523930MC</classCode><className>INVESTMENT ADVISERS</className><classCode>Z3VpZD11cm46dG9waWM6ODQ2M0Q5NUExRUZENEY2NDkzMzlDMDVFNjFCNTY3MTQ7cGFyZW50Z3VpZD11cm46dG9waWM6RkFFMTQ3ODhCRDYyNDkyN0IwQkEyQzRCRDlFMEM5ODc</classCode><className>Investment Advisers</className></classificationItem><classificationItem score=\"90\"><classCode>STX001159</classCode><className>MONEY LAUNDERING</className><classCode>Z3VpZD11cm46dG9waWM6QzBDQzA4NEVCN0Q0NEZCRkEwNjY3Qzk3MDA3NzlCMjU7cGFyZW50Z3VpZD11cm46dG9waWM6NkUzNTQ1QUZBM0Y5NDcyQjk4N0I5Mjg0QzU3NDk0MDI</classCode><className>Money Laundering</className></classificationItem><classificationItem score=\"90\"><classCode>STX001976</classCode><className>SECURITIES &amp; OTHER INVESTMENTS</className><classCode/><className/></classificationItem><classificationItem score=\"78\"><classCode>STX000969</classCode><className>INVESTIGATIONS</className><classCode/><className/></classificationItem><classificationItem score=\"78\"><classCode>STX001905</classCode><className>JOURNALISM</className><classCode/><className/></classificationItem><classificationItem score=\"78\"><classCode>STX001213</classCode><className>NEWS REPORTING</className><classCode/><className/></classificationItem><classificationItem score=\"77\"><classCode>N523920MM</classCode><className>INVESTMENT MANAGEMENT</className><classCode/><className/></classificationItem><classificationItem score=\"76\"><classCode>ST0008X5W</classCode><className>SPECIAL INVESTIGATIVE FORCES</className><classCode/><className/></classificationItem><classificationItem score=\"73\"><classCode>STX000938</classCode><className>INTELLIGENCE SERVICES</className><classCode/><className/></classificationItem><classificationItem score=\"73\"><classCode>STX001681</classCode><className>TAX LAW</className><classCode>Z3VpZD11cm46dG9waWM6OTNEM0E2OEE0RkQyNEY1MDhBQzdGMkQ4ODI4QTJDODE7cGFyZW50Z3VpZD11cm46dG9waWM6MUFEMUQ2QTA1OUZCNEE5RjkzNTA2RERFMUNEOTk1RTI</classCode><className>Tax</className></classificationItem><classificationItem score=\"71\"><classCode>STX000535</classCode><className>CONTROLLED SUBSTANCES CRIME</className><classCode/><className/></classificationItem><classificationItem score=\"71\"><classCode>ST000D1BY</classCode><className>EXECUTIVES</className><classCode/><className/></classificationItem><classificationItem score=\"68\"><classCode>STX001688</classCode><className>TAXES &amp; TAXATION</className><classCode/><className/></classificationItem><classificationItem score=\"66\"><classCode>STX001678</classCode><className>TAX FRAUD</className><classCode>Z3VpZD11cm46dG9waWM6QUQ3NTEzQ0ZENTYxNEY1MDgwREQ3OTcwNUIyRjczNDY7cGFyZW50Z3VpZD11cm46dG9waWM6QjUxMzkyMTA2MTNDNDhDOUJDMkY5MkRGRDY1NjZBQjg</classCode><className>Tax Fraud</className></classificationItem><classificationItem score=\"50\"><classCode>STX001710</classCode><className>TERRORISM</className><classCode>Z3VpZD11cm46dG9waWM6ODg4MDhDQ0I2QkY5NDU2Rjg1RDNEREFBODk1Nzg1QTY7cGFyZW50Z3VpZD11cm46dG9waWM6RjgwNUY4MjJCMTg5NDgzRUJBMDQwNkM4NkUyNTJBMEY</classCode><className>Terrorism</className></classificationItem></classification><classification classificationScheme=\"industry\"><classificationItem score=\"93\"><classCode>N520000CC</classCode><className>BANKING &amp; FINANCE</className><classCode/><className/></classificationItem><classificationItem score=\"93\"><classCode>ST0009RX6</classCode><classCode/><className/></classificationItem><classificationItem score=\"92\"><classCode>N524200CC</classCode><className>INSURANCE AGENCIES &amp; BROKERAGES</className><classCode/><className/></classificationItem><classificationItem score=\"91\"><classCode>ST000DN1X</classCode><className>DATA BREACHES</className><classCode/><className/></classificationItem><classificationItem score=\"90\"><classCode>ST0008WZ9</classCode><className>BANK HOLDING COMPANIES</className><classCode>Z3VpZD11cm46dG9waWM6QTExQjk4M0RBNjUyNDBDNTgwNjI4MUIzRUU0RDBEMzI7cGFyZW50Z3VpZD11cm46dG9waWM6RTc3MUQ5Rjg4MjYzNENDQzk2QjQ0NzA5RjFDNzY0RDk</classCode><className>Bank Holding Companies</className></classificationItem><classificationItem score=\"90\"><classCode>N522110DC</classCode><className>COMMERCIAL BANKING</className><classCode>Z3VpZD11cm46dG9waWM6NDIyQTAxOUNERDI4NDdFNjkyMEFDOTFFM0MwMTQzNjQ7cGFyZW50Z3VpZD11cm46dG9waWM6QjQyMUFCOUJBNURBNEFDREE3MTNCNDk5QkQ4NUM3RjI</classCode><className>Commercial Banks</className></classificationItem><classificationItem score=\"90\"><classCode>N524000CC</classCode><className>INSURANCE</className><classCode/><className/></classificationItem><classificationItem score=\"90\"><classCode>N523930MC</classCode><className>INVESTMENT ADVISERS</className><classCode>Z3VpZD11cm46dG9waWM6ODQ2M0Q5NUExRUZENEY2NDkzMzlDMDVFNjFCNTY3MTQ7cGFyZW50Z3VpZD11cm46dG9waWM6RkFFMTQ3ODhCRDYyNDkyN0IwQkEyQzRCRDlFMEM5ODc</classCode><className>Investment Advisers</className></classificationItem><classificationItem score=\"90\"><classCode>N523110EC</classCode><className>INVESTMENT BANKING</className><classCode/><className/></classificationItem><classificationItem score=\"90\"><classCode>STX001976</classCode><className>SECURITIES &amp; OTHER INVESTMENTS</className><classCode/><className/></classificationItem><classificationItem score=\"90\"><classCode>ST000A2VZ</classCode><classCode/><className/></classificationItem><classificationItem score=\"78\"><classCode>STX001213</classCode><className>NEWS REPORTING</className><classCode/><className/></classificationItem><classificationItem score=\"77\"><classCode>N523920MM</classCode><className>INVESTMENT MANAGEMENT</className><classCode/><className/></classificationItem></classification><classification classificationScheme=\"city\"><classificationItem score=\"92\"><classCode>GX016</classCode><className>BRISBANE, AUSTRALIA</className><classCode/><className/></classificationItem></classification><classification classificationScheme=\"country\"><classificationItem score=\"96\"><classCode>GC301</classCode><className>AUSTRALIA</className><classCode/><className/></classificationItem><classificationItem score=\"92\"><classCode>GC573</classCode><className>KAZAKHSTAN</className><classCode/><className/></classificationItem><classificationItem score=\"90\"><classCode>GC578</classCode><className>RUSSIAN FEDERATION</className><classCode/><className/></classificationItem><classificationItem score=\"79\"><classCode>GC351</classCode><className>NEW ZEALAND</className><classCode/><className/></classificationItem><classificationItem score=\"79\"><classCode>GC343</classCode><className>UNITED STATES</className><classCode/><className/></classificationItem><classificationItem score=\"78\"><classCode>GC371</classCode><className>KOREA, DEMOCRATIC PEOPLE'S REPUBLIC OF</className><classCode/><className/></classificationItem><classificationItem score=\"73\"><classCode>GR156</classCode><className>AUSTRALIA &amp; NEW ZEALAND</className><classCode/><className/></classificationItem></classification></classificationGroup></metadata></articleDoc></content></entry>"}