{"prediction_class": "Regulatory Breaches Tax Evasion Smuggling of goods", "prediction_score": "0.98", "name": "Macquarie Group", "title": "Macquarie brokers to face Senate inquiry over misconduct claims", "published": "2017-11-14T00:00:00Z", "updated": "2020-11-15T22:20:17Z", "cleaned_article": "[TITLE] Macquarie brokers to face Senate inquiry over misconduct claims [TITLE] \n\nMacquarie Group will be asked to appear before a Senate inquiry to respond to allegations that its advisers artificially inflated the price of a small mining company before a sudden collapse wiped out hundreds of investors. Executives and stockbrokers from the country's largest investment bank are also expected to be grilled over suspicious trading activity that coincided with a string of positive announcements by Cleveland Mining Group, which helped its share price to almost triple in value over a two-month period in 2012. Australian Greens Senator Peter Whish-Wilson confirmed that he would ask for Macquarie to appear before an ongoing Senate inquiry into consumer protection in the banking, finance and insurance industries.", "raw_cleaned_article": "<h2>Macquarie brokers to face Senate inquiry over misconduct claims</h2><p><b>Macquarie Group will be asked to appear before a Senate inquiry to respond to allegations that its advisers artificially inflated the price of a small mining company before a sudden collapse wiped out hundreds of investors.</b><b>Macquarie Group will be asked to appear before a Senate inquiry to respond to allegations that its advisers artificially inflated the price of a small mining company before a sudden collapse wiped out hundreds of investors.</b> Executives and stockbrokers from the country's largest investment bank are also expected to be grilled over suspicious trading activity that coincided with a string of positive announcements by Cleveland Mining Group, which helped its share price to almost triple in value over a two-month period in 2012. Australian Greens Senator Peter Whish-Wilson confirmed that he would ask for Macquarie to appear before an ongoing Senate inquiry into consumer protection in the banking, finance and insurance industries.</p>", "original_content": "<entry xmlns=\"http://www.w3.org/2005/Atom\"><id>urn:contentItem:5PY7-MF21-JBJ7-N3HM-00000-00</id><title>Macquarie brokers to face Senate inquiry over misconduct claims</title><published>2017-11-14T00:00:00Z</published><updated>2020-11-15T22:20:17Z</updated><author><name>LexisNexis</name></author><content type=\"application/xml\"><!--Transformation version 1.23--><articleDoc xmlns=\"\" xmlns:xsi=\"http://www.w3.org/2001/XMLSchema-instance\" xsi:noNamespaceSchemaLocation=\"http://www.lexisnexis.com/xmlschemas/content/public/articledoc/1/\" schemaVersion=\"1.8\" xml:lang=\"en\"><articleDocHead><itemInfo/></articleDocHead><nitf:body xmlns:nitf=\"http://iptc.org/std/NITF/2006-10-18/\"><nitf:body.head><nitf:hedline><nitf:hl1>Macquarie brokers to face Senate inquiry over misconduct claims</nitf:hl1></nitf:hedline><nitf:byline><author><person><nameText>Cameron Houston and Chris Vedelago</nameText></person></author></nitf:byline><highlight><bodyText><p>Macquarie Group will be asked to appear before a Senate inquiry to respond to allegations that its advisers artificially inflated the price of a small mining company before a sudden collapse wiped out hundreds of investors.</p></bodyText></highlight></nitf:body.head><nitf:body.content><bodyText><p nitf:lede=\"true\">Macquarie Group will be asked to appear before a Senate inquiry to respond to allegations that its advisers artificially inflated the price of a small mining company before a sudden collapse wiped out hundreds of investors.</p><p nitf:lede=\"true\">Executives and stockbrokers from the country's largest investment bank are also expected to be grilled over suspicious trading activity that coincided with a string of positive announcements by Cleveland Mining Group, which helped its share price to almost triple in value over a two-month period in 2012.</p><p nitf:lede=\"true\">Australian Greens Senator Peter Whish-Wilson confirmed that he would ask for Macquarie to appear before an ongoing Senate inquiry into consumer protection in the banking, finance and insurance industries.</p><p>The motion is expected to win the backing of Labor in the Senate, along with several independent members of the upper house.</p><p>\"This case raises serious questions about Macquarie Bank's conduct and how systemic investment strategies of this nature are in the industry.</p><p>\"Once again, this case underscores the need for a royal commission to get to the bottom of allegations of this nature,\" Senator Whish Wilson said.</p><p>Senator Whish-Wilson, who worked as an investment adviser with US firm Merrill Lynch before entering politics, said the stockbroking industry had not received the same scrutiny as the banking and financial planning sectors.</p><p>\"My guess is there are probably more skeletons in this closet than any other part of the industry. Equities can be a very high-risk investment environment, especially trading in low-cap, speculative mining stocks,\" he said.</p><p>The Age revealed in June that disgruntled investors had launched legal action against Macquarie, amid claims its brokers had deliberately \"ramped\" Cleveland stock by orchestrating the acquisition of a Brazilian iron-ore mine project with a potential value of $34 billion.</p><p>The mine, in the northern Brazilian state of Amapa, turned out to be worthless, but helped propel the share price to 95 cents. </p><p>Macquarie's then divisional director Michael Rosenbaum and investment adviser Stefan Whiting have been accused of artificially inflating the price of Cleveland shares when they advised clients to buy the stock, according to documents sent to the corporate regulator by lawyers acting for Cleveland investors.</p><p>Macpherson Kelley Lawyers alleged that Mr Whiting played a key role in the acquisition of the Brazilian iron-ore mine, in an apparent breach of his conflict-of-interest obligations.</p><p>The stock collapsed in late 2012, before it was voluntarily suspended from the ASX in October 2016, when it traded at just seven cents.</p><p>Mr Whiting and Mr Rosenbaum are both expected to be called before the senate inquiry, along with Cleveland's chief executive, directors and investors.</p><p>Michael Hazell, of Macpherson Kelley Lawyers, said a Senate inquiry could help determine if alleged misconduct by Macquarie advisers had contributed to client losses in other ASX-listed companies.</p><p>\"We represent a number of clients who suffered losses after investing in Helix Resources and where some of the circumstances surrounding those losses are similar to those in the Cleveland mining matter. We note that Macquarie has been on notice of these issues for many years,\" Mr Hazell said.</p><p>In an email from December 2010, Mr Whiting makes reference to a capital raising for Helix Resources as he spruiked Macquarie's performance to Cleveland. </p><p>\"This stock is placed to solid long-term investors of ours who not interested in selling their holdings for short-term gains.</p><p>\"Since the stock was issued Macquarie has dominated the trading, buying 47 per cent of stock traded post capital raising. I trust these figures will give the Cleveland board comfort that not only can we complete a capital raising, but also well and truly support the issue in the all important after market,\" Mr Whiting said in the email.</p><p>In September, Macquarie finalised a review of advice and trading activity of its clients who invested in Cleveland. The internal investigation found that the investment bank had no case to answer.</p><p>\"Although we appreciate the disappointment for clients who lost money in Cleveland, the information available to us supports the conclusion that those losses were occasioned by the underlying performance of the company, not through any inappropriate action by Macquarie advisers,\" said Macquarie's Head Wealth Management Bill Marynissen.</p><p>The bank, known as the \"millionaires' factory\", only recently emerged from an enforceable undertaking order from the Australian Securities and Investments Commission over its \"systemic deficiencies\" in compliance with financial services laws.</p><p>Mr Rosenbaum and Mr Whiting have denied the allegations of misconduct.</p><p>A Macquarie spokeswoman said the matter related to a class action being pursued by Macpherson Kelley and in which litigation was yet to commence.</p><p>\"Throughout our involvement with both Helix and Cleveland, Macquarie acted in accordance with all relevant regulatory requirements.\" </p></bodyText></nitf:body.content></nitf:body><metadata><dc:metadata xmlns:dc=\"http://purl.org/dc/elements/1.1/\"><dc:identifier identifierScheme=\"DOC-ID\">CNBTOL-1027192261</dc:identifier><dc:source sourceScheme=\"royaltyReportingKey\">CNBTOL2017</dc:source><dc:identifier identifierScheme=\"PGUID\">urn:contentItem:5PY7-MF21-JBJ7-N3HM-00000-00</dc:identifier><dc:source sourceScheme=\"productContentSetIdentifier\">437139</dc:source><dc:date dateType=\"last-updated\">2019-10-05</dc:date></dc:metadata><wordCount number=\"831\"/><timeReceived>08:15 AM GMT</timeReceived><publicationInfo><copyright>Copyright 2017 Fairfax Media Publications Pty. Limited All Rights Reserved</copyright><publicationName>Canberra Times Online</publicationName><publicationDate day=\"14\" month=\"11\" year=\"2017\"><dateText>November 14, 2017 Tuesday</dateText></publicationDate><classification classificationScheme=\"publicationtype\"><classificationItem><className>Web Publication</className></classificationItem></classification><classification classificationScheme=\"publicationtype\"><classificationItem><className>Web-based Publications</className></classificationItem></classification></publicationInfo><classification classificationScheme=\"language\"><classificationItem classificationScheme=\"lang.english\"><className>ENGLISH</className></classificationItem></classification><classificationGroup classificationScheme=\"indexing-terms\"><classification classificationScheme=\"company\"><classificationItem score=\"92\"><classCode>CC0009AXT</classCode><className>MACQUARIE FINANCIAL LTD</className></classificationItem><classificationItem score=\"90\"><classCode>CC0001TWF</classCode><className>MERRILL LYNCH &amp; CO INC</className></classificationItem><classificationItem score=\"84\"><classCode>CC000A36L</classCode><className>MACQUARIE GROUP LTD</className></classificationItem><classificationItem score=\"57\"><classCode>CC0002HYD</classCode><className>MACQUARIE BANK LTD</className></classificationItem></classification><classification classificationScheme=\"industry\"><classificationItem score=\"90\"><className>NAICS523920 PORTFOLIO MANAGEMENT</className></classificationItem><classificationItem score=\"90\"><className>SIC6282 INVESTMENT ADVICE</className></classificationItem><classificationItem score=\"90\"><className>NAICS523110 INVESTMENT BANKING &amp; SECURITIES DEALING</className></classificationItem><classificationItem score=\"90\"><className>NAICS523930 INVESTMENT ADVICE</className></classificationItem><classificationItem score=\"90\"><className>NAICS523120 SECURITIES BROKERAGE</className></classificationItem><classificationItem score=\"90\"><className>SIC6211 SECURITY BROKERS, DEALERS, &amp; FLOTATION COMPANIES</className></classificationItem><classificationItem score=\"57\"><className>NAICS522110 COMMERCIAL BANKING</className></classificationItem><classificationItem score=\"57\"><className>SIC6029 COMMERCIAL BANKS, NEC</className></classificationItem></classification><classification classificationScheme=\"ticker\"><classificationItem score=\"84\"><className>MQG (ASX)</className></classificationItem><classificationItem score=\"57\"><className>MBL (ASX)</className></classificationItem></classification></classificationGroup><classificationGroup classificationScheme=\"licensor.indexing-terms\"><classification classificationScheme=\"licensor.subject\"><classificationItem><className>Business</className></classificationItem></classification></classificationGroup><classificationGroup classificationScheme=\"indexing-terms\"><classification classificationScheme=\"subject\"><classificationItem score=\"91\"><classCode>ST0009FJK</classCode><className>NEGATIVE PERSONAL NEWS</className><classCode/><className/></classificationItem><classificationItem score=\"91\"><classCode>STX001976</classCode><className>SECURITIES &amp; OTHER INVESTMENTS</className><classCode/><className/></classificationItem><classificationItem score=\"90\"><classCode>STX000969</classCode><className>INVESTIGATIONS</className><classCode/><className/></classificationItem><classificationItem score=\"90\"><classCode>N523930MC</classCode><className>INVESTMENT ADVISERS</className><classCode>Z3VpZD11cm46dG9waWM6ODQ2M0Q5NUExRUZENEY2NDkzMzlDMDVFNjFCNTY3MTQ7cGFyZW50Z3VpZD11cm46dG9waWM6RkFFMTQ3ODhCRDYyNDkyN0IwQkEyQzRCRDlFMEM5ODc</classCode><className>Investment Advisers</className></classificationItem><classificationItem score=\"90\"><classCode>ST0009RDY</classCode><className>MINING &amp; EXTRACTION SECTOR PERFORMANCE</className><classCode/><className/></classificationItem><classificationItem score=\"90\"><classCode>STX001149</classCode><className>MISCONDUCT</className><classCode/><className/></classificationItem><classificationItem score=\"90\"><classCode>STX001209</classCode><className>NEW ISSUES</className><classCode/><className/></classificationItem><classificationItem score=\"90\"><classCode>N523120MC</classCode><className>SECURITIES BROKERS</className><classCode/><className/></classificationItem><classificationItem score=\"89\"><classCode>N523920MM</classCode><className>INVESTMENT MANAGEMENT</className><classCode/><className/></classificationItem><classificationItem score=\"89\"><classCode>N541110GM</classCode><className>LAWYERS</className><classCode/><className/></classificationItem><classificationItem score=\"89\"><classCode>ST000CZTI</classCode><className>STOCK PRICES</className><classCode/><className/></classificationItem><classificationItem score=\"78\"><classCode>STX001928</classCode><className>COMPANY ACTIVITIES &amp; MANAGEMENT</className><classCode/><className/></classificationItem><classificationItem score=\"78\"><classCode>N926110GJ</classCode><className>CONSUMER PROTECTION</className><classCode/><className/></classificationItem><classificationItem score=\"78\"><classCode>STX001040</classCode><className>LITIGATION</className><classCode/><className/></classificationItem><classificationItem score=\"77\"><classCode>ST000D1BY</classCode><className>EXECUTIVES</className><classCode/><className/></classificationItem><classificationItem score=\"76\"><classCode>N523110GM</classCode><className>SECURITIES TRADING</className><classCode/><className/></classificationItem><classificationItem score=\"73\"><classCode>STX001648</classCode><className>SUITS &amp; CLAIMS</className><classCode/><className/></classificationItem><classificationItem score=\"69\"><classCode>ST0008X57</classCode><className>CONSUMER LAW</className><classCode>Z3VpZD11cm46dG9waWM6RDJBNDY2Rjc3Mzk4NDI3NUJDOTlCQTRCNzE2M0IwRTU7cGFyZW50Z3VpZD11cm46dG9waWM6REEyRTNDM0JGQzYyNEMyOEFGNTAwNUJEOUU1MDg4NjU</classCode><className>Consumer Protection</className></classificationItem><classificationItem score=\"68\"><classCode>ST0008XMR</classCode><className>LAW &amp; LEGAL SYSTEM</className><classCode/><className/></classificationItem></classification><classification classificationScheme=\"industry\"><classificationItem score=\"92\"><classCode>N520000CC</classCode><className>BANKING &amp; FINANCE</className><classCode/><className/></classificationItem><classificationItem score=\"92\"><classCode>ST0009RX6</classCode><classCode/><className/></classificationItem><classificationItem score=\"91\"><classCode>STX001976</classCode><className>SECURITIES &amp; OTHER INVESTMENTS</className><classCode/><className/></classificationItem><classificationItem score=\"90\"><classCode>N522110DC</classCode><className>COMMERCIAL BANKING</className><classCode>Z3VpZD11cm46dG9waWM6NDIyQTAxOUNERDI4NDdFNjkyMEFDOTFFM0MwMTQzNjQ7cGFyZW50Z3VpZD11cm46dG9waWM6QjQyMUFCOUJBNURBNEFDREE3MTNCNDk5QkQ4NUM3RjI</classCode><className>Commercial Banks</className></classificationItem><classificationItem score=\"90\"><classCode>N523930MC</classCode><className>INVESTMENT ADVISERS</className><classCode>Z3VpZD11cm46dG9waWM6ODQ2M0Q5NUExRUZENEY2NDkzMzlDMDVFNjFCNTY3MTQ7cGFyZW50Z3VpZD11cm46dG9waWM6RkFFMTQ3ODhCRDYyNDkyN0IwQkEyQzRCRDlFMEM5ODc</classCode><className>Investment Advisers</className></classificationItem><classificationItem score=\"90\"><classCode>N523110EC</classCode><className>INVESTMENT BANKING</className><classCode/><className/></classificationItem><classificationItem score=\"90\"><classCode>N210000CC</classCode><className>MINING &amp; EXTRACTION</className><classCode/><className/></classificationItem><classificationItem score=\"90\"><classCode>ST0009RDY</classCode><className>MINING &amp; EXTRACTION SECTOR PERFORMANCE</className><classCode/><className/></classificationItem><classificationItem score=\"90\"><classCode>STX001209</classCode><className>NEW ISSUES</className><classCode/><className/></classificationItem><classificationItem score=\"90\"><classCode>N523120MC</classCode><className>SECURITIES BROKERS</className><classCode/><className/></classificationItem><classificationItem score=\"89\"><classCode>N523920MM</classCode><className>INVESTMENT MANAGEMENT</className><classCode/><className/></classificationItem><classificationItem score=\"89\"><classCode>N541110GM</classCode><className>LAWYERS</className><classCode/><className/></classificationItem><classificationItem score=\"89\"><classCode>ST0008X7V</classCode><className>MINES &amp; MINING</className><classCode/><className/></classificationItem><classificationItem score=\"89\"><classCode>ST000CZTI</classCode><className>STOCK PRICES</className><classCode/><className/></classificationItem><classificationItem score=\"78\"><classCode>ST00093QP</classCode><className>FINANCIAL PLANNING</className><classCode/><className/></classificationItem><classificationItem score=\"78\"><classCode>N212210MM</classCode><className>IRON MINING</className><classCode/><className/></classificationItem><classificationItem score=\"78\"><classCode>ST0009S1D</classCode><className>MINE PLANNING &amp; MANAGEMENT</className><classCode/><className/></classificationItem><classificationItem score=\"77\"><classCode>STX001313</classCode><className>PERSONAL FINANCE</className><classCode/><className/></classificationItem><classificationItem score=\"76\"><classCode>N523110GM</classCode><className>SECURITIES TRADING</className><classCode/><className/></classificationItem></classification><classification classificationScheme=\"city\"><classificationItem score=\"92\"><classCode>GX607</classCode><className>CLEVELAND, OH, USA</className><classCode/><className/></classificationItem><classificationItem score=\"74\"><classCode>GX013</classCode><className>CANBERRA, AUSTRALIA</className><classCode/><className/></classificationItem></classification><classification classificationScheme=\"state\"><classificationItem score=\"91\"><classCode>GS006</classCode><className>AUSTRALIAN CAPITAL TERRITORY</className><classCode/><className/></classificationItem></classification><classification classificationScheme=\"country\"><classificationItem score=\"93\"><classCode>GC338</classCode><className>BRAZIL</className><classCode/><className/></classificationItem><classificationItem score=\"79\"><classCode>GC301</classCode><className>AUSTRALIA</className><classCode/><className/></classificationItem></classification></classificationGroup></metadata></articleDoc></content></entry>"}