{"prediction_class": "Regulatory Breaches Tax Evasion Smuggling of goods", "prediction_score": "0.96", "name": "Macquarie Group", "title": "Sign up on forex or be shunned, banks told", "published": "2017-07-17T00:00:00Z", "updated": "2020-11-15T22:17:32Z", "cleaned_article": "[TITLE] Sign up on forex or be shunned, banks told [TITLE] \n\n\"But I would say the behaviour started to improve even a couple of years ago. That doesn't mean it's across the board, but in the past there wasn't a common understanding of what was good -practice.\" As the former chairman of the Bank for International Settlements FX working group, Mr Debelle has led the central bank push to repair the damage to the public's confidence in the industry after widespread misconduct by global forex participants that's cost them more than $13 billion in fines. Commonwealth Bank, Westpac, ANZ and National Australia Bank have all faced regulatory action including multi-million-dollar fines for problems in their foreign exchange businesses, including traders \"frontrunning\" client trades for their personal accounts. Just days before the code was unveiled on May 25, Macquarie Group was hit with an enforceable undertaking from the Australian Securities & Investments Commission from an investigation that revealed staff disclosing confidential information to third parties on client trades and their identities. The conduct ran from 2008 to 2013. So far the signs are good. Westpac, Citi and XTX Markets are among major players in the global FX market that have already signed up to the code, which requires them to be \"both ethical and professional\", have \"robust and clear policies\" to protect confidential information, and promote \"a strong, fair, open, liquid and appropriately transparent foreign exchange market\". All of the large sell-side institutions including Goldman Sachs, Morgan Stanley, JPMorgan, Deutsche Bank, Barclays and the major local banks have indicated they will sign up.", "raw_cleaned_article": "<h2>Sign up on forex or be shunned, banks told</h2><p>\"But I would say the behaviour started to improve even a couple of years ago. That doesn't mean it's across the board, but in the past there wasn't a common understanding of what was good -practice.\" As the former chairman of the Bank for International Settlements FX working group, Mr Debelle has led the central bank push to repair the damage to the public's confidence in the industry after widespread misconduct by global forex participants that's cost them more than $13 billion in fines. Commonwealth Bank, Westpac, ANZ and National Australia Bank have all faced regulatory action including multi-million-dollar fines for problems in their foreign exchange businesses, including traders \"frontrunning\" client trades for their personal accounts. <b>Just days before the code was unveiled on May 25, Macquarie Group was hit with an enforceable undertaking from the Australian Securities & Investments Commission from an investigation that revealed staff disclosing confidential information to third parties on client trades and their identities. The conduct ran from 2008 to 2013.</b> So far the signs are good. Westpac, Citi and XTX Markets are among major players in the global FX market that have already signed up to the code, which requires them to be \"both ethical and professional\", have \"robust and clear policies\" to protect confidential information, and promote \"a strong, fair, open, liquid and appropriately transparent foreign exchange market\". All of the large sell-side institutions including Goldman Sachs, Morgan Stanley, JPMorgan, Deutsche Bank, Barclays and the major local banks have indicated they will sign up.</p>", "original_content": "<entry xmlns=\"http://www.w3.org/2005/Atom\"><id>urn:contentItem:5P1M-94R1-F0JP-W19K-00000-00</id><title>Sign up on forex or be shunned, banks told</title><published>2017-07-17T00:00:00Z</published><updated>2020-11-15T22:17:32Z</updated><author><name>LexisNexis</name></author><content type=\"application/xml\"><!--Transformation version 1.23--><articleDoc xmlns=\"\" xmlns:xsi=\"http://www.w3.org/2001/XMLSchema-instance\" xsi:noNamespaceSchemaLocation=\"http://www.lexisnexis.com/xmlschemas/content/public/articledoc/1/\" schemaVersion=\"1.8\" xml:lang=\"en\"><articleDocHead><itemInfo><sourceSectionInfo><positionSection>BUSINESS</positionSection><positionSequence>Pg. 20</positionSequence></sourceSectionInfo></itemInfo></articleDocHead><nitf:body xmlns:nitf=\"http://iptc.org/std/NITF/2006-10-18/\"><nitf:body.head><nitf:hedline><nitf:hl1>Sign up on forex or be shunned, banks told</nitf:hl1></nitf:hedline></nitf:body.head><nitf:body.content><bodyText><p nitf:lede=\"true\">Banks that fail to sign up to a new global code of conduct for the $6.6-trillion-a-day foreign exchange market will be barred from dealing with central banks as well as with other signatories to the voluntary code, according to the man who spearheaded its development, Reserve Bank deputy governor Guy Debelle.</p><p nitf:lede=\"true\">In an exclusive interview with The Australian, Mr Debelle said he was confident banks had begun improving their behaviour, even before the code came into effect, and that the dark days since the global financial crisis were over.</p><p nitf:lede=\"true\">\"The main message is ... that the code is out there now and we expect people in the market to start adhering to it pretty shortly and sign up to the statement of commitment,\" he said.</p><p>\"But I would say the behaviour started to improve even a couple of years ago. That doesn't mean it's across the board, but in the past there wasn't a common understanding of what was good -practice.\" As the former chairman of the Bank for International Settlements FX working group, Mr Debelle has led the central bank push to repair the damage to the public's confidence in the industry after widespread misconduct by global forex participants that's cost them more than $13 billion in fines.</p><p>Commonwealth Bank, Westpac, ANZ and National Australia Bank have all faced regulatory action including multi-million-dollar fines for problems in their foreign exchange businesses, including traders \"frontrunning\" client trades for their personal accounts.</p><p>Just days before the code was unveiled on May 25, Macquarie Group was hit with an enforceable undertaking from the Australian Securities &amp; Investments Commission from an investigation that revealed staff disclosing confidential information to third parties on client trades and their identities. The conduct ran from 2008 to 2013.</p><p>So far the signs are good. Westpac, Citi and XTX Markets are among major players in the global FX market that have already signed up to the code, which requires them to be \"both ethical and professional\", have \"robust and clear policies\" to protect confidential information, and promote \"a strong, fair, open, liquid and appropriately transparent foreign exchange market\".</p><p>All of the large sell-side institutions including Goldman Sachs, Morgan Stanley, JPMorgan, Deutsche Bank, Barclays and the major local banks have indicated they will sign up.</p><p>Underlining interest in the event, players are jetting in from New York, Singapore, Tokyo and Hong Kong for an event in Sydney this week to hear Mr Debelle discuss the code at bank prime broker Invast Global. Attendees also include NAB, ANZ, Westpac, Macquarie, the Future Fund, some international banks, ASIC and number of fund managers and brokers.</p><p>\"It will take people a bit of time to check that they are fully compliant,\" Dr Debelle said.</p><p>\"But certainly they will need to sign up within 12 months, otherwise we - as central banks - will stop dealing with them, and there is some chance that other counterparties will follow suit.</p><p>\"In the past, if I decided I'm going to stop trading with you and take my business somewhere else, there was a fair chance that somewhere else would do exactly the same thing, so it wouldn't achieve much.</p><p>\"A reasonable expectation we have is that now it's a credible threat to say, 'I'm going to take my business to someone who will treat me appropriately'.</p><p>\"So to some extent, the more people we have signing up to this, then if (you don't) you're very much on the outer.\" As well as the threat of a loss of business from counterparties refusing to deal with those who don't sign up for the FX GCC, non-compliant market participants face reputational damage.</p><p>\"To some extent that could see some negative publicity because they won't be on a foreign exchange committee anywhere in the world either,\" Mr Debelle said.</p><p>\"It's not regulation, but there are non-trivial commercial and reputational consequences.\" As well as guiding the behaviour of participants, the code is intended to help restore the confidence of businesses - and particularly smaller companies - that they will be treated fairly in the global FX market. With large chunks of the nation's $2 trillion superannuation assets invested offshore investors need to be able to do large cross-border deals.</p><p>\"It's the financial plumbing of the global economy, so you need to have confidence that it works properly.</p><p>\"If I'm a corporate wanting to hedge my FX exposure, I want to have the confidence that it's going to be done appropriately.</p><p>\"Otherwise I stop hedging, and that's doesn't help my business.\" In his view, in many ways the problems of the past were due to a lack of guidance from officials. By showing the industry in a rational way what needed to happen to protect the integrity of the industry, participants had been quite eager to do something about it, he said.</p><p>\"There was some stuff that everyone knew was bad - not that it stopped that from happening - but in terms of what's appropriate when you are handling an order, there wasn't universal agreement.\" A fair amount of activity in the FX market fits into a \"grey area\". Frontrunning client orders, inappropriately handling client stop-loss orders or inappropriately sharing information on orders clearly fit in the \"black\" area of conduct.</p><p>But \"pre-hedging\" client orders - by drip feeding orders into the market, for example - could be conflated with frontrunning, according to Mr Debelle.</p><p>\"We are more saying in what circumstances is this sort of behaviour appropriate and what you've got to tell your client, so the client knows how you're going to treat it,\" Dr Debelle said.</p><p>As for the proliferation of cryptocurrencies like Bitcoin, Dr Debelle doesn't see anything to threaten the ascendancy of the traditional FX market at this stage.</p><p>\"I would have a hell of a lot less trust in any cryptocurrency, because that means trusting that it's going to preserve value, and in some of them the price volatility has been huge.</p><p>\"For something that's apparently unhackable, a couple have been hacked in the past couple of months, so I don't know how much confidence I would have in them being a store of value.\" In his view the conduct of monetary policy isn't threatened by cryptocurrencies either.</p><p>\"To some extent we already have electronic money in the sense that the balances that the banks have with us to clear everything across their accounts - they are all electronic - so the technology of distributed ledger is not massively different from what we have.\"It's certainly something the central bank community is thinking about, but it's mostly a fairly modest technological upgrade of stuff we have.\"</p></bodyText></nitf:body.content></nitf:body><metadata><dc:metadata xmlns:dc=\"http://purl.org/dc/elements/1.1/\"><dc:identifier identifierScheme=\"DOC-ID\">THEAUS-TheAustralian20170717Australian20000298371600</dc:identifier><dc:source sourceScheme=\"royaltyReportingKey\">THEAUS2017</dc:source><dc:identifier identifierScheme=\"PGUID\">urn:contentItem:5P1M-94R1-F0JP-W19K-00000-00</dc:identifier><dc:source sourceScheme=\"productContentSetIdentifier\">244777</dc:source><dc:date dateType=\"last-updated\">2018-10-17</dc:date></dc:metadata><wordCount number=\"1099\"/><publicationInfo><copyright>Copyright 2017 Nationwide News Pty Limited All Rights Reserved</copyright><publicationName>The Australian</publicationName><edition>Australian Edition</edition><publicationDate day=\"17\" month=\"07\" year=\"2017\"><dateText>July 17, 2017 Monday</dateText></publicationDate><classification classificationScheme=\"publicationtype\"><classificationItem><className>Newspaper</className></classificationItem></classification><classification classificationScheme=\"publicationtype\"><classificationItem><className>Newspapers</className></classificationItem></classification></publicationInfo><classification classificationScheme=\"language\"><classificationItem classificationScheme=\"lang.english\"><className>ENGLISH</className></classificationItem></classification><classificationGroup classificationScheme=\"indexing-terms\"><classification classificationScheme=\"company\"><classificationItem score=\"91\"><classCode>CC0001V19</classCode><className>NATIONAL AUSTRALIA BANK LTD</className></classificationItem><classificationItem score=\"72\"><classCode>CC000A36L</classCode><className>MACQUARIE GROUP LTD</className></classificationItem><classificationItem score=\"58\"><classCode>CC00027NH</classCode><className>JPMORGAN CHASE &amp; CO</className></classificationItem><classificationItem score=\"58\"><classCode>CC0001YMR</classCode><className>DEUTSCHE BANK AG</className></classificationItem><classificationItem score=\"58\"><classCode>CC0001RKX</classCode><className>GOLDMAN SACHS GROUP INC</className></classificationItem><classificationItem score=\"58\"><classCode>CC0002275</classCode><className>CITIGROUP INC</className></classificationItem><classificationItem score=\"57\"><classCode>CC0009QBX</classCode><className>MORGAN STANLEY</className></classificationItem><classificationItem score=\"55\"><classCode>CC0001Z8E</classCode><className>BANK FOR INTERNATIONAL SETTLEMENTS</className></classificationItem></classification><classification classificationScheme=\"organization\"><classificationItem score=\"55\"><classCode>CC0001Z8E</classCode><className>BANK FOR INTERNATIONAL SETTLEMENTS</className></classificationItem></classification><classification classificationScheme=\"industry\"><classificationItem score=\"91\"><className>NAICS522110 COMMERCIAL BANKING</className></classificationItem><classificationItem score=\"91\"><className>SIC6081 BRANCHES &amp; AGENCIES OF FOREIGN BANKS</className></classificationItem><classificationItem score=\"91\"><className>NAICS522293 INTERNATIONAL TRADE FINANCING</className></classificationItem><classificationItem score=\"91\"><className>NAICS522120 SAVINGS INSTITUTIONS</className></classificationItem><classificationItem score=\"91\"><className>SIC6082 FOREIGN TRADE &amp; INTERNATIONAL BANKING INSTITUTIONS</className></classificationItem><classificationItem score=\"72\"><className>NAICS523110 INVESTMENT BANKING &amp; SECURITIES DEALING</className></classificationItem><classificationItem score=\"58\"><className>NAICS551111 OFFICES OF BANK HOLDING COMPANIES</className></classificationItem><classificationItem score=\"58\"><className>NAICS523999 MISCELLANEOUS FINANCIAL INVESTMENT ACTIVITIES</className></classificationItem><classificationItem score=\"58\"><className>SIC6022 STATE COMMERCIAL BANKS</className></classificationItem><classificationItem score=\"58\"><className>NAICS523920 PORTFOLIO MANAGEMENT</className></classificationItem><classificationItem score=\"58\"><className>SIC6282 INVESTMENT ADVICE</className></classificationItem><classificationItem score=\"58\"><className>SIC6211 SECURITY BROKERS, DEALERS, &amp; FLOTATION COMPANIES</className></classificationItem><classificationItem score=\"58\"><className>NAICS523930 INVESTMENT ADVICE</className></classificationItem><classificationItem score=\"58\"><className>SIC6289 SERVICES ALLIED WITH THE EXCHANGE OF SECURITIES OR COMMODITIES, NEC</className></classificationItem><classificationItem score=\"58\"><className>NAICS523120 SECURITIES BROKERAGE</className></classificationItem><classificationItem score=\"58\"><className>NAICS522210 CREDIT CARD ISSUING</className></classificationItem><classificationItem score=\"55\"><className>SIC6099 FUNCTIONS RELATED TO DEPOSITORY BANKING, NEC</className></classificationItem></classification><classification classificationScheme=\"ticker\"><classificationItem score=\"91\"><className>NAB (ASX)</className></classificationItem><classificationItem score=\"72\"><className>MQG (ASX)</className></classificationItem><classificationItem score=\"58\"><className>JPM (NYSE)</className></classificationItem><classificationItem score=\"58\"><className>JPM (LSE)</className></classificationItem><classificationItem score=\"58\"><className>DEUT (JSE)</className></classificationItem><classificationItem score=\"58\"><className>DBK (FRA)</className></classificationItem><classificationItem score=\"58\"><className>DBK (BIT)</className></classificationItem><classificationItem score=\"58\"><className>DBETN (JSE)</className></classificationItem><classificationItem score=\"58\"><className>DB (NYSE)</className></classificationItem><classificationItem score=\"58\"><className>GS (NYSE)</className></classificationItem><classificationItem score=\"58\"><className>C (NYSE)</className></classificationItem><classificationItem score=\"58\"><className>C (BMV)</className></classificationItem><classificationItem score=\"58\"><className>8710 (TSE)</className></classificationItem><classificationItem score=\"57\"><className>MS (NYSE)</className></classificationItem></classification></classificationGroup><classificationGroup classificationScheme=\"indexing-terms\"><classification classificationScheme=\"subject\"><classificationItem score=\"91\"><classCode>ST000DEZ9</classCode><className>FOREIGN EXCHANGE MARKETS</className><classCode/><className/></classificationItem><classificationItem score=\"91\"><classCode>STX001976</classCode><className>SECURITIES &amp; OTHER INVESTMENTS</className><classCode/><className/></classificationItem><classificationItem score=\"90\"><classCode>N521100MM</classCode><className>CENTRAL BANKS</className><classCode/><className/></classificationItem><classificationItem score=\"90\"><classCode>STX000654</classCode><className>ETHICS</className><classCode/><className/></classificationItem><classificationItem score=\"90\"><classCode>N551112MM</classCode><className>HOLDING COMPANIES</className><classCode/><className/></classificationItem><classificationItem score=\"90\"><classCode>STX000951</classCode><className>INTERNATIONAL TRADE</className><classCode/><className/></classificationItem><classificationItem score=\"90\"><classCode>N522293CC</classCode><className>INTERNATIONAL TRADE FINANCING</className><classCode/><className/></classificationItem><classificationItem score=\"90\"><classCode>N523930MC</classCode><className>INVESTMENT ADVISERS</className><classCode>Z3VpZD11cm46dG9waWM6ODQ2M0Q5NUExRUZENEY2NDkzMzlDMDVFNjFCNTY3MTQ7cGFyZW50Z3VpZD11cm46dG9waWM6RkFFMTQ3ODhCRDYyNDkyN0IwQkEyQzRCRDlFMEM5ODc</classCode><className>Investment Advisers</className></classificationItem><classificationItem score=\"90\"><classCode>ST0009FJK</classCode><className>NEGATIVE PERSONAL NEWS</className><classCode/><className/></classificationItem><classificationItem score=\"90\"><classCode>STX001209</classCode><className>NEW ISSUES</className><classCode/><className/></classificationItem><classificationItem score=\"89\"><classCode>N523920MM</classCode><className>INVESTMENT MANAGEMENT</className><classCode/><className/></classificationItem><classificationItem score=\"89\"><classCode>N525910GG</classCode><className>MUTUAL FUNDS</className><classCode/><className/></classificationItem><classificationItem score=\"88\"><classCode>N523120MC</classCode><className>SECURITIES BROKERS</className><classCode/><className/></classificationItem><classificationItem score=\"78\"><classCode>STX001149</classCode><className>MISCONDUCT</className><classCode/><className/></classificationItem><classificationItem score=\"75\"><classCode>STX001066</classCode><className>MANAGERS &amp; SUPERVISORS</className><classCode/><className/></classificationItem><classificationItem score=\"74\"><classCode>ST000A51F</classCode><className>ECONOMIC CRISIS</className><classCode/><className/></classificationItem><classificationItem score=\"71\"><classCode>ST0008ZF6</classCode><className>INTERVIEWS</className><classCode/><className/></classificationItem><classificationItem score=\"70\"><classCode>STX000722</classCode><className>FINES &amp; PENALTIES</className><classCode/><className/></classificationItem><classificationItem score=\"65\"><classCode>STX000969</classCode><className>INVESTIGATIONS</className><classCode/><className/></classificationItem></classification><classification classificationScheme=\"industry\"><classificationItem score=\"92\"><classCode>N520000CC</classCode><className>BANKING &amp; FINANCE</className><classCode/><className/></classificationItem><classificationItem score=\"92\"><classCode>ST0009RX6</classCode><classCode/><className/></classificationItem><classificationItem score=\"91\"><classCode>ST000DEZ9</classCode><className>FOREIGN EXCHANGE MARKETS</className><classCode/><className/></classificationItem><classificationItem score=\"91\"><classCode>STX001976</classCode><className>SECURITIES &amp; OTHER INVESTMENTS</className><classCode/><className/></classificationItem><classificationItem score=\"90\"><classCode>N521100MM</classCode><className>CENTRAL BANKS</className><classCode/><className/></classificationItem><classificationItem score=\"90\"><classCode>N522293CC</classCode><className>INTERNATIONAL TRADE FINANCING</className><classCode/><className/></classificationItem><classificationItem score=\"90\"><classCode>N523930MC</classCode><className>INVESTMENT ADVISERS</className><classCode>Z3VpZD11cm46dG9waWM6ODQ2M0Q5NUExRUZENEY2NDkzMzlDMDVFNjFCNTY3MTQ7cGFyZW50Z3VpZD11cm46dG9waWM6RkFFMTQ3ODhCRDYyNDkyN0IwQkEyQzRCRDlFMEM5ODc</classCode><className>Investment Advisers</className></classificationItem><classificationItem score=\"90\"><classCode>STX001209</classCode><className>NEW ISSUES</className><classCode/><className/></classificationItem><classificationItem score=\"90\"><classCode>N522120FM</classCode><className>SAVINGS &amp; LOANS</className><classCode/><className/></classificationItem><classificationItem score=\"89\"><classCode>N523920MM</classCode><className>INVESTMENT MANAGEMENT</className><classCode/><className/></classificationItem><classificationItem score=\"89\"><classCode>N525910GG</classCode><className>MUTUAL FUNDS</className><classCode/><className/></classificationItem><classificationItem score=\"88\"><classCode>N523120MC</classCode><className>SECURITIES BROKERS</className><classCode/><className/></classificationItem><classificationItem score=\"74\"><classCode>STX000424</classCode><className>CREDIT CARDS</className><classCode/><className/></classificationItem><classificationItem score=\"74\"><classCode>ST000D7DY</classCode><className>INFORMATION SECURITY &amp; PRIVACY</className><classCode/><className/></classificationItem></classification><classification classificationScheme=\"city\"><classificationItem score=\"77\"><classCode>GX601</classCode><className>NEW YORK, NY, USA</className><classCode/><className/></classificationItem><classificationItem score=\"58\"><classCode>GX014</classCode><className>SYDNEY, AUSTRALIA</className><classCode/><className/></classificationItem></classification><classification classificationScheme=\"country\"><classificationItem score=\"94\"><classCode>GC301</classCode><className>AUSTRALIA</className><classCode/><className/></classificationItem></classification></classificationGroup></metadata></articleDoc></content></entry>"}