{"prediction_class": "Fraud Embezzlement Misappropriation", "prediction_score": "0.77", "name": "Macquarie Group", "title": "Australian regulator criticizes Macquarie's financial planning, stockbroking biz over compliance", "published": "2013-01-31T00:00:00Z", "updated": "2020-11-15T22:23:04Z", "cleaned_article": "[TITLE] Australian regulator criticizes Macquarie's financial planning, stockbroking biz over compliance [TITLE] \n\nThe commission unveiled a range of serious compliance deficiencies, following its one-year investigation into Macquarie Private Wealth, The Australian Financial Review reported. The financial planning and stockbroking business of Macquarie Group Ltd. has received strong criticism from the Australian Securities and Investments Commission for poor compliance standards, The Australian Financial Review reported Jan. 29. The group has also been criticized for its attempts to cover up its repeated failure to follow the regulations designed to protect investors. The commission unveiled a range of serious compliance deficiencies involving a large number of its advisers, following its one-year investigation into Macquarie Private Wealth.", "raw_cleaned_article": "<h2>Australian regulator criticizes Macquarie's financial planning, stockbroking biz over compliance</h2><p>The commission unveiled a range of serious compliance deficiencies, following its one-year investigation into Macquarie Private Wealth, The Australian Financial Review reported. <b>The financial planning and stockbroking business of Macquarie Group Ltd. has received strong criticism from the Australian Securities and Investments Commission for poor compliance standards, The Australian Financial Review reported Jan. 29.</b> The group has also been criticized for its attempts to cover up its repeated failure to follow the regulations designed to protect investors. The commission unveiled a range of serious compliance deficiencies involving a large number of its advisers, following its one-year investigation into Macquarie Private Wealth.</p>", "original_content": "<entry xmlns=\"http://www.w3.org/2005/Atom\"><id>urn:contentItem:5GSW-TVH1-JDVW-N4MN-00000-00</id><title>Australian regulator criticizes Macquarie's financial planning, stockbroking biz over compliance</title><published>2013-01-31T00:00:00Z</published><updated>2020-11-15T22:23:04Z</updated><author><name>LexisNexis</name></author><content type=\"application/xml\"><!--Transformation version 1.23--><articleDoc xmlns=\"\" xmlns:xsi=\"http://www.w3.org/2001/XMLSchema-instance\" xsi:noNamespaceSchemaLocation=\"http://www.lexisnexis.com/xmlschemas/content/public/articledoc/1/\" schemaVersion=\"1.8\" xml:lang=\"en\"><articleDocHead><itemInfo/></articleDocHead><nitf:body xmlns:nitf=\"http://iptc.org/std/NITF/2006-10-18/\"><nitf:body.head><nitf:hedline><nitf:hl1>Australian regulator criticizes Macquarie's financial planning, stockbroking biz over compliance</nitf:hl1></nitf:hedline><nitf:byline><author><person><nameText>Susanna Tai</nameText></person></author></nitf:byline><highlight><bodyText><p>The commission unveiled a range of serious compliance deficiencies, following its one-year investigation into Macquarie Private Wealth, The Australian Financial Review reported.</p></bodyText></highlight></nitf:body.head><nitf:body.content><bodyText><p nitf:lede=\"true\">The financial planning and stockbroking business of Macquarie Group Ltd. has received strong criticism from the Australian Securities and Investments Commission for poor compliance standards, The Australian Financial Review reported Jan. 29.</p><p>The group has also been criticized for its attempts to cover up its repeated failure to follow the regulations designed to protect investors.</p><p>The commission unveiled a range of serious compliance deficiencies involving a large number of its advisers, following its one-year investigation into Macquarie Private Wealth.</p><p>Repeated failure to keep records of client advice and not keeping evidence if clients were veteran investors capable of understanding complex financial advice were among the shortcomings found by the commission, according to the newspaper.</p><p>The incidents span a period of up to five years. Macquarie initially identified them in an internal review of client files between 2008 and 2010, but the company did not follow the requirements to report the findings to the commission.</p><p>Commission Chairman Greg Medcraft said it was disappointing as the commission has to uncover it through surveillance, while the system relies on self-reporting, the AFR reported.</p><p>Peter Maher, Macquarie's head of banking and financial services, signed Jan. 29 an enforceable undertaking with the commission to strengthen its compliance processes and systems, while no monetary fine was mentioned as part of the deal.</p><p>According to the enforceable undertaking, Macquarie has to develop and implement a plan to rectify any license risk management and compliance deficiencies with the oversight of an independent expert over the coming two years.</p></bodyText></nitf:body.content></nitf:body><metadata><dc:metadata xmlns:dc=\"http://purl.org/dc/elements/1.1/\"><dc:identifier identifierScheme=\"DOC-ID\">SNLAFD-16867446</dc:identifier><dc:source sourceScheme=\"royaltyReportingKey\">SNLAFD2013</dc:source><dc:identifier identifierScheme=\"PGUID\">urn:contentItem:5GSW-TVH1-JDVW-N4MN-00000-00</dc:identifier><dc:source sourceScheme=\"productContentSetIdentifier\">427785</dc:source><dc:date dateType=\"last-updated\">1901-11-11</dc:date></dc:metadata><wordCount number=\"278\"/><publicationInfo><copyright>Copyright 2013 SNL Financial LC All Rights Reserved</copyright><publicationName>SNL Asia-Pacific Financials Daily</publicationName><publicationDate day=\"31\" month=\"01\" year=\"2013\"><dateText>January 31, 2013 Thursday</dateText></publicationDate><classification classificationScheme=\"publicationtype\"><classificationItem><className>Newsletter</className></classificationItem></classification><classification classificationScheme=\"publicationtype\"><classificationItem><className>Newsletters</className></classificationItem></classification></publicationInfo><classification classificationScheme=\"language\"><classificationItem classificationScheme=\"lang.english\"><className>ENGLISH</className></classificationItem></classification><classificationGroup classificationScheme=\"indexing-terms\"><classification classificationScheme=\"company\"><classificationItem score=\"96\"><classCode>CC000A36L</classCode><className>MACQUARIE GROUP LTD</className></classificationItem></classification><classification classificationScheme=\"industry\"><classificationItem score=\"96\"><className>NAICS523110 INVESTMENT BANKING &amp; SECURITIES DEALING</className></classificationItem></classification><classification classificationScheme=\"ticker\"><classificationItem score=\"96\"><className>MQG (ASX)</className></classificationItem></classification></classificationGroup><classificationGroup classificationScheme=\"licensor.indexing-terms\"><classification classificationScheme=\"licensor.subject\"><classificationItem><className>Federal Regulatory Activity</className></classificationItem></classification></classificationGroup><classificationGroup classificationScheme=\"indexing-terms\"><classification classificationScheme=\"subject\"><classificationItem score=\"92\"><classCode>STX001976</classCode><className>SECURITIES &amp; OTHER INVESTMENTS</className><classCode/><className/></classificationItem><classificationItem score=\"90\"><classCode>N926150GC</classCode><className>BANKING &amp; FINANCE REGULATION</className><classCode/><className/></classificationItem><classificationItem score=\"90\"><classCode>ST000A4CY</classCode><className>BANKING &amp; FINANCE REGULATORY COMPLIANCE</className><classCode/><className/></classificationItem><classificationItem score=\"90\"><classCode>STX000969</classCode><className>INVESTIGATIONS</className><classCode/><className/></classificationItem><classificationItem score=\"78\"><classCode>STX000037</classCode><className>AGENCY RULEMAKING</className><classCode>Z3VpZD11cm46dG9waWM6QkRFNDkwODkxNDVGNDI1NDg0RUU3RjREMTgwNEJEQzA7cGFyZW50Z3VpZD11cm46dG9waWM6NjMxMjc0MUIzQjkzNEM4MEI4NkZGQjVCREJCRDk4OUM</classCode><className>Agency Rulemaking</className></classificationItem><classificationItem score=\"78\"><classCode>ST000DB1X</classCode><className>INTERNAL INVESTIGATIONS</className><classCode/><className/></classificationItem><classificationItem score=\"78\"><classCode>ST0008XMR</classCode><className>LAW &amp; LEGAL SYSTEM</className><classCode/><className/></classificationItem><classificationItem score=\"78\"><classCode>STX001462</classCode><className>REGULATORY COMPLIANCE</className><classCode/><className/></classificationItem><classificationItem score=\"73\"><classCode>STX001500</classCode><className>RISK MANAGEMENT</className><classCode/><className/></classificationItem><classificationItem score=\"73\"><classCode>ST000DKTF</classCode><className>SURVEILLANCE</className><classCode/><className/></classificationItem></classification><classification classificationScheme=\"industry\"><classificationItem score=\"92\"><classCode>STX001976</classCode><className>SECURITIES &amp; OTHER INVESTMENTS</className><classCode/><className/></classificationItem><classificationItem score=\"90\"><classCode>N520000CC</classCode><className>BANKING &amp; FINANCE</className><classCode/><className/></classificationItem><classificationItem score=\"90\"><classCode>N926150GC</classCode><className>BANKING &amp; FINANCE REGULATION</className><classCode/><className/></classificationItem><classificationItem score=\"90\"><classCode>ST000A4CY</classCode><className>BANKING &amp; FINANCE REGULATORY COMPLIANCE</className><classCode/><className/></classificationItem><classificationItem score=\"90\"><classCode>ST00093QP</classCode><className>FINANCIAL PLANNING</className><classCode/><className/></classificationItem><classificationItem score=\"90\"><classCode>N523110EC</classCode><className>INVESTMENT BANKING</className><classCode/><className/></classificationItem><classificationItem score=\"90\"><classCode>ST0009RX6</classCode><classCode/><className/></classificationItem><classificationItem score=\"73\"><classCode>STX001500</classCode><className>RISK MANAGEMENT</className><classCode/><className/></classificationItem></classification></classificationGroup></metadata></articleDoc></content></entry>"}