{"prediction_class": "Fraud Embezzlement Misappropriation", "prediction_score": "0.96", "name": "Macquarie Group", "title": "CBA chief signals tough line on Senate fraud report;Banking Minister resists calls for royal commission", "published": "2014-06-30T00:00:00Z", "updated": "2020-11-15T22:15:11Z", "cleaned_article": "[TITLE] CBA chief signals tough line on Senate fraud report;Banking Minister resists calls for royal commission [TITLE] \n\nFinance Minister Mathias Cormann has promised to push through regulations amending the FoFA reforms by Tuesday where legally possible. A spokeswoman for Senator Cormann would not comment on the progress of the regulations on Sunday. The latest amendments will explicitly prohibit up-front or trailing commissions, but will allow banks to retain the \"balanced scorecard\" approach to remuneration. They will also remove the requirement for investors to \"opt-in\" to authorise ongoing fees every two years. Last week's Senate report called for a wider investigation into the financial planning arms of other industry players, including Macquarie Group. It said CBA should reopen its existing compensation program for victims and review offers made so far. Australian Securities and Investments Commission chairman Greg Medcraft on Friday admitted there was \"an issue with trust and confidence in the financial advice industry\". \"The financial advice industry has to win the confidence of Australian consumers,\" he said. Senator Cormann has dismissed calls to shut down the changes in light of the Senate's report, saying the events at CBA happened \"some time in the past\".", "raw_cleaned_article": "<h2>CBA chief signals tough line on Senate fraud report;Banking Minister resists calls for royal commission</h2><p>Finance Minister Mathias Cormann has promised to push through regulations amending the FoFA reforms by Tuesday where legally possible. A spokeswoman for Senator Cormann would not comment on the progress of the regulations on Sunday. The latest amendments will explicitly prohibit up-front or trailing commissions, but will allow banks to retain the \"balanced scorecard\" approach to remuneration. They will also remove the requirement for investors to \"opt-in\" to authorise ongoing fees every two years. <b>Last week's Senate report called for a wider investigation into the financial planning arms of other industry players, including Macquarie Group. It said CBA should reopen its existing compensation program for victims and review offers made so far.</b> Australian Securities and Investments Commission chairman Greg Medcraft on Friday admitted there was \"an issue with trust and confidence in the financial advice industry\". \"The financial advice industry has to win the confidence of Australian consumers,\" he said. Senator Cormann has dismissed calls to shut down the changes in light of the Senate's report, saying the events at CBA happened \"some time in the past\".</p>", "original_content": "<entry xmlns=\"http://www.w3.org/2005/Atom\"><id>urn:contentItem:5CJD-16G1-JD34-V150-00000-00</id><title>CBA chief signals tough line on Senate fraud report;Banking Minister resists calls for royal commission</title><published>2014-06-30T00:00:00Z</published><updated>2020-11-15T22:15:11Z</updated><author><name>LexisNexis</name></author><content type=\"application/xml\"><!--Transformation version 1.23--><articleDoc xmlns=\"\" xmlns:xsi=\"http://www.w3.org/2001/XMLSchema-instance\" xsi:noNamespaceSchemaLocation=\"http://www.lexisnexis.com/xmlschemas/content/public/articledoc/1/\" schemaVersion=\"1.8\" xml:lang=\"en\"><articleDocHead><itemInfo><sourceSectionInfo><positionSection>BUSINESS</positionSection><positionSequence>Pg. 25</positionSequence></sourceSectionInfo></itemInfo></articleDocHead><nitf:body xmlns:nitf=\"http://iptc.org/std/NITF/2006-10-18/\"><nitf:body.head><nitf:hedline><nitf:hl1>CBA chief signals tough line on Senate fraud report</nitf:hl1><nitf:hl2>Banking Minister resists calls for royal commission</nitf:hl2></nitf:hedline><nitf:byline><author><person><nameText>Georgia Wilkins</nameText></person></author></nitf:byline></nitf:body.head><nitf:body.content><bodyText><p nitf:lede=\"true\">Commonwealth Bank chief executive Ian Narev has broken his silence over a scathing Senate inquiry report that called for a royal commission on fraud, forgery and allegations of a cover-up at the bank's financial planning arms.</p><p nitf:lede=\"true\">The bank faces mounting pressure to step up its compensation to victims of its financial planning scheme, with the government intent on pushing ahead with its controversial wind-back of financial advice laws as early as Monday.</p><p>In a statement on Sunday, Mr Narev said the Senate committee had provided a \"wide-ranging report, which raised a number of serious issues\".</p><p>\"We are reviewing the report thoroughly. We expect to provide a detailed response by the end of this week.\"</p><p>The full response, expected on Thursday, is likely to address what the bank sees as inaccuracies in the report, as well as possible changes to its compensation scheme.</p><p>It will also give time for the government to introduce changes to Labor's future of financial advice (FoFA) reforms by its promised deadline of Tuesday, July 1, the start of the financial year.</p><p>The 500-page Senate report, as well as the bank's response, which until Sunday included no comments from Mr Narev, has put the government in a difficult position as it tries to water down rules around financial advice amid the fallout from the CBA scandal.</p><p>Treasurer Joe Hockey told the Liberal Party's federal council at the weekend he was not satisfied with the bank's response, which he described as appalling.</p><p>Despite this, the government has resisted calls for a royal commission on the bank.</p><p>Finance Minister Mathias Cormann has promised to push through regulations amending the FoFA reforms by Tuesday where legally possible.</p><p>A spokeswoman for Senator Cormann would not comment on the progress of the regulations on Sunday. The latest amendments will explicitly prohibit up-front or trailing commissions, but will allow banks to retain the \"balanced scorecard\" approach to remuneration. They will also remove the requirement for investors to \"opt-in\" to authorise ongoing fees every two years.</p><p>Last week's Senate report called for a wider investigation into the financial planning arms of other industry players, including Macquarie Group. It said CBA should reopen its existing compensation program for victims and review offers made so far.</p><p>Australian Securities and Investments Commission chairman Greg Medcraft on Friday admitted there was \"an issue with trust and confidence in the financial advice industry\". \"The financial advice industry has to win the confidence of Australian consumers,\" he said.</p><p>Senator Cormann has dismissed calls to shut down the changes in light of the Senate's report, saying the events at CBA happened \"some time in the past\".</p><p>\"A lot has changed since then ... The industry has worked hard to lift professional, ethical and educational standards, work which must continue to be progressed and which the government will continue to engage with,\" he said.</p><p>Senator Cormann said despite the changes, the laws would \"prevent a re-occurrence of the events investigated by the Senate committee\".</p><p>Labor, Greens and industry super funds say the changes would leave the door open to future scandals. \"This has happened far too many times ... it is not just the Commonwealth Bank, it's Timbercorp, Storm, West Point,\" opposition treasurer Chris Bowen told ABC TV on Sunday.</p><p>The big four banks are set to be the biggest winners from the Coalition's changes as they look for new ways to tap into the financial planning market, particularly as more Australians move into retirement and the $1.8 trillion superannuation pool grows.</p><p>CBA, Westpac, NAB, ANZ and AMP own or control up to 80 per cent of the financial planning industry. With AAP</p></bodyText></nitf:body.content><nitf:body.end><graphic><nitf:media><caption><p>PHOTO: CBA's Ian Narev is under pressure over compensation. Photo: Nic Walker</p></caption></nitf:media></graphic></nitf:body.end></nitf:body><metadata><dc:metadata xmlns:dc=\"http://purl.org/dc/elements/1.1/\"><dc:identifier identifierScheme=\"DOC-ID\">AGEMLB-6fxugv3axtc1e2mm4dwc</dc:identifier><dc:source sourceScheme=\"royaltyReportingKey\">AGEMLB2014</dc:source><dc:identifier identifierScheme=\"PGUID\">urn:contentItem:5CJD-16G1-JD34-V150-00000-00</dc:identifier><dc:source sourceScheme=\"productContentSetIdentifier\">314239</dc:source><dc:date dateType=\"last-updated\">2019-10-03</dc:date></dc:metadata><wordCount number=\"618\"/><publicationInfo><copyright>Copyright 2014 The Age Company Limited All Rights Reserved</copyright><publicationName>The Age (Melbourne, Australia)</publicationName><edition>First Drop-in Edition</edition><publicationDate day=\"30\" month=\"06\" year=\"2014\"><dateText>June 30, 2014 Monday</dateText></publicationDate><classification classificationScheme=\"publicationtype\"><classificationItem><className>Newspaper</className></classificationItem></classification><classification classificationScheme=\"publicationtype\"><classificationItem><className>Newspapers</className></classificationItem></classification></publicationInfo><classification classificationScheme=\"language\"><classificationItem classificationScheme=\"lang.english\"><className>ENGLISH</className></classificationItem></classification><classificationGroup classificationScheme=\"indexing-terms\"><classification classificationScheme=\"company\"><classificationItem score=\"52\"><classCode>CC000A36L</classCode><className>MACQUARIE GROUP LTD</className></classificationItem></classification><classification classificationScheme=\"industry\"><classificationItem score=\"52\"><className>NAICS523110 INVESTMENT BANKING &amp; SECURITIES DEALING</className></classificationItem></classification><classification classificationScheme=\"ticker\"><classificationItem score=\"52\"><className>MQG (ASX)</className></classificationItem></classification></classificationGroup><classificationGroup classificationScheme=\"licensor.indexing-terms\"><classification classificationScheme=\"licensor.region\"><classificationItem><className>Australia</className></classificationItem></classification><classification classificationScheme=\"licensor.subject\"><classificationItem><className>Industry/Financial Services</className></classificationItem><classificationItem><className>Company/COMMONWEALTH BANK OF AUSTRALIA</className></classificationItem><classificationItem><className>Crime/Fraud</className></classificationItem><classificationItem><className>Inquiry</className></classificationItem><classificationItem><className>Report</className></classificationItem></classification></classificationGroup><classificationGroup classificationScheme=\"indexing-terms\"><classification classificationScheme=\"legal\"><classificationItem><className>Governments</className><classCode>Z3VpZD11cm46dG9waWM6MjdEQjE4OUJDMzQxNDNEMEI0RTI1QUFCMzJENjEwRTA7cGFyZW50Z3VpZD0</classCode><classificationItem score=\"87\"><className>Relations With Governments</className><classCode>Z3VpZD11cm46dG9waWM6NDYwNzQwQkYzMTI5NEFCMTkyMDM3QzFCNzE2MUE4MUM7cGFyZW50Z3VpZD11cm46dG9waWM6QURCRDNBRjBGRTE0NEFBRUEzNUU1MzFGQjg3MTM4MDI</classCode></classificationItem></classificationItem></classification><classification classificationScheme=\"subject\"><classificationItem score=\"90\"><classCode>STX000759</classCode><className>FRAUD &amp; FINANCIAL CRIME</className><classCode/><className/></classificationItem><classificationItem score=\"90\"><classCode>STX000969</classCode><className>INVESTIGATIONS</className><classCode/><className/></classificationItem><classificationItem score=\"90\"><classCode>N921120CC</classCode><className>LEGISLATIVE BODIES</className><classCode/><className/></classificationItem><classificationItem score=\"90\"><classCode>ST0009FJK</classCode><className>NEGATIVE PERSONAL NEWS</className><classCode/><className/></classificationItem><classificationItem score=\"90\"><classCode>STX001976</classCode><className>SECURITIES &amp; OTHER INVESTMENTS</className><classCode/><className/></classificationItem><classificationItem score=\"79\"><classCode>STX000416</classCode><className>COUNTERFEITING &amp; FORGERY</className><classCode>Z3VpZD11cm46dG9waWM6NENCREQ3Mjk1QUQ2NEM1OUE2QUE0NjkzNTczM0U2MUQ7cGFyZW50Z3VpZD11cm46dG9waWM6OTdGN0NBMjhBN0VBNDYzOEFCRkQyNDc2RDJDMzc3Mjg</classCode><className>Counterfeiting</className></classificationItem><classificationItem score=\"78\"><classCode>N926150GC</classCode><className>BANKING &amp; FINANCE REGULATION</className><classCode/><className/></classificationItem><classificationItem score=\"78\"><classCode>STX001932</classCode><className>CRIME, LAW ENFORCEMENT &amp; CORRECTIONS</className><classCode/><className/></classificationItem><classificationItem score=\"78\"><classCode>STX000654</classCode><className>ETHICS</className><classCode/><className/></classificationItem><classificationItem score=\"78\"><classCode>ST000D1BY</classCode><className>EXECUTIVES</className><classCode/><className/></classificationItem><classificationItem score=\"78\"><classCode>ST000DLOJ</classCode><className>GOVERNMENT ADVISORS &amp; MINISTERS</className><classCode/><className/></classificationItem><classificationItem score=\"78\"><classCode>N813940MM</classCode><className>POLITICAL PARTIES</className><classCode/><className/></classificationItem><classificationItem score=\"78\"><classCode>ST00097CL</classCode><className>PUBLIC FINANCE AGENCIES &amp; TREASURIES</className><classCode/><className/></classificationItem><classificationItem score=\"77\"><classCode>STX001813</classCode><className>WAGES &amp; SALARIES</className><classCode/><className/></classificationItem><classificationItem score=\"73\"><classCode>ST000DJQC</classCode><className>CONSUMERS</className><classCode/><className/></classificationItem><classificationItem score=\"73\"><classCode>STX001959</classCode><className>PUBLIC FINANCE</className><classCode/><className/></classificationItem><classificationItem score=\"60\"><classCode>ST0009ER8</classCode><className>ACADEMIC STANDARDS</className><classCode/><className/></classificationItem></classification><classification classificationScheme=\"industry\"><classificationItem score=\"90\"><classCode>N520000CC</classCode><className>BANKING &amp; FINANCE</className><classCode/><className/></classificationItem><classificationItem score=\"90\"><classCode>STX001976</classCode><className>SECURITIES &amp; OTHER INVESTMENTS</className><classCode/><className/></classificationItem><classificationItem score=\"90\"><classCode>ST0009RX6</classCode><classCode/><className/></classificationItem><classificationItem score=\"89\"><classCode>ST00093QP</classCode><className>FINANCIAL PLANNING</className><classCode/><className/></classificationItem><classificationItem score=\"89\"><classCode>STX001313</classCode><className>PERSONAL FINANCE</className><classCode/><className/></classificationItem><classificationItem score=\"78\"><classCode>N926150GC</classCode><className>BANKING &amp; FINANCE REGULATION</className><classCode/><className/></classificationItem><classificationItem score=\"78\"><classCode>ST00097CL</classCode><className>PUBLIC FINANCE AGENCIES &amp; TREASURIES</className><classCode/><className/></classificationItem></classification><classification classificationScheme=\"city\"><classificationItem score=\"92\"><classCode>GX015</classCode><className>MELBOURNE, AUSTRALIA</className><classCode/><className/></classificationItem></classification><classification classificationScheme=\"state\"><classificationItem score=\"92\"><classCode>GS007</classCode><className>VICTORIA, AUSTRALIA</className><classCode/><className/></classificationItem></classification><classification classificationScheme=\"country\"><classificationItem score=\"95\"><classCode>GC301</classCode><className>AUSTRALIA</className><classCode/><className/></classificationItem></classification></classificationGroup></metadata></articleDoc></content></entry>"}