{"prediction_class": "Regulatory Breaches Tax Evasion Smuggling of goods", "prediction_score": "0.83", "name": "Macquarie Group", "title": "Strong evidence that Macquarie advisers cheated;Financial advice - 'Penske file' found", "published": "2015-02-14T00:00:00Z", "updated": "2020-11-15T22:24:34Z", "cleaned_article": "[TITLE] Strong evidence that Macquarie advisers cheated;Financial advice - 'Penske file' found [TITLE] \n\nThe corporate watchdog has uncovered overwhelming evidence of widespread cheating on professional exams by Macquarie Group financial advisers but says it will not pursue action against individuals involved. Peter Kell, deputy chairman of the Australian Securities and Investments Commission, confirmed on Friday that \"Macquarie Equities was significantly deficient in this area\", referring to cheating in exams and manipulation of adviser training regimes. Mr Kell said ASIC had uncovered cheating when the regulator had investigated Macquarie more than two years ago for compliance breaches and poor record keeping. The investigation resulted in a two-year enforceable undertaking (EU) between ASIC and Macquarie, in which the investment bank agreed to clean up its problems, described as \"systemic\" by ASIC.", "raw_cleaned_article": "<h2>Strong evidence that Macquarie advisers cheated;Financial advice - 'Penske file' found</h2><p><b>The corporate watchdog has uncovered overwhelming evidence of widespread cheating on professional exams by Macquarie Group financial advisers but says it will not pursue action against individuals involved.</b> Peter Kell, deputy chairman of the Australian Securities and Investments Commission, confirmed on Friday that \"Macquarie Equities was significantly deficient in this area\", referring to cheating in exams and manipulation of adviser training regimes. Mr Kell said ASIC had uncovered cheating when the regulator had investigated Macquarie more than two years ago for compliance breaches and poor record keeping. The investigation resulted in a two-year enforceable undertaking (EU) between ASIC and Macquarie, in which the investment bank agreed to clean up its problems, described as \"systemic\" by ASIC.</p>", "original_content": "<entry xmlns=\"http://www.w3.org/2005/Atom\"><id>urn:contentItem:5F93-DK91-F0J6-J1T9-00000-00</id><title>Strong evidence that Macquarie advisers cheated;Financial advice - 'Penske file' found</title><published>2015-02-14T00:00:00Z</published><updated>2020-11-15T22:24:34Z</updated><author><name>LexisNexis</name></author><content type=\"application/xml\"><!--Transformation version 1.23--><articleDoc xmlns=\"\" xmlns:xsi=\"http://www.w3.org/2001/XMLSchema-instance\" xsi:noNamespaceSchemaLocation=\"http://www.lexisnexis.com/xmlschemas/content/public/articledoc/1/\" schemaVersion=\"1.8\" xml:lang=\"en\"><articleDocHead><itemInfo><sourceSectionInfo><positionSection>NEWS</positionSection><positionSequence>Pg. 4</positionSequence></sourceSectionInfo></itemInfo></articleDocHead><nitf:body xmlns:nitf=\"http://iptc.org/std/NITF/2006-10-18/\"><nitf:body.head><nitf:hedline><nitf:hl1>Strong evidence that Macquarie advisers cheated</nitf:hl1><nitf:hl2>Financial advice - 'Penske file' found</nitf:hl2></nitf:hedline><nitf:byline><author><person><nameText>Joyce Moullakis</nameText></person></author></nitf:byline></nitf:body.head><nitf:body.content><bodyText><p nitf:lede=\"true\">The corporate watchdog has uncovered overwhelming evidence of widespread cheating on professional exams by Macquarie Group financial advisers but says it will not pursue action against individuals involved.</p><p nitf:lede=\"true\">Peter Kell, deputy chairman of the Australian Securities and Investments Commission, confirmed on Friday that \"Macquarie Equities was significantly deficient in this area\", referring to cheating in exams and manipulation of adviser training regimes.</p><p>Mr Kell said ASIC had uncovered cheating when the regulator had investigated Macquarie more than two years ago for compliance breaches and poor record keeping. The investigation resulted in a two-year enforceable undertaking (EU) between ASIC and Macquarie, in which the investment bank agreed to clean up its problems, described as \"systemic\" by ASIC.</p><p>An EU is a deal between the regulator and a company that avoids potentially lengthy and expensive legal action.</p><p>On Friday, ASIC said it would closely monitor Macquarie Group's private wealth division for another year, after having already given Macquarie two years to fix its problems under the EU.</p><p>Macquarie has been required to contact and compensate clients affected by its compliance failings, and last year it sent almost 190,000 letters to clients.</p><p>But Mr Kell said an investigation of individual advisers who had cheated on exams would not lead to further action against those involved, because of difficulties in pursuing penalties within the regulatory framework.</p><p>\"The priority is on advisers who have caused detriment, put clients in the wrong products and caused loss.\"</p><p>Financial advisers are required to pass regular professional development exams.</p><p>ASIC's confirmation of cheating at Macquarie follows a Fairfax Media investigation last year that revealed the existence of the so-called \"Penske file\", a cheat sheet for professional exams that was circulated among Macquarie advisers. It was dubbed the \"Penske file\" in reference to an episode of US sitcom Seinfeld.</p><p>Macquarie has complained to the Press Council about Fairfax Media's reporting of cheating.</p><p>At the time of the investigation, Macquarie said it had investigated the claim of \"circulation of answers to competency examinations by management\" and \"found no evidence of it\". When told later by Fairfax that its reporters had seen the \"Penske file\", Macquarie said: \"If it does exist, Macquarie encourages [The Age] to provide the document to Macquarie and ASIC so that it can be properly investigated.\"</p><p>Mr Kell said on Friday that \"there will be no Penske files in the future\".</p></bodyText></nitf:body.content><nitf:body.end><graphic><nitf:media><caption><p>PHOTO: Macquarie Group's private wealth division will be monitored.</p></caption></nitf:media></graphic></nitf:body.end></nitf:body><metadata><dc:metadata xmlns:dc=\"http://purl.org/dc/elements/1.1/\"><dc:identifier identifierScheme=\"DOC-ID\">SMHRLD-6j7gd8kb7dco4tnz8bb</dc:identifier><dc:source sourceScheme=\"royaltyReportingKey\">SMHRLD2015</dc:source><dc:identifier identifierScheme=\"PGUID\">urn:contentItem:5F93-DK91-F0J6-J1T9-00000-00</dc:identifier><dc:source sourceScheme=\"productContentSetIdentifier\">314237</dc:source><dc:date dateType=\"last-updated\">2019-10-01</dc:date></dc:metadata><wordCount number=\"424\"/><publicationInfo><copyright>Copyright 2015 John Fairfax Publications Pty Ltd All Rights Reserved</copyright><publicationName>Sydney Morning Herald (Australia)</publicationName><edition>First Edition</edition><publicationDate day=\"14\" month=\"02\" year=\"2015\"><dateText>February 14, 2015 Saturday</dateText></publicationDate><classification classificationScheme=\"publicationtype\"><classificationItem><className>Newspaper</className></classificationItem></classification><classification classificationScheme=\"publicationtype\"><classificationItem><className>Newspapers</className></classificationItem></classification></publicationInfo><classification classificationScheme=\"language\"><classificationItem classificationScheme=\"lang.english\"><className>ENGLISH</className></classificationItem></classification><classificationGroup classificationScheme=\"indexing-terms\"><classification classificationScheme=\"company\"><classificationItem score=\"91\"><classCode>CC000A36L</classCode><className>MACQUARIE GROUP LTD</className></classificationItem><classificationItem score=\"58\"><classCode>CC000264I</classCode><className>FAIRFAX MEDIA LTD</className></classificationItem></classification><classification classificationScheme=\"industry\"><classificationItem score=\"91\"><className>NAICS523110 INVESTMENT BANKING &amp; SECURITIES DEALING</className></classificationItem><classificationItem score=\"58\"><className>NAICS511120 PERIODICAL PUBLISHERS</className></classificationItem><classificationItem score=\"58\"><className>NAICS511110 NEWSPAPER PUBLISHERS</className></classificationItem><classificationItem score=\"58\"><className>SIC8999 SERVICES, NEC</className></classificationItem><classificationItem score=\"58\"><className>SIC2721 PERIODICALS: PUBLISHING, OR PUBLISHING &amp; PRINTING</className></classificationItem><classificationItem score=\"58\"><className>SIC2711 NEWSPAPERS: PUBLISHING, OR PUBLISHING &amp; PRINTING</className></classificationItem></classification><classification classificationScheme=\"ticker\"><classificationItem score=\"91\"><className>MQG (ASX)</className></classificationItem><classificationItem score=\"58\"><className>FXJ (ASX)</className></classificationItem></classification></classificationGroup><classificationGroup classificationScheme=\"licensor.indexing-terms\"><classification classificationScheme=\"licensor.region\"><classificationItem><className>Australia</className></classificationItem></classification><classification classificationScheme=\"licensor.subject\"><classificationItem><className>Company/Macquarie Bank Ltd/Macquarie Group</className></classificationItem><classificationItem><className>Company/Australian Securities and Investment Commission/ASIC</className></classificationItem><classificationItem><className>Crime/Fraud</className></classificationItem><classificationItem><className>Inquiry</className></classificationItem></classification></classificationGroup><classificationGroup classificationScheme=\"indexing-terms\"><classification classificationScheme=\"subject\"><classificationItem score=\"92\"><classCode>STX001976</classCode><className>SECURITIES &amp; OTHER INVESTMENTS</className><classCode/><className/></classificationItem><classificationItem score=\"91\"><classCode>STX000969</classCode><className>INVESTIGATIONS</className><classCode/><className/></classificationItem><classificationItem score=\"90\"><classCode>N926150GC</classCode><className>BANKING &amp; FINANCE REGULATION</className><classCode/><className/></classificationItem><classificationItem score=\"90\"><classCode>ST000DLX8</classCode><className>BUSINESS INVESTIGATIONS</className><classCode/><className/></classificationItem><classificationItem score=\"90\"><classCode>ST000D73F</classCode><className>EUROPEAN UNION</className><classCode/><className/></classificationItem><classificationItem score=\"90\"><classCode>ST0009FJK</classCode><className>NEGATIVE PERSONAL NEWS</className><classCode/><className/></classificationItem><classificationItem score=\"78\"><classCode>STX000601</classCode><className>EMPLOYEE TRAINING</className><classCode/><className/></classificationItem><classificationItem score=\"78\"><classCode>STX000759</classCode><className>FRAUD &amp; FINANCIAL CRIME</className><classCode/><className/></classificationItem><classificationItem score=\"78\"><classCode>STX001948</classCode><className>LABOR &amp; EMPLOYMENT</className><classCode/><className/></classificationItem><classificationItem score=\"78\"><classCode>ST0008XMR</classCode><className>LAW &amp; LEGAL SYSTEM</className><classCode/><className/></classificationItem><classificationItem score=\"78\"><classCode>STX001648</classCode><className>SUITS &amp; CLAIMS</className><classCode/><className/></classificationItem><classificationItem score=\"77\"><classCode>STX001932</classCode><className>CRIME, LAW ENFORCEMENT &amp; CORRECTIONS</className><classCode/><className/></classificationItem></classification><classification classificationScheme=\"industry\"><classificationItem score=\"92\"><classCode>STX001976</classCode><className>SECURITIES &amp; OTHER INVESTMENTS</className><classCode/><className/></classificationItem><classificationItem score=\"90\"><classCode>N520000CC</classCode><className>BANKING &amp; FINANCE</className><classCode/><className/></classificationItem><classificationItem score=\"90\"><classCode>N926150GC</classCode><className>BANKING &amp; FINANCE REGULATION</className><classCode/><className/></classificationItem><classificationItem score=\"90\"><classCode>ST00093QP</classCode><className>FINANCIAL PLANNING</className><classCode/><className/></classificationItem><classificationItem score=\"90\"><classCode>N511110MM</classCode><className>NEWSPAPER PUBLISHING</className><classCode/><className/></classificationItem><classificationItem score=\"90\"><classCode>N511120MM</classCode><className>PERIODICAL PUBLISHING</className><classCode/><className/></classificationItem><classificationItem score=\"90\"><classCode>N511000CC</classCode><className>PUBLISHING</className><classCode/><className/></classificationItem><classificationItem score=\"90\"><classCode>ST0009RX6</classCode><classCode/><className/></classificationItem><classificationItem score=\"62\"><classCode>ST000CEJT</classCode><className>TELEVISION COMEDIES</className><classCode/><className/></classificationItem></classification><classification classificationScheme=\"city\"><classificationItem score=\"89\"><classCode>GX014</classCode><className>SYDNEY, AUSTRALIA</className><classCode/><className/></classificationItem></classification><classification classificationScheme=\"country\"><classificationItem score=\"93\"><classCode>GC301</classCode><className>AUSTRALIA</className><classCode/><className/></classificationItem><classificationItem score=\"78\"><classCode>ST00099QF</classCode><className>EUROPEAN UNION MEMBER STATES</className><classCode/><className/></classificationItem></classification></classificationGroup></metadata></articleDoc></content></entry>"}