{"prediction_class": "Regulatory Breaches Tax Evasion Smuggling of goods", "prediction_score": "0.99", "name": "Macquarie Group", "title": "Stockbroker banned for three years", "published": "2010-09-14T00:00:00Z", "updated": "2020-11-15T21:49:39Z", "cleaned_article": "[TITLE] Stockbroker banned for three years [TITLE] \n\nASIC said Regional Express had instructed Mr Klusman to buy shares for it after announcing the April 2008 share buyback. ASIC alleges that between December 1 and December 18 MrKlusman bought parcels of Rex shares for his relatives, which he on-sold to Rex at a higher price. Mr Klusman also allegedly engaged in misleading conduct on September 17, 2008, when he made a statement that he had heard a rumour Macquarie Group was going to announce a rights issue, without having a reasonable basis for making such a statement. ASIC chairman Tony D'Aloisio said in July the regulator was pursuing 69 cases relating to market integrity and had secured four convictions and one civil penalty for market manipulation since January 2009. ASIC deputy chairman Belinda Gibson said the Klusman decision showed that ASIC was determined to safeguard confidence in the market. The matter was referred to ASIC by the Australian Securities Exchange.", "raw_cleaned_article": "<h2>Stockbroker banned for three years</h2><p>ASIC said Regional Express had instructed Mr Klusman to buy shares for it after announcing the April 2008 share buyback. ASIC alleges that between December 1 and December 18 MrKlusman bought parcels of Rex shares for his relatives, which he on-sold to Rex at a higher price. <b>Mr Klusman also allegedly engaged in misleading conduct on September 17, 2008, when he made a statement that he had heard a rumour Macquarie Group was going to announce a rights issue, without having a reasonable basis for making such a statement.</b> ASIC chairman Tony D'Aloisio said in July the regulator was pursuing 69 cases relating to market integrity and had secured four convictions and one civil penalty for market manipulation since January 2009. ASIC deputy chairman Belinda Gibson said the Klusman decision showed that ASIC was determined to safeguard confidence in the market. The matter was referred to ASIC by the Australian Securities Exchange.</p>", "original_content": "<entry xmlns=\"http://www.w3.org/2005/Atom\"><id>urn:contentItem:55BW-3951-JD34-V3XY-00000-00</id><title>Stockbroker banned for three years</title><published>2010-09-14T00:00:00Z</published><updated>2020-11-15T21:49:39Z</updated><author><name>LexisNexis</name></author><content type=\"application/xml\"><!--Transformation version 1.23--><articleDoc xmlns=\"\" xmlns:xsi=\"http://www.w3.org/2001/XMLSchema-instance\" xsi:noNamespaceSchemaLocation=\"http://www.lexisnexis.com/xmlschemas/content/public/articledoc/1/\" schemaVersion=\"1.8\" xml:lang=\"en\"><articleDocHead><itemInfo><sourceSectionInfo><positionSection>NEWS</positionSection><positionSequence>Pg. 5</positionSequence></sourceSectionInfo></itemInfo></articleDocHead><nitf:body xmlns:nitf=\"http://iptc.org/std/NITF/2006-10-18/\"><nitf:body.head><nitf:hedline><nitf:hl1>Stockbroker banned for three years</nitf:hl1></nitf:hedline><nitf:byline><author><person><nameText>Alex Boxsell</nameText></person></author></nitf:byline></nitf:body.head><nitf:body.content><bodyText><p nitf:lede=\"true\">Well-known Sydney stockbroker Ric Klusman was banned for three years from providing financial services after an Australian Securities and Investments Commission investigation found he had secured profits for relatives from a share buyback in 2008 and breached the Corporations Act.</p><p>According to ASIC, Mr Klusman \"procured secret profits for relatives\" when buying shares in airline Regional Express Holdingsfollowing its announced share buyback in April 2008.</p><p>Mr Klusman made several share transactions while employed by Aequs Securities, now known as Anziex. These \"had, or were likely to have, the effect of creating an artificial price for trading in a financial product on a financial market\", ASIC said yesterday.</p><p>ASIC also alleged Mr Klusman made misleading statements about a financial product.</p><p>Mr Klusman said the ban was under appeal to the Administrative Appeals Tribunal \"and at this stage my legal advisers have said to give no further comment\".</p><p>The AAT stayed the ban on Friday so Mr Klusman could continue to provide some services until the appeal was determined.</p><p>Mr Klusman was unsuccessful in seeking an order preventing publication of the ban.</p><p>ASIC said Regional Express had instructed Mr Klusman to buy shares for it after announcing the April 2008 share buyback.</p><p>ASIC alleges that between December 1 and December 18 MrKlusman bought parcels of Rex shares for his relatives, which he on-sold to Rex at a higher price.</p><p>Mr Klusman also allegedly engaged in misleading conduct on September 17, 2008, when he made a statement that he had heard a rumour Macquarie Group was going to announce a rights issue, without having a reasonable basis for making such a statement.</p><p>ASIC chairman Tony D'Aloisio said in July the regulator was pursuing 69 cases relating to market integrity and had secured four convictions and one civil penalty for market manipulation since January 2009.</p><p>ASIC deputy chairman Belinda Gibson said the Klusman decision showed that ASIC was determined to safeguard confidence in the market. The matter was referred to ASIC by the Australian Securities Exchange.</p><p><pre xml:space=\"preserve\">Under scrutiny<br/>ASIC actions against<br/>stockbrokers since January 2009<br/>\u00b7 Newton Chan Former Macqurie Equities adviser sentenced to 20 months<br/>jail, 16 months suspended, for market manipulation of Bill Express.<br/>\u00b7 Rocco Musumeci Former Bell Potter client adviser sentenced to seven months'<br/>jail, fully suspended, for market manipulation of Genetic Technologies.<br/>Banned for two years.<br/>\u00b7 Richard John Wade Former ABN Amro client adviser sentenced to<br/>15 months' jail, suspended, for market manipulation of Genetic Technologies.<br/>Banned for five years<br/><br/>\u00b7 Clive Henley Former Tolhurst adviser banned for three years for alleged market manipulation of<br/>Genetic Technologies.<br/>\u00b7 Roy Ho Former Tricom Futures adviser permanently banned after allegedly using nine clients' accounts to buy<br/>and sell shares without permission.<br/>\u00b7 Richard Macphillamy Former Linwar Securities trader banned for 18 months for spreading false rumours about<br/>Macquarie Group.<br/>Roberto Catena Former Citigroup brokers banned for five years for tipping clients off about a   potential Vision Group   akeover. Decision is being appealed<br/>\u00b7 Colin Hebbard andMark McKenzie Former Citigroup brokers banned for five and three years respectively<br/>for tipping clients off about a potential Vision<br/>Group takeover<br/>SOURCE: ASIC<br/></pre></p></bodyText></nitf:body.content></nitf:body><metadata><dc:metadata xmlns:dc=\"http://purl.org/dc/elements/1.1/\"><dc:identifier identifierScheme=\"DOC-ID\">AFREVW-5w691jb2g7cbocq1d1j</dc:identifier><dc:source sourceScheme=\"royaltyReportingKey\">AFREVW2010</dc:source><dc:identifier identifierScheme=\"PGUID\">urn:contentItem:55BW-3951-JD34-V3XY-00000-00</dc:identifier><dc:source sourceScheme=\"productContentSetIdentifier\">390780</dc:source><dc:date dateType=\"last-updated\">2019-07-15</dc:date></dc:metadata><wordCount number=\"555\"/><publicationInfo><copyright>Copyright 2010 Fairfax Media Publications Pty. Limited All Rights Reserved</copyright><publicationName>Australian Financial Review</publicationName><edition>Second Edition</edition><publicationDate day=\"14\" month=\"09\" year=\"2010\"><dateText>September 14, 2010 Tuesday</dateText></publicationDate><classification classificationScheme=\"publicationtype\"><classificationItem><className>Newspaper</className></classificationItem></classification><classification classificationScheme=\"publicationtype\"><classificationItem><className>Newspapers</className></classificationItem></classification></publicationInfo><classification classificationScheme=\"language\"><classificationItem classificationScheme=\"lang.english\"><className>ENGLISH</className></classificationItem></classification><classificationGroup classificationScheme=\"indexing-terms\"><classification classificationScheme=\"company\"><classificationItem score=\"84\"><classCode>CC0007V8I</classCode><className>GENETIC TECHNOLOGIES LTD</className></classificationItem><classificationItem score=\"72\"><classCode>CC000A37G</classCode><className>REGIONAL EXPRESS HOLDINGS LTD</className></classificationItem><classificationItem score=\"58\"><classCode>CC000A3M3</classCode><className>ASX LTD</className></classificationItem><classificationItem score=\"58\"><classCode>CC000A36L</classCode><className>MACQUARIE GROUP LTD</className></classificationItem><classificationItem score=\"58\"><classCode>CC0002275</classCode><className>CITIGROUP INC</className></classificationItem><classificationItem score=\"51\"><classCode>CC0001OXM</classCode><className>RBS HOLDINGS NV</className></classificationItem></classification><classification classificationScheme=\"industry\"><classificationItem score=\"84\"><className>NAICS325414 BIOLOGICAL PRODUCT (EXCEPT DIAGNOSTIC) MANUFACTURING</className></classificationItem><classificationItem score=\"84\"><className>SIC8731 COMMERCIAL PHYSICAL &amp; BIOLOGICAL RESEARCH</className></classificationItem><classificationItem score=\"84\"><className>SIC2836 BIOLOGICAL PRODUCTS, EXCEPT DIAGNOSTIC SUBSTANCES</className></classificationItem><classificationItem score=\"72\"><className>NAICS481111 SCHEDULED PASSENGER AIR TRANSPORTATION</className></classificationItem><classificationItem score=\"72\"><className>SIC4512 AIR TRANSPORTATION, SCHEDULED</className></classificationItem><classificationItem score=\"58\"><className>NAICS523210 SECURITIES &amp; COMMODITY EXCHANGES</className></classificationItem><classificationItem score=\"58\"><className>SIC6231 SECURITIES &amp; COMMODITY EXCHANGES</className></classificationItem><classificationItem score=\"58\"><className>NAICS523110 INVESTMENT BANKING &amp; SECURITIES DEALING</className></classificationItem><classificationItem score=\"58\"><className>NAICS523120 SECURITIES BROKERAGE</className></classificationItem><classificationItem score=\"58\"><className>NAICS522210 CREDIT CARD ISSUING</className></classificationItem><classificationItem score=\"58\"><className>NAICS522110 COMMERCIAL BANKING</className></classificationItem><classificationItem score=\"51\"><className>NAICS551111 OFFICES OF BANK HOLDING COMPANIES</className></classificationItem><classificationItem score=\"51\"><className>NAICS523920 PORTFOLIO MANAGEMENT</className></classificationItem><classificationItem score=\"51\"><className>SIC6712 OFFICES OF BANK HOLDING COMPANIES</className></classificationItem><classificationItem score=\"51\"><className>SIC6282 INVESTMENT ADVICE</className></classificationItem><classificationItem score=\"51\"><className>SIC6029 COMMERCIAL BANKS, NEC</className></classificationItem></classification><classification classificationScheme=\"ticker\"><classificationItem score=\"84\"><className>GTG (ASX)</className></classificationItem><classificationItem score=\"84\"><className>GENE (NASDAQ)</className></classificationItem><classificationItem score=\"72\"><className>REX (ASX)</className></classificationItem><classificationItem score=\"58\"><className>ASX (ASX)</className></classificationItem><classificationItem score=\"58\"><className>MQG (ASX)</className></classificationItem><classificationItem score=\"58\"><className>C (NYSE)</className></classificationItem><classificationItem score=\"58\"><className>C (BMV)</className></classificationItem><classificationItem score=\"58\"><className>8710 (TSE)</className></classificationItem></classification></classificationGroup><classificationGroup classificationScheme=\"licensor.indexing-terms\"><classification classificationScheme=\"licensor.region\"><classificationItem><className>Sydney</className></classificationItem></classification><classification classificationScheme=\"licensor.subject\"><classificationItem><className>Crime/Corporate/Insider Trading</className></classificationItem></classification></classificationGroup><classificationGroup classificationScheme=\"indexing-terms\"><classification classificationScheme=\"subject\"><classificationItem score=\"94\"><classCode>N551112MM</classCode><className>HOLDING COMPANIES</className><classCode/><className/></classificationItem><classificationItem score=\"92\"><classCode>STX001976</classCode><className>SECURITIES &amp; OTHER INVESTMENTS</className><classCode/><className/></classificationItem><classificationItem score=\"92\"><classCode>N523120MC</classCode><className>SECURITIES BROKERS</className><classCode/><className/></classificationItem><classificationItem score=\"90\"><classCode>N523210GM</classCode><className>COMMODITIES EXCHANGES</className><classCode/><className/></classificationItem><classificationItem score=\"90\"><classCode>N523130EM</classCode><className>COMMODITIES TRADING</className><classCode/><className/></classificationItem><classificationItem score=\"90\"><classCode>STX000969</classCode><className>INVESTIGATIONS</className><classCode/><className/></classificationItem><classificationItem score=\"90\"><classCode>N523930MC</classCode><className>INVESTMENT ADVISERS</className><classCode>Z3VpZD11cm46dG9waWM6ODQ2M0Q5NUExRUZENEY2NDkzMzlDMDVFNjFCNTY3MTQ7cGFyZW50Z3VpZD11cm46dG9waWM6RkFFMTQ3ODhCRDYyNDkyN0IwQkEyQzRCRDlFMEM5ODc</classCode><className>Investment Advisers</className></classificationItem><classificationItem score=\"90\"><classCode>ST0009FJK</classCode><className>NEGATIVE PERSONAL NEWS</className><classCode/><className/></classificationItem><classificationItem score=\"90\"><classCode>STX001561</classCode><className>SHAREHOLDERS</className><classCode>Z3VpZD11cm46dG9waWM6NEI2QjYxNjkwMTkzNDhFRUExNjlFRjVFRUU3NDhBQkE7cGFyZW50Z3VpZD11cm46dG9waWM6MDQ3M0RFODczN0I4NDg2RjlFRDNFMUNBODRDQTU0Q0E</classCode><className>Shareholders</className></classificationItem><classificationItem score=\"90\"><classCode>STX001636</classCode><className>STOCK REPURCHASE PLANS</className><classCode/><className/></classificationItem><classificationItem score=\"89\"><classCode>N926150GC</classCode><className>BANKING &amp; FINANCE REGULATION</className><classCode/><className/></classificationItem><classificationItem score=\"89\"><classCode>N523920MM</classCode><className>INVESTMENT MANAGEMENT</className><classCode/><className/></classificationItem><classificationItem score=\"89\"><classCode>ST000A4J3</classCode><className>JAIL SENTENCING</className><classCode/><className/></classificationItem><classificationItem score=\"89\"><classCode>ST000DLZ7</classCode><className>MARKET MANIPULATION</className><classCode/><className/></classificationItem><classificationItem score=\"89\"><classCode>STX001550</classCode><className>SENTENCING</className><classCode>Z3VpZD11cm46dG9waWM6MUIzQ0NGRDZERUU3NERCODg2MEZFMDI2RTI0RTA3RTc7cGFyZW50Z3VpZD11cm46dG9waWM6NEU0RkE1OUQwNUQwNDgxODhEODZCMjkzOTg3NThBNzk</classCode><className>Sentencing</className></classificationItem><classificationItem score=\"78\"><classCode>STX000104</classCode><className>APPEALS</className><classCode/><className/></classificationItem><classificationItem score=\"78\"><classCode>ST000A4JU</classCode><className>CRIMINAL CONVICTIONS</className><classCode/><className/></classificationItem><classificationItem score=\"78\"><classCode>ST000DANR</classCode><className>FALSE STATEMENTS</className><classCode/><className/></classificationItem><classificationItem score=\"78\"><classCode>ST0009QD4</classCode><className>NEGATIVE BUSINESS NEWS</className><classCode/><className/></classificationItem><classificationItem score=\"78\"><classCode>STX001462</classCode><className>REGULATORY COMPLIANCE</className><classCode/><className/></classificationItem><classificationItem score=\"78\"><classCode>N523110GM</classCode><className>SECURITIES TRADING</className><classCode/><className/></classificationItem><classificationItem score=\"68\"><classCode>STX000020</classCode><className>ADMINISTRATIVE PROCEDURE</className><classCode/><className/></classificationItem><classificationItem score=\"68\"><classCode>STX000722</classCode><className>FINES &amp; PENALTIES</className><classCode/><className/></classificationItem><classificationItem score=\"68\"><classCode>ST0008XMR</classCode><className>LAW &amp; LEGAL SYSTEM</className><classCode/><className/></classificationItem></classification><classification classificationScheme=\"industry\"><classificationItem score=\"92\"><classCode>N520000CC</classCode><className>BANKING &amp; FINANCE</className><classCode/><className/></classificationItem><classificationItem score=\"92\"><classCode>STX001976</classCode><className>SECURITIES &amp; OTHER INVESTMENTS</className><classCode/><className/></classificationItem><classificationItem score=\"92\"><classCode>N523120MC</classCode><className>SECURITIES BROKERS</className><classCode/><className/></classificationItem><classificationItem score=\"92\"><classCode>ST0009RX6</classCode><classCode/><className/></classificationItem><classificationItem score=\"90\"><classCode>N523210GM</classCode><className>COMMODITIES EXCHANGES</className><classCode/><className/></classificationItem><classificationItem score=\"90\"><classCode>N523130EM</classCode><className>COMMODITIES TRADING</className><classCode/><className/></classificationItem><classificationItem score=\"90\"><classCode>N523930MC</classCode><className>INVESTMENT ADVISERS</className><classCode>Z3VpZD11cm46dG9waWM6ODQ2M0Q5NUExRUZENEY2NDkzMzlDMDVFNjFCNTY3MTQ7cGFyZW50Z3VpZD11cm46dG9waWM6RkFFMTQ3ODhCRDYyNDkyN0IwQkEyQzRCRDlFMEM5ODc</classCode><className>Investment Advisers</className></classificationItem><classificationItem score=\"90\"><classCode>STX002014</classCode><className>MANUFACTURING</className><classCode/><className/></classificationItem><classificationItem score=\"90\"><classCode>STX001636</classCode><className>STOCK REPURCHASE PLANS</className><classCode/><className/></classificationItem><classificationItem score=\"89\"><classCode>N926150GC</classCode><className>BANKING &amp; FINANCE REGULATION</className><classCode/><className/></classificationItem><classificationItem score=\"89\"><classCode>N523920MM</classCode><className>INVESTMENT MANAGEMENT</className><classCode/><className/></classificationItem><classificationItem score=\"89\"><classCode>ST000DLZ7</classCode><className>MARKET MANIPULATION</className><classCode/><className/></classificationItem><classificationItem score=\"78\"><classCode>ST00090O3</classCode><className>BANKING &amp; FINANCE REGULATION &amp; POLICY</className><classCode/><className/></classificationItem><classificationItem score=\"78\"><classCode>N523110GM</classCode><className>SECURITIES TRADING</className><classCode/><className/></classificationItem><classificationItem score=\"76\"><classCode>STX000424</classCode><className>CREDIT CARDS</className><classCode/><className/></classificationItem></classification><classification classificationScheme=\"city\"><classificationItem score=\"92\"><classCode>GX014</classCode><className>SYDNEY, AUSTRALIA</className><classCode/><className/></classificationItem></classification><classification classificationScheme=\"country\"><classificationItem score=\"94\"><classCode>GC301</classCode><className>AUSTRALIA</className><classCode/><className/></classificationItem></classification></classificationGroup></metadata></articleDoc></content></entry>"}