{"prediction_class": "Regulatory Breaches Tax Evasion Smuggling of goods", "prediction_score": "0.92", "name": "Magna International", "title": "Canada: Canadian Securities Administrators Provide Guidance On The Review Of Material Conflict Of Interest Transactions", "published": "2017-08-24T00:00:00Z", "updated": "2020-11-16T02:37:15Z", "cleaned_article": "[TITLE] Canada: Canadian Securities Administrators Provide Guidance On The Review Of Material Conflict Of Interest Transactions [TITLE] \n\nTransactions between related parties may create material conflicts of interest between an issuer and its directors, officers and related parties. In particular, material conflicts of interest may arise in the context of insider bids, issuer bids, business combinations and related party transactions. Multilateral Instrument 61-101 Protection of Minority Security Holders in Special Transactions (MI 61-101) was adopted in Alberta, Manitoba and New Brunswick on July 31, 2017, and prescribes procedural safeguards intended to mitigate the risks to minority security holders in material conflict of interest transactions. MI 61-101 has been in effect in Ontario and Qu\u00e9bec since February 1, 2008, when it superseded Rule 61-501 in Ontario and Regulation Q-27 in Quebec. On July 27, 2017, staff of the securities regulatory authorities in each of Ontario, Qu\u00e9bec, Alberta, Manitoba and New Brunswick (the Staff) issued CSA Staff Notice 61-302 (the Notice) to provide guidance on transactions that fall within MI 61-101. Although the Notice is non-binding, it sets out Staff's views on compliance with MI 61-101. The Notice is also the first major pronouncement on MI 61-101 since the instrument was introduced in 2008. The Notice follows various high-profile cases, such as InterOil Corporationv Mulacek [InterOil] and Re Magna International Inc [Magna], where material conflict of interest transactions were scrutinized and concerns about processes and disclosure were raised. Staff also conducted their own review of material conflict of interest transactions. The Notice provides important information for any participant in a proposed material conflict of interest transaction, suggesting that such transactions will be subject to greater regulatory scrutiny. Staff expect market participants to take a broad and purposive interpretation to the requirements of MI 61-101 and adopt practices designed to effectively mitigate conflicts in material conflict of interest transactions with a view to ensuring that all shareholders are treated in a manner that is fair and perceived to be fair. Transaction Review in \"Real-Time\"", "raw_cleaned_article": "<h2>Canada: Canadian Securities Administrators Provide Guidance On The Review Of Material Conflict Of Interest Transactions</h2><p>Transactions between related parties may create material conflicts of interest between an issuer and its directors, officers and related parties. In particular, material conflicts of interest may arise in the context of insider bids, issuer bids, business combinations and related party transactions. Multilateral Instrument 61-101 Protection of Minority Security Holders in Special Transactions (MI 61-101) was adopted in Alberta, Manitoba and New Brunswick on July 31, 2017, and prescribes procedural safeguards intended to mitigate the risks to minority security holders in material conflict of interest transactions. MI 61-101 has been in effect in Ontario and Qu\u00e9bec since February 1, 2008, when it superseded Rule 61-501 in Ontario and Regulation Q-27 in Quebec. On July 27, 2017, staff of the securities regulatory authorities in each of Ontario, Qu\u00e9bec, Alberta, Manitoba and New Brunswick (the Staff) issued CSA Staff Notice 61-302 (the Notice) to provide guidance on transactions that fall within MI 61-101. Although the Notice is non-binding, it sets out Staff's views on compliance with MI 61-101. The Notice is also the first major pronouncement on MI 61-101 since the instrument was introduced in 2008. <b>The Notice follows various high-profile cases, such as InterOil Corporationv Mulacek [InterOil] and Re Magna International Inc [Magna], where material conflict of interest transactions were scrutinized and concerns about processes and disclosure were raised. Staff also conducted their own review of material conflict of interest transactions. The Notice provides important information for any participant in a proposed material conflict of interest transaction, suggesting that such transactions will be subject to greater regulatory scrutiny.</b> Staff expect market participants to take a broad and purposive interpretation to the requirements of MI 61-101 and adopt practices designed to effectively mitigate conflicts in material conflict of interest transactions with a view to ensuring that all shareholders are treated in a manner that is fair and perceived to be fair. Transaction Review in \"Real-Time\"</p>", "original_content": "<entry xmlns=\"http://www.w3.org/2005/Atom\"><id>urn:contentItem:5P9Y-DCR1-JCF5-V151-00000-00</id><title>Canada: Canadian Securities Administrators Provide Guidance On The Review Of Material Conflict Of Interest Transactions</title><published>2017-08-24T00:00:00Z</published><updated>2020-11-16T02:37:15Z</updated><author><name>LexisNexis</name></author><content type=\"application/xml\"><!--Transformation version 1.23--><articleDoc xmlns=\"\" xmlns:xsi=\"http://www.w3.org/2001/XMLSchema-instance\" xsi:noNamespaceSchemaLocation=\"http://www.lexisnexis.com/xmlschemas/content/public/articledoc/1/\" schemaVersion=\"1.8\" xml:lang=\"en\"><articleDocHead><itemInfo/></articleDocHead><nitf:body xmlns:nitf=\"http://iptc.org/std/NITF/2006-10-18/\"><nitf:body.head><nitf:hedline><nitf:hl1>Canada: Canadian Securities Administrators Provide Guidance On The Review Of Material Conflict Of Interest Transactions</nitf:hl1></nitf:hedline><nitf:byline><author><person><nameText>Jon Truswell, Nicholas P. Fader, Jeff Kerbel and Michael R. Barrett</nameText></person></author></nitf:byline></nitf:body.head><nitf:body.content><bodyText><p nitf:lede=\"true\">Transactions between related parties may create material conflicts of interest between an issuer and its directors, officers and related parties. In particular, material conflicts of interest may arise in the context of insider bids, issuer bids, business combinations and related party transactions. Multilateral Instrument 61-101 Protection of Minority Security Holders in Special Transactions (MI 61-101) was adopted in Alberta, Manitoba and New Brunswick on July 31, 2017, and prescribes procedural safeguards intended to mitigate the risks to minority security holders in material conflict of interest transactions. MI 61-101 has been in effect in Ontario and Qu\u00e9bec since February 1, 2008, when it superseded Rule 61-501 in Ontario and Regulation Q-27 in Quebec.</p><p nitf:lede=\"true\">On July 27, 2017, staff of the securities regulatory authorities in each of Ontario, Qu\u00e9bec, Alberta, Manitoba and New Brunswick (the Staff) issued CSA Staff Notice 61-302 (the Notice) to provide guidance on transactions that fall within MI 61-101. Although the Notice is non-binding, it sets out Staff's views on compliance with MI 61-101. The Notice is also the first major pronouncement on MI 61-101 since the instrument was introduced in 2008.</p><p>The Notice follows various high-profile cases, such as InterOil Corporationv Mulacek [InterOil] and Re Magna International Inc [Magna], where material conflict of interest transactions were scrutinized and concerns about processes and disclosure were raised. Staff also conducted their own review of material conflict of interest transactions. The Notice provides important information for any participant in a proposed material conflict of interest transaction, suggesting that such transactions will be subject to greater regulatory scrutiny.</p><p>Interpretive Approach</p><p>Staff expect market participants to take a broad and purposive interpretation to the requirements of MI 61-101 and adopt practices designed to effectively mitigate conflicts in material conflict of interest transactions with a view to ensuring that all shareholders are treated in a manner that is fair and perceived to be fair.</p><p>Transaction Review in \"Real-Time\"</p><p>A regulatory review will generally be triggered by the filing of a disclosure document relating to a material conflict of interest transaction. Once the review process is initiated, transactions will be assessed for public interest concerns and compliance with MI 61-101 \"in real time\"; the intention is to identify and resolve issues prior to security-holder approval or the transaction closing. We note that \"real time\" review represents a departure from past practice where Staff typically conducted reviews only after complaints were made. It also deviates from U.S. practice, as the SEC often reviews proxy circulars before they are sent to shareholders.</p><p>In conducting a review, Staff will focus on: (i) compliance with disclosure requirements; (ii) compliance with the conditions of any exemptions (in MI 61-101) from valuation and minority approval requirements relied upon by the issuer; and (iii) the substance and disclosure of the process conducted by the board of directors or a special committee (or both) in considering the transaction. Any complaints received by Staff will be considered as part of the review. Staff will generally consider the following factors when reviewing disclosure documents:</p><p> compliance with disclosure requirements intended to enable security holders to make informed decisions, including the enhanced disclosure required by MI 61-101;if the formal valuation requirements of MI 61-101 are engaged, whether the issuer obtained a valuation that complies with MI 61-101 and included either a summary or the entire valuation in its disclosure document;if minority security holder approval is required, whether the issuer excluded all parties that are not properly part of the minority;if the issuer is relying on an exemption from the formal valuation or minority approval requirement (or both), whether the disclosure document provides a reasonable basis to conclude that the exemption relied upon is, in fact, available; andwhether the process employed by the issuer's board of directors in negotiating and reviewing the proposed transaction (including the existence or non-existence of a special committee of independent directors) raises concerns that the interests of minority security holders have not been adequately protected and whether that process is adequately disclosed.</p><p>Issuers should be aware that they or their counsel may be contacted by Staff and asked to answer questions or provide supporting information (such as board or committee minutes and mandates). If Staff identifies instances of non-compliance with MI 61-101 or public interest concerns, Staff may seek corrective disclosure, a temporary cease trade or other order under securities legislation, or even pursue enforcement action.</p><p>Special Committees</p><p>A recognized method of managing conflicts of interest involves the formation of a special committee of independent directors. Although MI 61-101 mandates a special committee only in the case of insider bids, the Notice states that a special committee comprised of independent members (as defined in MI 61-101) is advisable for all material conflict of interest transactions.</p><p>To be effective, a special committee should possess a broad mandate, robust powers and be actively engaged. Staff therefore recommend that a special committee be empowered to negotiate or supervise the negotiation process, consider alternatives, make recommendations and hire its own independent financial and legal advisors. Individuals who are not independent should not be present at, or participate in, decision-making deliberations; the special committee's records should evidence that the process was free from coercive conduct on the part of interested parties.</p><p>In the Notice, Staff identified situations in which a special committee will be considered ineffective in protecting the interests of minority security holders:</p><p> the committee is formed after a proposed transaction has been substantially negotiated; orthe committee is passive and fails to conduct a robust review of the circumstances leading to the transaction, viable alternatives and the transaction itself.</p><p>Staff's emphasis on the importance of a robust and independent special committee process reflects the OSC's findings in Magna, as well as court and regulatory reactions to other Canadian and U.S. transactions where special committees were found to be ineffective or passive. In Magna, the OSC was concerned that the special committee's process was tainted by the participation of executive management, and that the committee was forced into a \"take it or leave it\" position in respect of the proposed transaction. The Notice affirms the OSC's finding in Magna that special committees must be afforded latitude to independently assess a proposed transaction, negotiate its terms and consider alternatives.</p><p>Enhanced Disclosure</p><p>Enhanced disclosure constitutes a fundamental aspect of the minority security holder protections included in MI 61-101 and is intended to promote informed decision-making by security holders vis-\u00e0-vis proposed material conflict of interest transactions. Tactical or self-serving disclosure intended primarily to further the interests of a related party in the transaction is considered inappropriate by Staff.</p><p>Enhanced disclosure generally requires a thorough discussion of:</p><p> the review and approval process;the reasoning and analysis of the board of directors and/or special committee;the board of directors' and/or special committee's views on the desirability or fairness of the transaction;reasonably available alternatives to the transaction, including the status quo; andpros and cons of the transaction.</p><p>Conversely, disclosure may be considered wanting if it:</p><p> inadequately discloses the context and background of the proposed transaction;does not meaningfully discuss the board of directors' or special committee's process and rationale for supporting the transaction;fails to disclose the dissenting views of directors in respect of the transaction; andprovides overly one-sided disclosure regarding a recommended transaction that does not identify potential concerns or alternatives.</p><p>Staff also noted that disclosure should contain a meaningful discussion of the analysis provided by advisors and how that advice was considered. In addition, when discussing the desirability or fairness of a transaction, the interests of minority security holders should be addressed; the board should not simply state that the transaction is in the best interests of the issuer. We note that corporate law requires directors to act in the best interests of the corporation and, in that context, to consider all stakeholders, while MI 61-101 focuses particularly on the interests of minority security holders. Although Staff believe that the best interests of an issuer and its minority security holders will generally not be in conflict when considering transactions regulated under MI 61-101, issuers should be aware of the potential for such a conflict to arise. If the board believes that a conflict exists, Staff expect that the disclosure document will explain the conflict and how it was addressed by the board in reaching its decision to propose the transaction for approval by minority security holders.</p><p>Staff also note that corporate and securities legislation do not require a board of directors or a special committee to make a recommendation regarding how minority security holders should vote on a proposed material conflict of interest transaction. While a board of directors generally makes a recommendation to security holders, there may be exceptional circumstances where the board or special committee determines that a transaction should be put to security holders for their consideration without a voting (or tender) recommendation. In such a case, Staff recommend that minority security holders be provided with enhanced disclosure, such that they receive substantially the same information and analysis that the board or special committee received in considering and addressing the legal and business issues raised by the proposed transaction. Staff expect the board to disclose its review and approval process and explain why the transaction is being proposed without a recommendation, including the reasons for not making a recommendation and the basis upon which minority security holders are expected to vote in the absence of a recommendation.</p><p>Fairness Opinions</p><p>Staff are of the view that it is the responsibility of the board of directors or a special committee to determine whether a fairness opinion is necessary to make a recommendation to security holders. Similarly, the board or the committee should determine the terms and financial arrangements for the fairness opinion engagement. We note that although fairness opinions are non-compulsory, nearly all significant transactions will involve a fairness opinion.</p><p>If a fairness opinion is obtained, the Notice emphasizes that it should serve only a subsidiary role in the review process. The board or special committee cannot substitute a fairness opinion for its own assessment of the transaction's desirability and fairness, as a transaction must be considered from more than a financial perspective. A board or special committee is also expected to actively review the fairness opinion, assessing its methodology and assumptions.</p><p>Staff has found that fairness opinion disclosure is often limited and fails to provide security holders with a meaningful understanding of the fairness opinion and how it was used by the board or special committee. Where a fairness opinion is obtained, the disclosure document should:</p><p> discuss the compensation arrangement with the financial advisor and how it affected the board of directors' or special committee's consideration of the advice provided;discuss any relationship or arrangement between the financial advisor and the issuer or an interested party that would create the perception of a lack of independence;include a clear summary of the methodology, information and analysis (including financial metrics) underlying the opinion, conveyed in a manner that allows the reader to understand the basis for the opinion; andnote the opinion's relevance to the board of directors or special committee in coming to a determination to recommend a transaction.</p><p>Staff also refer market participants to the rules regarding fairness opinions prepared by the Investment Industry Regulatory Organization of Canada and The Canadian Institute of Chartered Business Valuators.</p><p>Staff's approach to fairness opinions reflects the judicial treatment of fairness opinions in InterOiland a number of Ontario court decisions. By mandating greater transparency in respect of advisor fees and requiring disclosure of the financial analysis underlying a fairness opinion, the Notice addresses two of the main issues raised by the Court in InterOil. However, we note that the Notice neither mandated nor recommended the use of fixed fee opinions, a significant element of InterOil. In addition, Staff do not require disclosure of the quantum of fees received by the advisor.</p><p>It appears that Staff is advocating a movement towards U.S.-style disclosure in respect of fairness opinions, which is significantly more detailed than the current practice in Canada. Such an approach will create additional burdens for financial advisors, as their opinions will potentially become subject to heightened scrutiny. This may create a perception of increased risk among financial advisors, likely translating into higher fees for issuers and more stringent limitation of liability provisions in financial advisory engagements.</p><p>Conclusion</p><p>The Notice is of significance to M&amp;A lawyers, investment bankers, market participants and directors of reporting issuers who are involved in material conflict of interest transactions. The \"real time\" review of transactions, Staff's comments confirming the meaningful role to be played by special committees, guidance on the appropriate level of disclosure, voting recommendations and the use and disclosure of fairness opinions will likely require even more exacting processes and disclosure in the context of material conflict of interest transactions, which, among other things, will increase transaction costs and subject transactions to longer timelines.</p><p>The content of this article is intended to provide a general guide to the subject matter. Specialist advice should be sought about your specific circumstances.</p><p><br/> Mr Jon Truswell<br/>Bennett Jones LLP<br/> 4500 Bankers Hall East<br/> 855 - 2nd Street S.W.<br/> Calgary<br/>Alberta<br/> T2P 4K7<br/> CANADA<br/> Tel: 4032983235<br/> Fax: 4032657219<br/>E-mail: <email normalizedValue=\"mailto:KochharA@bennettjones.com\">KochharA@bennettjones.com</email><br/> URL: <url normalizedValue=\"http://www.bennettjones.com\">www.bennettjones.com</url></p></bodyText></nitf:body.content></nitf:body><metadata><dc:metadata xmlns:dc=\"http://purl.org/dc/elements/1.1/\"><dc:identifier identifierScheme=\"DOC-ID\">MONDAQ-10623352</dc:identifier><dc:source sourceScheme=\"royaltyReportingKey\">MONDAQ2017</dc:source><dc:identifier identifierScheme=\"PGUID\">urn:contentItem:5P9Y-DCR1-JCF5-V151-00000-00</dc:identifier><dc:source sourceScheme=\"productContentSetIdentifier\">149522</dc:source><dc:date dateType=\"last-updated\">2019-10-01</dc:date></dc:metadata><wordCount number=\"2467\"/><publicationInfo><copyright>Copyright 2017 Mondaq Ltd. All Rights Reserved</copyright><publicationName>Mondaq Business Briefing</publicationName><publicationLogo><logo><inlineObject><locator><locatorKey><keyName name=\"object-key\"/><keyValue value=\"33716\"/></locatorKey><locatorParameters><parameter name=\"object-type\" value=\"201\"/><parameter name=\"object-smi\" value=\"LOGOS\"/><parameter name=\"componentseq\" value=\"1\"/></locatorParameters></locator></inlineObject></logo></publicationLogo><publicationDate day=\"24\" month=\"08\" year=\"2017\"><dateText>August 24, 2017 Thursday</dateText></publicationDate><classification classificationScheme=\"publicationtype\"><classificationItem><className>Newswire</className></classificationItem></classification><classification classificationScheme=\"publicationtype\"><classificationItem><className>Newswires &amp; Press Releases</className></classificationItem></classification></publicationInfo><classification classificationScheme=\"language\"><classificationItem classificationScheme=\"lang.english\"><className>ENGLISH</className></classificationItem></classification><classificationGroup classificationScheme=\"indexing-terms\"><classification classificationScheme=\"company\"><classificationItem score=\"84\"><classCode>CC000267G</classCode><className>MAGNA INTERNATIONAL INC</className></classificationItem><classificationItem score=\"82\"><classCode>CC00093KT</classCode><className>INTEROIL CORP</className></classificationItem></classification><classification classificationScheme=\"industry\"><classificationItem score=\"84\"><className>NAICS336360 MOTOR VEHICLE SEATING &amp; INTERIOR TRIM MANUFACTURING</className></classificationItem><classificationItem score=\"84\"><className>NAICS336320 MOTOR VEHICLE ELECTRICAL &amp; ELECTRONIC EQUIPMENT MANUFACTURING</className></classificationItem><classificationItem score=\"84\"><className>NAICS336211 MOTOR VEHICLE BODY MANUFACTURING</className></classificationItem><classificationItem score=\"82\"><className>NAICS324110 PETROLEUM REFINERIES</className></classificationItem><classificationItem score=\"82\"><className>NAICS211120 CRUDE PETROLEUM EXTRACTION</className></classificationItem></classification><classification classificationScheme=\"ticker\"><classificationItem score=\"84\"><className>MGA (NYSE)</className></classificationItem><classificationItem score=\"84\"><className>MG (TSX)</className></classificationItem><classificationItem score=\"82\"><className>IOC (NYSE)</className></classificationItem></classification></classificationGroup><classificationGroup classificationScheme=\"licensor.indexing-terms\"><classification classificationScheme=\"licensor.company\"><classificationItem><className>Bennett Jones LLP</className></classificationItem></classification><classification classificationScheme=\"licensor.country\"><classificationItem><className>Canada</className></classificationItem></classification><classification classificationScheme=\"licensor.subject\"><classificationItem><className>Corporate/Commercial Law</className></classificationItem><classificationItem><className>M&amp;A/Private Equity</className></classificationItem><classificationItem><className>Compliance</className></classificationItem><classificationItem><className>Corporate and Company Law</className></classificationItem><classificationItem><className>Securities</className></classificationItem><classificationItem><className>Shareholders</className></classificationItem></classification></classificationGroup><classificationGroup classificationScheme=\"indexing-terms\"><classification classificationScheme=\"legal\"><classificationItem><className>Securities Law</className><classCode>Z3VpZD11cm46dG9waWM6RkFFMTQ3ODhCRDYyNDkyN0IwQkEyQzRCRDlFMEM5ODc7cGFyZW50Z3VpZD0</classCode><classificationItem score=\"51\"><className>Enhanced Review of Issuer Disclosures</className><classCode>Z3VpZD11cm46dG9waWM6QTQ4NjNDOEEwRUE3NEMyQkI1NzE3RTVGRjFCQzc1OTE7cGFyZW50Z3VpZD11cm46dG9waWM6RTg1ODAxM0M4MjlGNDM5MDg3MDQ4RTAwNzMyMTdDRDc</classCode></classificationItem><classificationItem score=\"91\"><className>Management &amp; Principals</className><classCode>Z3VpZD11cm46dG9waWM6QkRBRDFBOTFFODZDNEE2QThCRTgxODEwQzVEMjM4OUM7cGFyZW50Z3VpZD11cm46dG9waWM6NjUzNTZBOEYwQUE0NEJGNzlCRjc3NTMyNDU5Qzc2MUU</classCode></classificationItem></classificationItem></classification><classification classificationScheme=\"subject\"><classificationItem score=\"90\"><classCode>N926150GC</classCode><className>BANKING &amp; FINANCE REGULATION</className><classCode/><className/></classificationItem><classificationItem score=\"90\"><classCode>STX001976</classCode><className>SECURITIES &amp; OTHER INVESTMENTS</className><classCode/><className/></classificationItem><classificationItem score=\"89\"><classCode>N926150GM</classCode><className>SECURITIES LAW</className><classCode>Z3VpZD11cm46dG9waWM6RkFFMTQ3ODhCRDYyNDkyN0IwQkEyQzRCRDlFMEM5ODc7cGFyZW50Z3VpZD11cm46dG9waWM6MUFEMUQ2QTA1OUZCNEE5RjkzNTA2RERFMUNEOTk1RTI</classCode><className>Securities</className></classificationItem><classificationItem score=\"89\"><classCode>STX001548</classCode><className>SELF REGULATING ORGANIZATIONS</className><classCode/><className/></classificationItem><classificationItem score=\"89\"><classCode>STX001561</classCode><className>SHAREHOLDERS</className><classCode>Z3VpZD11cm46dG9waWM6NEI2QjYxNjkwMTkzNDhFRUExNjlFRjVFRUU3NDhBQkE7cGFyZW50Z3VpZD11cm46dG9waWM6MDQ3M0RFODczN0I4NDg2RjlFRDNFMUNBODRDQTU0Q0E</classCode><className>Shareholders</className></classificationItem><classificationItem score=\"78\"><classCode>STX000020</classCode><className>ADMINISTRATIVE PROCEDURE</className><classCode/><className/></classificationItem><classificationItem score=\"78\"><classCode>ST000DD8C</classCode><className>BUSINESS &amp; CORPORATE ENTITIES LAW</className><classCode>Z3VpZD11cm46dG9waWM6QjA4OEVGODBENzY4NDcxM0IyQzA1OTEwQzVDODRBOUE7cGFyZW50Z3VpZD11cm46dG9waWM6MUFEMUQ2QTA1OUZCNEE5RjkzNTA2RERFMUNEOTk1RTI</classCode><className>Businesses &amp; Corporations</className></classificationItem><classificationItem score=\"78\"><classCode>ST0009J09</classCode><className>COMMERCIAL LAW</className><classCode/><className/></classificationItem><classificationItem score=\"78\"><classCode>ST000DJCJ</classCode><className>SHAREHOLDER PROXIES</className><classCode/><className/></classificationItem><classificationItem score=\"76\"><classCode>ST0008WWI</classCode><className>ENERGY &amp; UTILITY LAW</className><classCode>Z3VpZD11cm46dG9waWM6OUUzODAyRDk1QzVFNEZGMEJDM0RGMDYxOTlEMEEzRDA7cGFyZW50Z3VpZD11cm46dG9waWM6MUFEMUQ2QTA1OUZCNEE5RjkzNTA2RERFMUNEOTk1RTI</classCode><className>Energy &amp; Utilities</className></classificationItem><classificationItem score=\"58\"><classCode>N523910GM</classCode><className>PRIVATE EQUITY</className><classCode/><className/></classificationItem></classification><classification classificationScheme=\"industry\"><classificationItem score=\"90\"><classCode>N926150GC</classCode><className>BANKING &amp; FINANCE REGULATION</className><classCode/><className/></classificationItem><classificationItem score=\"90\"><classCode>STX002014</classCode><className>MANUFACTURING</className><classCode/><className/></classificationItem><classificationItem score=\"90\"><classCode>N336360MM</classCode><className>MOTOR VEHICLE INTERIORS MFG</className><classCode/><className/></classificationItem><classificationItem score=\"90\"><classCode>STX001240</classCode><className>OIL &amp; GAS INDUSTRY</className><classCode/><className/></classificationItem><classificationItem score=\"90\"><classCode>ST0009FBJ</classCode><className>PETROLEUM PRODUCTS</className><classCode/><className/></classificationItem><classificationItem score=\"90\"><classCode>STX001976</classCode><className>SECURITIES &amp; OTHER INVESTMENTS</className><classCode/><className/></classificationItem><classificationItem score=\"89\"><classCode>N926150GM</classCode><className>SECURITIES LAW</className><classCode>Z3VpZD11cm46dG9waWM6RkFFMTQ3ODhCRDYyNDkyN0IwQkEyQzRCRDlFMEM5ODc7cGFyZW50Z3VpZD11cm46dG9waWM6MUFEMUQ2QTA1OUZCNEE5RjkzNTA2RERFMUNEOTk1RTI</classCode><className>Securities</className></classificationItem><classificationItem score=\"76\"><classCode>ST0008WWI</classCode><className>ENERGY &amp; UTILITY LAW</className><classCode>Z3VpZD11cm46dG9waWM6OUUzODAyRDk1QzVFNEZGMEJDM0RGMDYxOTlEMEEzRDA7cGFyZW50Z3VpZD11cm46dG9waWM6MUFEMUQ2QTA1OUZCNEE5RjkzNTA2RERFMUNEOTk1RTI</classCode><className>Energy &amp; Utilities</className></classificationItem><classificationItem score=\"76\"><classCode>ST000DL4P</classCode><className>OIL &amp; GAS FACILITIES</className><classCode/><className/></classificationItem><classificationItem score=\"76\"><classCode>ST0009T2I</classCode><className>OIL EXTRACTION</className><classCode/><className/></classificationItem><classificationItem score=\"76\"><classCode>N324110CC</classCode><className>PETROLEUM REFINERIES</className><classCode/><className/></classificationItem><classificationItem score=\"58\"><classCode>N523910GM</classCode><className>PRIVATE EQUITY</className><classCode/><className/></classificationItem></classification><classification classificationScheme=\"state\"><classificationItem score=\"88\"><classCode>GS174</classCode><className>ONTARIO, CANADA</className><classCode/><className/></classificationItem><classificationItem score=\"73\"><classCode>GS167</classCode><className>ALBERTA, CANADA</className><classCode/><className/></classificationItem><classificationItem score=\"73\"><classCode>GS169</classCode><className>MANITOBA, CANADA</className><classCode/><className/></classificationItem><classificationItem score=\"73\"><classCode>GS170</classCode><className>NEW BRUNSWICK, CANADA</className><classCode/><className/></classificationItem><classificationItem score=\"58\"><classCode>GS176</classCode><className>QUEBEC, CANADA</className><classCode/><className/></classificationItem></classification><classification classificationScheme=\"country\"><classificationItem score=\"91\"><classCode>GC339</classCode><className>CANADA</className><classCode/><className/></classificationItem></classification></classificationGroup></metadata></articleDoc></content></entry>"}