{"prediction_class": "Offensive Social Behaviour", "prediction_score": "0.95", "name": "Magna International", "title": "Former sales rep sues Chrysler over strip bars", "published": "1998-01-24T00:00:00Z", "updated": "2020-11-16T02:34:48Z", "cleaned_article": "[TITLE] Former sales rep sues Chrysler over strip bars [TITLE] \n\nA former Magna International Inc. sales representative who is suing the parts company has launched a suit against Chrysler Corp., demanding that the auto maker explicitly prevent its employees from doing business at strip clubs. Chrysler engineers and purchasing managers \"aided, abetted and compelled\" account managers with Magna to entertain them at Detroit-area topless clubs, Lorrie Beno claims in the lawsuit. Ms. Beno, 41, formerly worked for a Magna sales office in the Detroit suburb of Livonia and filed a sexual discrimination suit against the Markham, Ont.-based auto parts giant, claiming that she was fired.", "raw_cleaned_article": "<h2>Former sales rep sues Chrysler over strip bars</h2><p><b>A former Magna International Inc. sales representative who is suing the parts company has launched a suit against Chrysler Corp., demanding that the auto maker explicitly prevent its employees from doing business at strip clubs.</b> Chrysler engineers and purchasing managers \"aided, abetted and compelled\" account managers with Magna to entertain them at Detroit-area topless clubs, Lorrie Beno claims in the lawsuit. Ms. Beno, 41, formerly worked for a Magna sales office in the Detroit suburb of Livonia and filed a sexual discrimination suit against the Markham, Ont.-based auto parts giant, claiming that she was fired.</p>", "original_content": "<entry xmlns=\"http://www.w3.org/2005/Atom\"><id>urn:contentItem:4M8P-1BG0-TW7J-32MV-00000-00</id><title>Former sales rep sues Chrysler over strip bars</title><published>1998-01-24T00:00:00Z</published><updated>2020-11-16T02:34:48Z</updated><author><name>LexisNexis</name></author><content type=\"application/xml\"><!--Transformation version 1.23--><articleDoc xmlns=\"\" xmlns:xsi=\"http://www.w3.org/2001/XMLSchema-instance\" xsi:noNamespaceSchemaLocation=\"http://www.lexisnexis.com/xmlschemas/content/public/articledoc/1/\" schemaVersion=\"1.8\" xml:lang=\"en\"><articleDocHead><itemInfo><sourceSectionInfo><positionSection>REPORT ON BUSINESS</positionSection><positionSequence>Pg. B3</positionSequence></sourceSectionInfo></itemInfo></articleDocHead><nitf:body xmlns:nitf=\"http://iptc.org/std/NITF/2006-10-18/\"><nitf:body.head><nitf:hedline><nitf:hl1>Former sales rep sues Chrysler over strip bars</nitf:hl1></nitf:hedline><nitf:byline><author><person><nameText>Associated Press; AP</nameText></person></author></nitf:byline><nitf:dateline><location>PONTIAC, Mich.</location></nitf:dateline></nitf:body.head><nitf:body.content><bodyText><p nitf:lede=\"true\">A former <emphasis typeStyle=\"bf\">Magna International Inc.</emphasis> sales representative who is suing the parts company has launched a suit against <emphasis typeStyle=\"bf\">Chrysler Corp.</emphasis>, demanding that the auto maker explicitly prevent its employees from doing business at strip clubs.</p><p>Chrysler engineers and purchasing managers \"aided, abetted and compelled\" account managers with Magna to entertain them at Detroit-area topless clubs, Lorrie Beno claims in the lawsuit.</p><p>Ms. Beno, 41, formerly worked for a Magna sales office in the Detroit suburb of Livonia and filed a sexual discrimination suit against the Markham, Ont.-based auto parts giant, claiming that she was fired.</p><p>The Michigan Department of Civil Rights has begun preliminary investigations of both lawsuits.</p><p>In court documents, Ms. Beno and three other female employees alleged that male Magna workers and managers routinely grabbed, touched and verbally harassed them at the Livonia office.</p><p>Male employees of Magna, often accompanied by Big Three clients, would return to the office from topless clubs where \"they'd been all day,\" Ms. Beno said. \"You could smell the liquor on everybody. They talked about this girl and that girl and which attributes they liked.\"</p><p>Magna conducted sensitivity training on sexual harassment for all of its employees in 1996.</p><p>\"Women deposed by Beno in this case have acknowledged there hasn't been any problems since the training,\" said Timothy Howlett, a lawyer representing Magna.</p><p>Asked about the lawsuit, Chrysler assistant general counsel Steven Hantler said: \"We simply disagree with the allegations in the complaint and contend they are not supported by fact and law. We will vigorously defend the lawsuit.\"</p><p>In court documents, Ms. Beno's lawyers have furnished credit card receipts, expense reports and testimony showing Magna account managers entertained Chrysler, Ford Motor Co.and General Motors Corp.managers at strip clubs.</p><p>When news of the suit against Magna broke last year, the Big Three U.S. auto makers launched internal investigations of their purchasing practices and relationships with major suppliers.</p></bodyText></nitf:body.content></nitf:body><metadata><dc:metadata xmlns:dc=\"http://purl.org/dc/elements/1.1/\"><dc:identifier identifierScheme=\"DOC-ID\">GLOBML-GAM19980124RMAGN</dc:identifier><dc:source sourceScheme=\"royaltyReportingKey\">GLOBML1998</dc:source><dc:identifier identifierScheme=\"PGUID\">urn:contentItem:4M8P-1BG0-TW7J-32MV-00000-00</dc:identifier><dc:source sourceScheme=\"productContentSetIdentifier\">303830</dc:source><dc:date dateType=\"last-updated\">2015-12-01</dc:date></dc:metadata><wordCount number=\"342\"/><publicationInfo><copyright>Copyright 1998 The Globe and Mail, a division of CTVglobemedia Publishing Inc. All Rights Reserved</copyright><publicationName>The Globe and Mail (Canada)</publicationName><publicationDate day=\"24\" month=\"01\" year=\"1998\"><dateText>January 24, 1998 Saturday</dateText></publicationDate><classification classificationScheme=\"publicationtype\"><classificationItem><className>Newspaper</className></classificationItem></classification><classification classificationScheme=\"publicationtype\"><classificationItem><className>Newspapers</className></classificationItem></classification></publicationInfo><classification classificationScheme=\"language\"><classificationItem classificationScheme=\"lang.english\"><className>ENGLISH</className></classificationItem></classification><classificationGroup classificationScheme=\"indexing-terms\"><classification classificationScheme=\"company\"><classificationItem score=\"94\"><classCode>CC0009UED</classCode><className>FCA US LLC</className></classificationItem><classificationItem score=\"91\"><classCode>CC000267G</classCode><className>MAGNA INTERNATIONAL INC</className></classificationItem><classificationItem score=\"84\"><classCode>CC0002J45</classCode><className>FORD MOTOR CO</className></classificationItem><classificationItem score=\"84\"><classCode>CC000CFF3</classCode><className>GENERAL MOTORS CO</className></classificationItem></classification><classification classificationScheme=\"industry\"><classificationItem score=\"94\"><className>NAICS336111 AUTOMOBILE MANUFACTURING</className></classificationItem><classificationItem score=\"91\"><className>NAICS336360 MOTOR VEHICLE SEATING &amp; INTERIOR TRIM MANUFACTURING</className></classificationItem><classificationItem score=\"91\"><className>NAICS336320 MOTOR VEHICLE ELECTRICAL &amp; ELECTRONIC EQUIPMENT MANUFACTURING</className></classificationItem><classificationItem score=\"91\"><className>NAICS336211 MOTOR VEHICLE BODY MANUFACTURING</className></classificationItem><classificationItem score=\"84\"><className>NAICS336112 LIGHT TRUCK &amp; UTILITY VEHICLE MANUFACTURING</className></classificationItem><classificationItem score=\"84\"><className>SIC3711 MOTOR VEHICLES &amp; PASSENGER CAR BODIES</className></classificationItem><classificationItem score=\"84\"><className>SIC3714 MOTOR VEHICLE PARTS &amp; ACCESSORIES</className></classificationItem></classification><classification classificationScheme=\"ticker\"><classificationItem score=\"91\"><className>MGA (NYSE)</className></classificationItem><classificationItem score=\"91\"><className>MG (TSX)</className></classificationItem><classificationItem score=\"84\"><className>FORDP (PAR)</className></classificationItem><classificationItem score=\"84\"><className>F (NYSE)</className></classificationItem><classificationItem score=\"84\"><className>GM (NYSE)</className></classificationItem></classification></classificationGroup><classificationGroup classificationScheme=\"licensor.indexing-terms\"><classification classificationScheme=\"licensor.organization\"><classificationItem><className>ROB 1000</className></classificationItem><classificationItem><className>MG$</className></classificationItem><classificationItem><className>C$</className></classificationItem><classificationItem><className>Magna International Inc.</className></classificationItem><classificationItem><className>Chrysler Corp.</className></classificationItem></classification><classification classificationScheme=\"licensor.person\"><classificationItem><className>Lorrie Beno</className></classificationItem></classification><classification classificationScheme=\"licensor.subject\"><classificationItem><className>sexual harassment</className></classificationItem><classificationItem><className>striptease</className></classificationItem><classificationItem><className>damage suits</className></classificationItem></classification></classificationGroup><classificationGroup classificationScheme=\"indexing-terms\"><classification classificationScheme=\"legal\"><classificationItem><className>Education Law</className><classCode>Z3VpZD11cm46dG9waWM6NDkzNUEzQzFBNEZBNEFBREIxNDM5MTc1MUU5QjI4MTY7cGFyZW50Z3VpZD0</classCode><classificationItem score=\"50\"><className>Investigations</className><classCode>Z3VpZD11cm46dG9waWM6OUJGOEE3NTU5OUI0NDQ4OThFRTU1NTZBOURDMjg5REU7cGFyZW50Z3VpZD11cm46dG9waWM6QjE1MEQ4MDA4ODI1NDcyOUJGNTUwMTNENzlCQ0RGQjM</classCode></classificationItem></classificationItem></classification><classification classificationScheme=\"subject\"><classificationItem score=\"93\"><classCode>STX001648</classCode><className>SUITS &amp; CLAIMS</className><classCode/><className/></classificationItem><classificationItem score=\"92\"><classCode>STX001040</classCode><className>LITIGATION</className><classCode/><className/></classificationItem><classificationItem score=\"91\"><classCode>STX001066</classCode><className>MANAGERS &amp; SUPERVISORS</className><classCode/><className/></classificationItem><classificationItem score=\"90\"><classCode>ST0008X90</classCode><className>MANUFACTURING OUTPUT</className><classCode/><className/></classificationItem><classificationItem score=\"90\"><classCode>ST0009QD4</classCode><className>NEGATIVE BUSINESS NEWS</className><classCode/><className/></classificationItem><classificationItem score=\"90\"><classCode>ST0009FJK</classCode><className>NEGATIVE PERSONAL NEWS</className><classCode/><className/></classificationItem><classificationItem score=\"90\"><classCode>STX001556</classCode><className>SEXUAL HARASSMENT</className><classCode/><className/></classificationItem><classificationItem score=\"89\"><classCode>STX000969</classCode><className>INVESTIGATIONS</className><classCode/><className/></classificationItem><classificationItem score=\"89\"><classCode>N541110GM</classCode><className>LAWYERS</className><classCode/><className/></classificationItem><classificationItem score=\"79\"><classCode>ST00092SP</classCode><className>AUTOMOTIVE ENGINEERING</className><classCode/><className/></classificationItem><classificationItem score=\"78\"><classCode>ST000CYDJ</classCode><className>DISCRIMINATION</className><classCode/><className/></classificationItem><classificationItem score=\"78\"><classCode>ST0008XJY</classCode><className>SALES &amp; SELLING</className><classCode/><className/></classificationItem><classificationItem score=\"78\"><classCode>STX001851</classCode><className>WOMEN</className><classCode/><className/></classificationItem><classificationItem score=\"78\"><classCode>ST00097FI</classCode><className>WOMEN WORKERS</className><classCode/><className/></classificationItem><classificationItem score=\"77\"><classCode>ST000DLPN</classCode><className>EMPLOYMENT HISTORY</className><classCode/><className/></classificationItem><classificationItem score=\"77\"><classCode>ST000DIEG</classCode><className>GENDER &amp; SEX DISCRIMINATION</className><classCode/><className/></classificationItem><classificationItem score=\"77\"><classCode>STX001440</classCode><className>PURCHASING &amp; PROCUREMENT</className><classCode/><className/></classificationItem><classificationItem score=\"77\"><classCode>ST000DEHO</classCode><className>TECHNICIANS &amp; TECHNOLOGICAL WORKERS</className><classCode/><className/></classificationItem><classificationItem score=\"76\"><classCode>ST000DABI</classCode><className>DEPOSITIONS</className><classCode/><className/></classificationItem><classificationItem score=\"76\"><classCode>ST0009J49</classCode><className>HUMAN RIGHTS &amp; CIVIL LIBERTIES LAW</className><classCode>Z3VpZD11cm46dG9waWM6NURDOUM5MEJFQUZGNEFBMDgzMkM0RTgwODdDNTMxREM7cGFyZW50Z3VpZD0</classCode><className>Civil Rights Law</className></classificationItem><classificationItem score=\"74\"><classCode>ST000D4JV</classCode><className>CRIMINAL INVESTIGATIONS</className><classCode/><className/></classificationItem><classificationItem score=\"74\"><classCode>ST000DB1X</classCode><className>INTERNAL INVESTIGATIONS</className><classCode/><className/></classificationItem><classificationItem score=\"72\"><classCode>STX000302</classCode><className>CIVIL RIGHTS</className><classCode/><className/></classificationItem><classificationItem score=\"72\"><classCode>STX000512</classCode><className>DISMISSALS</className><classCode/><className/></classificationItem><classificationItem score=\"71\"><classCode>ST000CEE9</classCode><className>CORPORATE COUNSEL</className><classCode/><className/></classificationItem></classification><classification classificationScheme=\"industry\"><classificationItem score=\"95\"><classCode>STX000138</classCode><classCode/><className/></classificationItem><classificationItem score=\"93\"><classCode>N336100CC</classCode><className>AUTOMOTIVE MFG</className><classCode/><className/></classificationItem><classificationItem score=\"93\"><classCode>STX001174</classCode><className>MOTOR VEHICLES</className><classCode/><className/></classificationItem><classificationItem score=\"91\"><classCode>ST000DLIY</classCode><className>STRIP CLUBS</className><classCode/><className/></classificationItem><classificationItem score=\"90\"><classCode>N336111MM</classCode><className>AUTOMOBILE MFG</className><classCode/><className/></classificationItem><classificationItem score=\"90\"><classCode>STX000143</classCode><className>AUTOMOTIVE SUPPLIERS</className><classCode/><className/></classificationItem><classificationItem score=\"90\"><classCode>STX002014</classCode><className>MANUFACTURING</className><classCode/><className/></classificationItem><classificationItem score=\"90\"><classCode>ST0008X90</classCode><className>MANUFACTURING OUTPUT</className><classCode/><className/></classificationItem><classificationItem score=\"90\"><classCode>N336211MM</classCode><className>MOTOR VEHICLE BODY MFG</className><classCode/><className/></classificationItem><classificationItem score=\"90\"><classCode>N336360MM</classCode><className>MOTOR VEHICLE INTERIORS MFG</className><classCode/><className/></classificationItem><classificationItem score=\"90\"><classCode>N336300CC</classCode><className>MOTOR VEHICLE PARTS MFG</className><classCode/><className/></classificationItem><classificationItem score=\"90\"><classCode>N336112MM</classCode><className>UTILITY VEHICLE MFG</className><classCode/><className/></classificationItem><classificationItem score=\"89\"><classCode>ST0008WT9</classCode><className>AUTOMAKERS</className><classCode/><className/></classificationItem><classificationItem score=\"89\"><classCode>N722400CC</classCode><className>DRINKING PLACES</className><classCode/><className/></classificationItem><classificationItem score=\"89\"><classCode>N541110GM</classCode><className>LAWYERS</className><classCode/><className/></classificationItem><classificationItem score=\"79\"><classCode>ST00092SP</classCode><className>AUTOMOTIVE ENGINEERING</className><classCode/><className/></classificationItem><classificationItem score=\"73\"><classCode>N511000CC</classCode><className>PUBLISHING</className><classCode/><className/></classificationItem><classificationItem score=\"71\"><classCode>ST000CEE9</classCode><className>CORPORATE COUNSEL</className><classCode/><className/></classificationItem><classificationItem score=\"50\"><classCode>STX000424</classCode><className>CREDIT CARDS</className><classCode/><className/></classificationItem></classification><classification classificationScheme=\"person\"><classificationItem score=\"78\"><classCode>PE000DNAW</classCode><className>ABBY FINKENAUER</className><classCode/><className/></classificationItem></classification><classification classificationScheme=\"city\"><classificationItem score=\"92\"><classCode>GX569</classCode><className>DETROIT, MI, USA</className><classCode/><className/></classificationItem></classification><classification classificationScheme=\"state\"><classificationItem score=\"92\"><classCode>GS138</classCode><className>MICHIGAN, USA</className><classCode/><className/></classificationItem></classification></classificationGroup></metadata></articleDoc></content></entry>"}