{"prediction_class": "Regulatory Breaches Tax Evasion Smuggling of goods", "prediction_score": "0.75", "name": "Magna International", "title": "Ford, Magna face multi-million-dollar class-action suit over door latches", "published": "2004-08-17T00:00:00Z", "updated": "2020-11-16T02:31:14Z", "cleaned_article": "[TITLE] Ford, Magna face multi-million-dollar class-action suit over door latches [TITLE] \n\nTORONTO (CP) _ Up to 400,000 Canadians might be driving Ford vehicles with faulty door latches that could lead to serious injury or death, according to a class-action lawsuit commenced Tuesday against Ford Motor Co., Magna International and several of its subsidiaries. The suit is seeking $527 million in punitive damages plus the cost of replacing the latches, which a lawyer for the plaintiffs said is estimated at $1,300 for a four-door vehicle. The legal claim, launched in Ontario Superior Court by Will Barristers: Morin & Miller, says Ford and its subcontractors have known since 1995 about faulty door latches on four Ford models, including Ford's top-selling pickup truck, the F-150.", "raw_cleaned_article": "<h2>Ford, Magna face multi-million-dollar class-action suit over door latches</h2><p><b>TORONTO (CP) _ Up to 400,000 Canadians might be driving Ford vehicles with faulty door latches that could lead to serious injury or death, according to a class-action lawsuit commenced Tuesday against Ford Motor Co., Magna International and several of its subsidiaries.</b> The suit is seeking $527 million in punitive damages plus the cost of replacing the latches, which a lawyer for the plaintiffs said is estimated at $1,300 for a four-door vehicle. The legal claim, launched in Ontario Superior Court by Will Barristers: Morin & Miller, says Ford and its subcontractors have known since 1995 about faulty door latches on four Ford models, including Ford's top-selling pickup truck, the F-150.</p>", "original_content": "<entry xmlns=\"http://www.w3.org/2005/Atom\"><id>urn:contentItem:4D43-7VF0-01G6-90SV-00000-00</id><title>Ford, Magna face multi-million-dollar class-action suit over door latches</title><published>2004-08-17T00:00:00Z</published><updated>2020-11-16T02:31:14Z</updated><author><name>LexisNexis</name></author><content type=\"application/xml\"><!--Transformation version 1.23--><articleDoc xmlns=\"\" xmlns:xsi=\"http://www.w3.org/2001/XMLSchema-instance\" xsi:noNamespaceSchemaLocation=\"http://www.lexisnexis.com/xmlschemas/content/public/articledoc/1/\" schemaVersion=\"1.8\" xml:lang=\"en\"><articleDocHead><itemInfo><sourceSectionInfo><positionSection>GENERAL AND NATIONAL NEWS</positionSection></sourceSectionInfo></itemInfo></articleDocHead><nitf:body xmlns:nitf=\"http://iptc.org/std/NITF/2006-10-18/\"><nitf:body.head><nitf:hedline><nitf:hl1>Ford, Magna face multi-million-dollar class-action suit over door latches</nitf:hl1></nitf:hedline><nitf:byline>BY NANCY CARR</nitf:byline></nitf:body.head><nitf:body.content><bodyText><p nitf:lede=\"true\">TORONTO (CP) _ Up to 400,000 Canadians might be driving Ford vehicles with faulty door latches that could lead to serious injury or death, according to a class-action lawsuit commenced Tuesday against Ford Motor Co., Magna International and several of its subsidiaries.</p><p nitf:lede=\"true\">The suit is seeking $527 million in punitive damages plus the cost of replacing the latches, which a lawyer for the plaintiffs said is estimated at $1,300 for a four-door vehicle.</p><p nitf:lede=\"true\">The legal claim, launched in Ontario Superior Court by Will Barristers: Morin &amp; Miller, says Ford and its subcontractors have known since 1995 about faulty door latches on four Ford models, including Ford's top-selling pickup truck, the F-150.</p><p nitf:lede=\"true\">The lawsuit has not been certified as a class-action and the allegations have not been proved.</p><section sectionType=\"source\"><bodyText><p>CP</p></bodyText></section><p>According to the lawsuit, during crashes the door or doors on the side of the vehicle that was not hit have been reported to spring open.</p><p>The claim is seeking payment to replace latches on about four million light trucks and SUVs in the United States and 300,000 to 400,000 more in Canada.</p><p>\"If you just do the numbers, it's a very expensive recall,'' said Paul Miller with Toronto-based Will Barristers.</p><p>\"So, as alleged in the claim, they put profits ahead of people because it was cheaper to fight the lawsuits than issue the recall,'' Miller said.</p><p>Miller's firm would represent Canadian Ford owners, while Motley Rice LLC in South Carolina would represent the Americans.</p><p>Vehicles with the alleged defect, from the 1997 model year to 2000, are the Ford F-150, Ford F-250 Super Light Duty, Ford Expedition, Lincoln Navigator and Blackwood.</p><p>Ford spokeswoman Kathleen Vokes said the allegations were unfounded.</p><p>\"The latches passed all federal requirements and so there's no need for a recall,'' Vokes said from Dearborn, Mich. \"There's no defect.''</p><p>Ford maintains its door latches passed a crash test designed in 1967 _ one of two tests approved by U.S. authorities _ and therefore is not required to recall the vehicles.</p><p>However, Miller maintains the 1967 \"pulse test'' is not as stringent as the other test, which applies heavy force to the vehicle.</p><p>\"If they have concerns with testing procedures, or methodology, that's a completely different issue, but Ford met or exceeded all requirements,'' Vokes said.</p><p>The lawsuit also says that autoparts giant Magna and its subsidiaries Magna Donnelly Corp., Donnelly Corp., Dortec Industries, Intier Automotive Inc. and Atoma Latching Systems Group, \"knew that their respective designs and equipment they manufactured did not comply'' with the Canadian and American safety standards.</p><p>Magna spokesman Louis Tonelli said the company does not comment on litigation.</p><p>Maurice Poulin, the lead plaintiff in the lawsuit, said the door on his F-150 pickup truck opens too easily.</p><p>\"You barely touch the handle on the outside of the truck and the door opens by itself,'' said Poulin, 54, a retired Inco Ltd. worker who lives an hour's drive southeast of Sudbury, Ont.</p><p>\"I try to keep it locked all the time, but I don't know if it helps or not.''</p><p>Poulin said he's looking for Ford to pay to fix the latch on his truck, a 1997 model with 185,000 kilometres on it.</p><p>\"They should have done something before, not wait until there's an accident or somebody killed or something.''</p><p>Internal Ford documents that Miller and the Motley Rice lawyers will use in their arguments came to light in May when a Texas law firm sued Ford over the deaths of two sisters after a rollover accident in their Ford, Miller said. Ford settled with the families for an undisclosed amount.</p><p>Shares in Magna (TSX:MG.A) closed up 85 cents Tuesday afternoon on the Toronto stock market at $101.85.</p></bodyText></nitf:body.content></nitf:body><metadata><dc:metadata xmlns:dc=\"http://purl.org/dc/elements/1.1/\"><dc:identifier identifierScheme=\"DOC-ID\">CAPRSS-20040817CPCPG4101</dc:identifier><dc:source sourceScheme=\"royaltyReportingKey\">CAPRSS2004</dc:source><dc:identifier identifierScheme=\"PGUID\">urn:contentItem:4D43-7VF0-01G6-90SV-00000-00</dc:identifier><dc:source sourceScheme=\"productContentSetIdentifier\">253760</dc:source><dc:date dateType=\"last-updated\">2020-06-24</dc:date></dc:metadata><wordCount number=\"610\"/><publicationInfo><publicationName>The Canadian Press (CP)</publicationName><copyright>Copyright 2004 Press News Limited, All Rights Reserved</copyright><publicationDate day=\"17\" month=\"08\" year=\"2004\"><dateText>August 17, 2004 Tuesday</dateText></publicationDate><classification classificationScheme=\"publicationtype\"><classificationItem><className>Newswires &amp; Press Releases</className></classificationItem></classification></publicationInfo><classification classificationScheme=\"language\"><classificationItem><className>ENGLISH</className></classificationItem></classification><classificationGroup classificationScheme=\"indexing-terms\"><classification classificationScheme=\"company\"><classificationItem score=\"94\"><className>FORD MOTOR CO\u00a0</className></classificationItem><classificationItem score=\"85\"><className>\u00a0MAGNA DONNELLY CORP\u00a0</className></classificationItem><classificationItem score=\"84\"><className>\u00a0INTIER AUTOMOTIVE INC\u00a0</className></classificationItem><classificationItem score=\"84\"><className>\u00a0MAGNA INTERNATIONAL INC\u00a0</className></classificationItem><classificationItem score=\"66\"><className>\u00a0MOTLEY RICE\u00a0</className></classificationItem></classification><classification classificationScheme=\"ticker\"><classificationItem score=\"94\"><className>FORDP (PAR)\u00a0</className></classificationItem><classificationItem score=\"94\"><className>\u00a0F (NYSE)\u00a0</className></classificationItem><classificationItem score=\"84\"><className>\u00a0MGA (NYSE)\u00a0</className></classificationItem><classificationItem score=\"84\"><className>\u00a0MG (TSX)\u00a0</className></classificationItem></classification><classification classificationScheme=\"industry\"><classificationItem score=\"94\"><className>NAICS336112 LIGHT TRUCK &amp; UTILITY VEHICLE MANUFACTURING\u00a0</className></classificationItem><classificationItem score=\"94\"><className>\u00a0NAICS336111 AUTOMOBILE MANUFACTURING\u00a0</className></classificationItem><classificationItem score=\"94\"><className>\u00a0SIC3711 MOTOR VEHICLES &amp; PASSENGER CAR BODIES\u00a0</className></classificationItem><classificationItem score=\"85\"><className>\u00a0NAICS327215 GLASS PRODUCT MANUFACTURING MADE OF PURCHASED GLASS\u00a0</className></classificationItem><classificationItem score=\"85\"><className>\u00a0SIC3231 GLASS PRODUCTS MADE OF PURCHASED GLASS\u00a0</className></classificationItem><classificationItem score=\"84\"><className>\u00a0SIC3714 MOTOR VEHICLE PARTS &amp; ACCESSORIES\u00a0</className></classificationItem><classificationItem score=\"84\"><className>\u00a0NAICS336360 MOTOR VEHICLE SEATING &amp; INTERIOR TRIM MANUFACTURING\u00a0</className></classificationItem><classificationItem score=\"84\"><className>\u00a0NAICS336320 MOTOR VEHICLE ELECTRICAL &amp; ELECTRONIC EQUIPMENT MANUFACTURING\u00a0</className></classificationItem><classificationItem score=\"84\"><className>\u00a0NAICS336211 MOTOR VEHICLE BODY MANUFACTURING\u00a0</className></classificationItem><classificationItem score=\"66\"><className>\u00a0NAICS541110 OFFICES OF LAWYERS\u00a0</className></classificationItem><classificationItem score=\"66\"><className>\u00a0SIC8111 LEGAL SERVICES\u00a0</className></classificationItem></classification></classificationGroup><classificationGroup classificationScheme=\"licensor.indexing-terms\"><classification classificationScheme=\"licensor.subject\"><classificationItem><className>BUSINESS; AUTOMOTIVE; JUSTICE;</className></classificationItem></classification></classificationGroup><classificationGroup classificationScheme=\"indexing-terms\"><classification classificationScheme=\"subject\"><classificationItem score=\"93\"><classCode>N541110GM</classCode><className>LAWYERS</className><classCode/><className/></classificationItem><classificationItem score=\"92\"><classCode>STX001040</classCode><className>LITIGATION</className><classCode/><className/></classificationItem><classificationItem score=\"91\"><classCode>ST0008X90</classCode><className>MANUFACTURING OUTPUT</className><classCode/><className/></classificationItem><classificationItem score=\"91\"><classCode>STX001648</classCode><className>SUITS &amp; CLAIMS</className><classCode/><className/></classificationItem><classificationItem score=\"90\"><classCode>STX000168</classCode><className>BARRISTERS &amp; SOLICITORS</className><classCode/><className/></classificationItem><classificationItem score=\"90\"><classCode>ST0008XMR</classCode><className>LAW &amp; LEGAL SYSTEM</className><classCode/><className/></classificationItem><classificationItem score=\"90\"><classCode>ST0009QD4</classCode><className>NEGATIVE BUSINESS NEWS</className><classCode/><className/></classificationItem><classificationItem score=\"90\"><classCode>ST0009FJK</classCode><className>NEGATIVE PERSONAL NEWS</className><classCode/><className/></classificationItem><classificationItem score=\"89\"><classCode>ST000CP9R</classCode><className>AUTOMOTIVE RECALLS</className><classCode>Z3VpZD11cm46dG9waWM6RTFEMTJFOTUzMkZFNDgyQkEzRjA0NTNCMEZEMTlENUU7cGFyZW50Z3VpZD11cm46dG9waWM6RUI2RkNERjc3QTRCNEEyRkI5QkQwRTRFMzFBQkUxMjA</classCode><className>Recalls</className></classificationItem><classificationItem score=\"78\"><classCode>STX000108</classCode><className>APPROVALS</className><classCode/><className/></classificationItem><classificationItem score=\"78\"><classCode>STX000442</classCode><className>DAMAGES</className><classCode>Z3VpZD11cm46dG9waWM6QzQyQ0JFRkFDNDIzNDU3RjhFMkE1N0JEOTFGNzIwQzE7cGFyZW50Z3VpZD11cm46dG9waWM6NEY5RDZFNTJBQzJGNERFQjg0MEIyMEVBRUU4NjI0RjU</classCode><className>Damages</className></classificationItem><classificationItem score=\"78\"><classCode>ST000DOFE</classCode><className>SAFETY REGULATION &amp; POLICY</className><classCode/><className/></classificationItem><classificationItem score=\"78\"><classCode>STX000423</classCode><className>VEHICLE CRASH TESTING</className><classCode/><className/></classificationItem><classificationItem score=\"78\"><classCode>ST000C47H</classCode><className>WOUNDS &amp; INJURIES</className><classCode/><className/></classificationItem><classificationItem score=\"73\"><classCode>N922110CC</classCode><className>LAW COURTS &amp; TRIBUNALS</className><classCode/><className/></classificationItem><classificationItem score=\"73\"><classCode>STX001963</classCode><className>SAFETY, ACCIDENTS &amp; DISASTERS</className><classCode/><className/></classificationItem><classificationItem score=\"72\"><classCode>STX001439</classCode><className>PUNITIVE DAMAGES</className><classCode>Z3VpZD11cm46dG9waWM6RDkyNUY5QURDRTVBNDk1RThFRTJDMzJGNkQ1NzExRjg7cGFyZW50Z3VpZD11cm46dG9waWM6RkU4QzJFQjdCNTBDNDk3RThCOEE5MjIwRDRDODM3MEQ</classCode><className>Punitive Damages</className></classificationItem><classificationItem score=\"71\"><classCode>ST000DFZ2</classCode><className>SUBCONTRACTING</className><classCode/><className/></classificationItem><classificationItem score=\"70\"><classCode>ST000DOOT</classCode><className>SAFETY STANDARDS</className><classCode/><className/></classificationItem></classification><classification classificationScheme=\"industry\"><classificationItem score=\"95\"><classCode>STX001174</classCode><className>MOTOR VEHICLES</className><classCode/><className/></classificationItem><classificationItem score=\"95\"><classCode>STX000138</classCode><classCode/><className/></classificationItem><classificationItem score=\"93\"><classCode>N541110GM</classCode><className>LAWYERS</className><classCode/><className/></classificationItem><classificationItem score=\"91\"><classCode>N336100CC</classCode><className>AUTOMOTIVE MFG</className><classCode/><className/></classificationItem><classificationItem score=\"91\"><classCode>ST0008X90</classCode><className>MANUFACTURING OUTPUT</className><classCode/><className/></classificationItem><classificationItem score=\"90\"><classCode>STX000168</classCode><className>BARRISTERS &amp; SOLICITORS</className><classCode/><className/></classificationItem><classificationItem score=\"90\"><classCode>N327215MC</classCode><className>GLASS PRODUCTS MFG</className><classCode/><className/></classificationItem><classificationItem score=\"90\"><classCode>STX002014</classCode><className>MANUFACTURING</className><classCode/><className/></classificationItem><classificationItem score=\"90\"><classCode>N336211MM</classCode><className>MOTOR VEHICLE BODY MFG</className><classCode/><className/></classificationItem><classificationItem score=\"90\"><classCode>N336360MM</classCode><className>MOTOR VEHICLE INTERIORS MFG</className><classCode/><className/></classificationItem><classificationItem score=\"90\"><classCode>N540000CC</classCode><className>PROFESSIONAL SERVICES</className><classCode/><className/></classificationItem><classificationItem score=\"90\"><classCode>N336112MM</classCode><className>UTILITY VEHICLE MFG</className><classCode/><className/></classificationItem><classificationItem score=\"89\"><classCode>ST000CP9R</classCode><className>AUTOMOTIVE RECALLS</className><classCode>Z3VpZD11cm46dG9waWM6RTFEMTJFOTUzMkZFNDgyQkEzRjA0NTNCMEZEMTlENUU7cGFyZW50Z3VpZD11cm46dG9waWM6RUI2RkNERjc3QTRCNEEyRkI5QkQwRTRFMzFBQkUxMjA</classCode><className>Recalls</className></classificationItem><classificationItem score=\"89\"><classCode>ST00092XD</classCode><className>PICKUP TRUCKS</className><classCode/><className/></classificationItem><classificationItem score=\"78\"><classCode>ST0008X0O</classCode><className>SPORT UTILITY VEHICLES</className><classCode/><className/></classificationItem><classificationItem score=\"78\"><classCode>STX000423</classCode><className>VEHICLE CRASH TESTING</className><classCode/><className/></classificationItem><classificationItem score=\"75\"><classCode>STX000143</classCode><className>AUTOMOTIVE SUPPLIERS</className><classCode/><className/></classificationItem></classification><classification classificationScheme=\"city\"><classificationItem score=\"89\"><classCode>GX060</classCode><className>TORONTO, ON, CANADA</className><classCode/><className/></classificationItem></classification><classification classificationScheme=\"state\"><classificationItem score=\"89\"><classCode>GS174</classCode><className>ONTARIO, CANADA</className><classCode/><className/></classificationItem><classificationItem score=\"79\"><classCode>GS138</classCode><className>MICHIGAN, USA</className><classCode/><className/></classificationItem><classificationItem score=\"79\"><classCode>GS156</classCode><className>SOUTH CAROLINA, USA</className><classCode/><className/></classificationItem></classification><classification classificationScheme=\"country\"><classificationItem score=\"94\"><classCode>GC339</classCode><className>CANADA</className><classCode/><className/></classificationItem><classificationItem score=\"93\"><classCode>GC343</classCode><className>UNITED STATES</className><classCode/><className/></classificationItem></classification></classificationGroup></metadata></articleDoc></content></entry>"}