{"prediction_class": "Regulatory Breaches Tax Evasion Smuggling of goods", "prediction_score": "0.94", "name": "Magna International", "title": "Magna International Alert: The Briscoe Law Firm and Powers Taylor, LLP Investigate Possible Breaches of Fiduciary Duty by the Officers and Directors of Magna International, Inc.", "published": "2012-05-14T00:00:00Z", "updated": "2020-11-16T02:13:22Z", "cleaned_article": "[TITLE] Magna International Alert: The Briscoe Law Firm and Powers Taylor, LLP Investigate Possible Breaches of Fiduciary Duty by the Officers and Directors of Magna International, Inc. [TITLE] \n\nByline: Benzinga Staff DALLAS--(BUSINESS WIRE)-- Former United States Securities and Exchange Commission attorney Willie Briscoe, founder of The Briscoe Law Firm, PLLC, and the securities litigation firm of Powers Taylor, LLPannounce that the firms areinvestigating legal claims against the officers and Board of Directors of Magna International, Inc.(\"Magna\" or \"MGA\") (NYSE:MGA) relatedto potential securities violations between January 12, 2011 and August 5, 2011 (the \"Class Period\"). If you are an affected investor and you want to learn more about the lawsuit or join the action, contact Patrick Powers at Powers Taylor, LLP, toll free (877) 728-9607, via e-mail at patrick@powerstaylor.com, or Willie Briscoe at The Briscoe Law Firm, PLLC, (214) 706-9314,or via email at WBriscoe@TheBriscoeLawFirm.com There is no cost or fee to you. In a recently filed federal class action complaint, Magna and certain of its officers and directors were charged with violating the Securities Exchange Act of 1934. Specifically, the complaint alleges that during the class period the defendants issued materially false and misleading statements to investors because they misrepresented and failed to disclose (a) that Magna had entered into long-term European customer contracts at steeply discounted prices; (b) that Magna was experiencing ongoing undisclosed quality control issues at its Europeanfacilities that were resulting in higher production costs; (c) that,as a result of the foregoing, Magna was experiencing a significant decline in its European margins; (d) that defendants' representations about Magna's disclosure controls were materially false and misleading; and (e) that, based on the foregoing, defendants lacked a reasonable basis for their positive statements about Magna's European operations and business prospects during the Class Period. According to the complaint, as a result of these actions, the share price of Magna's stock dropped dramatically.", "raw_cleaned_article": "<h2>Magna International Alert: The Briscoe Law Firm and Powers Taylor, LLP Investigate Possible Breaches of Fiduciary Duty by the Officers and Directors of Magna International, Inc.</h2><p>Byline: Benzinga Staff DALLAS--(BUSINESS WIRE)-- <b>Former United States Securities and Exchange Commission attorney Willie Briscoe, founder of The Briscoe Law Firm, PLLC, and the securities litigation firm of Powers Taylor, LLPannounce that the firms areinvestigating legal claims against the officers and Board of Directors of Magna International, Inc.(\"Magna\" or \"MGA\") (NYSE:MGA) relatedto potential securities violations between January 12, 2011 and August 5, 2011 (the \"Class Period\").</b> If you are an affected investor and you want to learn more about the lawsuit or join the action, contact Patrick Powers at Powers Taylor, LLP, toll free (877) 728-9607, via e-mail at patrick@powerstaylor.com, or Willie Briscoe at The Briscoe Law Firm, PLLC, (214) 706-9314,or via email at WBriscoe@TheBriscoeLawFirm.com There is no cost or fee to you. In a recently filed federal class action complaint, Magna and certain of its officers and directors were charged with violating the Securities Exchange Act of 1934. Specifically, the complaint alleges that during the class period the defendants issued materially false and misleading statements to investors because they misrepresented and failed to disclose (a) that Magna had entered into long-term European customer contracts at steeply discounted prices; (b) that Magna was experiencing ongoing undisclosed quality control issues at its Europeanfacilities that were resulting in higher production costs; (c) that,as a result of the foregoing, Magna was experiencing a significant decline in its European margins; (d) that defendants' representations about Magna's disclosure controls were materially false and misleading; and (e) that, based on the foregoing, defendants lacked a reasonable basis for their positive statements about Magna's European operations and business prospects during the Class Period. According to the complaint, as a result of these actions, the share price of Magna's stock dropped dramatically.</p>", "original_content": "<entry xmlns=\"http://www.w3.org/2005/Atom\"><id>urn:contentItem:55N6-8451-DYTM-92G5-00000-00</id><title>Magna International Alert: The Briscoe Law Firm and Powers Taylor, LLP Investigate Possible Breaches of Fiduciary Duty by the Officers and Directors of Magna International, Inc.</title><published>2012-05-14T00:00:00Z</published><updated>2020-11-16T02:13:22Z</updated><author><name>LexisNexis</name></author><content type=\"application/xml\"><!--Transformation version 1.23--><articleDoc xmlns=\"\" xmlns:xsi=\"http://www.w3.org/2001/XMLSchema-instance\" xsi:noNamespaceSchemaLocation=\"http://www.lexisnexis.com/xmlschemas/content/public/articledoc/1/\" schemaVersion=\"1.8\" xml:lang=\"en\"><articleDocHead><itemInfo/></articleDocHead><nitf:body xmlns:nitf=\"http://iptc.org/std/NITF/2006-10-18/\"><nitf:body.head><nitf:hedline><nitf:hl1>Magna InternationalAlert: The Briscoe Law Firmand Powers Taylor, LLPInvestigate Possible Breaches of Fiduciary Duty by the Officers and Directors of Magna International, Inc.</nitf:hl1></nitf:hedline></nitf:body.head><nitf:body.content><bodyText><p nitf:lede=\"true\">Byline: Benzinga Staff</p><p nitf:lede=\"true\">DALLAS--(BUSINESS WIRE)--</p><p nitf:lede=\"true\">Former United States Securities and Exchange Commission attorney Willie Briscoe, founder of The Briscoe Law Firm, PLLC, and the securities litigation firm of Powers Taylor, LLPannounce that the firms areinvestigating legal claims against the officers and Board of Directors of Magna International, Inc.(\"Magna\" or \"MGA\") (NYSE:MGA) relatedto potential securities violations between January 12, 2011 and August 5, 2011 (the \"Class Period\").</p><p>If you are an affected investor and you want to learn more about the lawsuit or join the action, contact Patrick Powers at Powers Taylor, LLP, toll free (877) 728-9607, via e-mail at <email normalizedValue=\"mailto:patrick@powerstaylor.com\">patrick@powerstaylor.com</email>, or Willie Briscoe at The Briscoe Law Firm, PLLC, (214) 706-9314,or via email at <email normalizedValue=\"mailto:WBriscoe@TheBriscoeLawFirm.com\">WBriscoe@TheBriscoeLawFirm.com</email> There is no cost or fee to you.</p><p>In a recently filed federal class action complaint, Magna and certain of its officers and directors were charged with violating the Securities Exchange Act of 1934. Specifically, the complaint alleges that during the class period the defendants issued materially false and misleading statements to investors because they misrepresented and failed to disclose (a) that Magna had entered into long-term European customer contracts at steeply discounted prices; (b) that Magna was experiencing ongoing undisclosed quality control issues at its Europeanfacilities that were resulting in higher production costs; (c) that,as a result of the foregoing, Magna was experiencing a significant decline in its European margins; (d) that defendants' representations about Magna's disclosure controls were materially false and misleading; and (e) that, based on the foregoing, defendants lacked a reasonable basis for their positive statements about Magna's European operations and business prospects during the Class Period. According to the complaint, as a result of these actions, the share price of Magna's stock dropped dramatically.</p><p>According to shareholder rights attorney Willie Briscoe, \"The recent revelations about Magna's alleged misrepresentations regarding itsbusiness and financial status has led our firms to investigate possible breaches of fiduciary duties and other violations of state law byMagna's officers and directors. Based on our investigation, we are prepared to institute litigation to preserve the company and the valueof Magna stock for all shareholders.\"</p><p>The Briscoe Law Firm, PLLCis a full service business litigation, commercial transaction, and public advocacy firm with more than 20 years of experience in complex litigation and transactional matters.</p><p>Powers Taylor, LLPis a boutique litigation law firm that handles a variety of complex business litigation matters, including claims ofinvestor and stockholder fraud, shareholder oppression, shareholder derivative suits, and security class actions.</p><p>Powers Taylor, LLP</p><p>Patrick Powers, 877-728-9607</p><p><email normalizedValue=\"mailto:patrick@powerstaylor.com\">patrick@powerstaylor.com</email></p><p>or</p><p>The Briscoe Law Firm, PLLC</p><p>Willie Briscoe, 214-706-9314</p><p><email normalizedValue=\"mailto:WBriscoe@TheBriscoeLawFirm.com\">WBriscoe@TheBriscoeLawFirm.com</email></p></bodyText></nitf:body.content></nitf:body><metadata><dc:metadata xmlns:dc=\"http://purl.org/dc/elements/1.1/\"><dc:identifier identifierScheme=\"DOC-ID\">ASAPII-</dc:identifier><dc:source sourceScheme=\"royaltyReportingKey\">ASAP 289647440</dc:source><dc:identifier identifierScheme=\"PGUID\">urn:contentItem:55N6-8451-DYTM-92G5-00000-00</dc:identifier><dc:source sourceScheme=\"productContentSetIdentifier\">140610</dc:source><dc:date dateType=\"last-updated\">2020-04-02</dc:date></dc:metadata><wordCount number=\"502\"/><publicationInfo><copyright>Copyright 2012 Gale Group, Inc.<br/>All Rights Reserved</copyright><copyright>Copyright 2012 Accretive Capital LLC dba Benzinga.com</copyright><publicationName>Benzinga.com</publicationName><aggregationName>ASAP</aggregationName><publicationDate day=\"14\" month=\"05\" year=\"2012\"><dateText>May 14, 2012</dateText></publicationDate><classification classificationScheme=\"publicationtype\"><classificationItem><className>Newswire</className></classificationItem></classification><classification classificationScheme=\"publicationtype\"><classificationItem><className>Aggregate News Sources</className></classificationItem></classification></publicationInfo><classification classificationScheme=\"language\"><classificationItem classificationScheme=\"lang.english\"><className>ENGLISH</className></classificationItem></classification><classificationGroup classificationScheme=\"indexing-terms\"><classification classificationScheme=\"company\"><classificationItem score=\"95\"><classCode>CC000CPAG</classCode><className>BRISCOE LAW FIRM PLLC</className></classificationItem><classificationItem score=\"94\"><classCode>CC000AJ7T</classCode><className>POWERS TAYLOR LLP</className></classificationItem><classificationItem score=\"94\"><classCode>CC000267G</classCode><className>MAGNA INTERNATIONAL INC</className></classificationItem></classification><classification classificationScheme=\"organization\"><classificationItem score=\"84\"><className>SECURITIES &amp; EXCHANGE COMMISSION</className></classificationItem></classification><classification classificationScheme=\"industry\"><classificationItem score=\"95\"><className>NAICS541110 OFFICES OF LAWYERS</className></classificationItem><classificationItem score=\"95\"><className>SIC8111 LEGAL SERVICES</className></classificationItem><classificationItem score=\"94\"><className>NAICS336360 MOTOR VEHICLE SEATING &amp; INTERIOR TRIM MANUFACTURING</className></classificationItem><classificationItem score=\"94\"><className>NAICS336320 MOTOR VEHICLE ELECTRICAL &amp; ELECTRONIC EQUIPMENT MANUFACTURING</className></classificationItem><classificationItem score=\"94\"><className>NAICS336211 MOTOR VEHICLE BODY MANUFACTURING</className></classificationItem></classification><classification classificationScheme=\"ticker\"><classificationItem score=\"94\"><className>MGA (NYSE)</className></classificationItem><classificationItem score=\"94\"><className>MG (TSX)</className></classificationItem></classification></classificationGroup><classificationGroup classificationScheme=\"licensor.indexing-terms\"><classification classificationScheme=\"licensor.company\"><classificationItem><className>Magna International Inc. Investigations</className></classificationItem></classification><classification classificationScheme=\"licensor.country\"><classificationItem><className>Canada</className></classificationItem></classification><classification classificationScheme=\"licensor.industry\"><classificationItem><className>BUS Business, general</className></classificationItem><classificationItem><className>SIC: 3714 Motor vehicle parts and accessories</className></classificationItem><classificationItem><className>SIC: 8111 Legal services</className></classificationItem><classificationItem><className>NAICS: 3363 Motor Vehicle Parts Manufacturing</className></classificationItem></classification><classification classificationScheme=\"licensor.product\"><classificationItem><className>(Motor Vehicle Parts)</className></classificationItem></classification><classification classificationScheme=\"licensor.subject\"><classificationItem><className>Trade</className></classificationItem><classificationItem><className>Automotive parts industry Investigations</className></classificationItem><classificationItem><className>Corporate directors Investigations</className></classificationItem><classificationItem><className>Breach of trust Investigations</className></classificationItem><classificationItem><className>Fiduciary duties Investigations</className></classificationItem><classificationItem><className>Law firms Investigations</className></classificationItem></classification><classification classificationScheme=\"licensor.general-terms\"><classificationItem><className>EVENT: Investigations</className></classificationItem></classification></classificationGroup><classificationGroup classificationScheme=\"indexing-terms\"><classification classificationScheme=\"legal\"><classificationItem><className>Business &amp; Corporate Law</className><classCode>Z3VpZD11cm46dG9waWM6QjA4OEVGODBENzY4NDcxM0IyQzA1OTEwQzVDODRBOUE7cGFyZW50Z3VpZD0</classCode><classificationItem score=\"50\"><className>General Overview</className><classCode>Z3VpZD11cm46dG9waWM6NDYxMzM1MTQ5OUYzNEZGMEJDOTZBMDQxNTI4NjUwRjU7cGFyZW50Z3VpZD11cm46dG9waWM6OTA1MEMxMjNEQzVGNDBEMEIyMEJDQzgwNTE1QjE3NDU</classCode></classificationItem></classificationItem><classificationItem><className>Securities Law</className><classCode>Z3VpZD11cm46dG9waWM6RkFFMTQ3ODhCRDYyNDkyN0IwQkEyQzRCRDlFMEM5ODc7cGFyZW50Z3VpZD0</classCode><classificationItem score=\"50\"><className>Administration &amp; Establishment</className><classCode>Z3VpZD11cm46dG9waWM6NzQzRUE1RjlGNkRENDQ1Nzk5RTU4RDhDRkI4ODg3OTE7cGFyZW50Z3VpZD11cm46dG9waWM6NTIwNDgzMTY4QzQ5NDYzOEE0Njg0ODk0QzZBNEZFNUM</classCode></classificationItem><classificationItem score=\"52\"><className>Class Actions</className><classCode>Z3VpZD11cm46dG9waWM6N0U3NzgxQzgwRkVFNDI4OTg4QTcyNjk5QTA3RkQxNTM7cGFyZW50Z3VpZD11cm46dG9waWM6MDQ2QjczQUU0QjIwNDg0NUJFM0RFRjg0NkQ2NTk5Mjk</classCode></classificationItem><classificationItem score=\"50\"><className>Directors &amp; Officers</className><classCode>Z3VpZD11cm46dG9waWM6M0U3NzMxNDg3REE5NDFGQkJFMUM2MUFENDcwQzlDRUE7cGFyZW50Z3VpZD11cm46dG9waWM6NjUxQTc4OEJBM0M1NENBMzlCNkFFRUQ3N0ZBRUYwMTQ</classCode></classificationItem><classificationItem score=\"50\"><className>Elements of Proof</className><classCode>Z3VpZD11cm46dG9waWM6Njc0NDk4MjIyOEI4NDRENUEyRENGRUMwQ0M1ODlEMkM7cGFyZW50Z3VpZD11cm46dG9waWM6MUQwNDEzOUYxMDhGNDBBQzkzQzkzNDUyQkU5ODExODg</classCode></classificationItem><classificationItem score=\"50\"><className>General Overview</className><classCode>Z3VpZD11cm46dG9waWM6Q0QyMUU5RUQ3QjRENEJEMDgxQjY4MTZFOEM5NTU4Qzg7cGFyZW50Z3VpZD11cm46dG9waWM6RUIzQjA3MTA3NDFENDVGNkIzNjVEM0IwNDNDMTkxOEQ</classCode></classificationItem><classificationItem score=\"50\"><className>General Overview</className><classCode>Z3VpZD11cm46dG9waWM6RjFFRjUwQzMzNjVBNDI4Mjk0QTk1Rjg2QzY3MzJBMjI7cGFyZW50Z3VpZD11cm46dG9waWM6MDQ2QjczQUU0QjIwNDg0NUJFM0RFRjg0NkQ2NTk5Mjk</classCode></classificationItem><classificationItem score=\"50\"><className>General Overview</className><classCode>Z3VpZD11cm46dG9waWM6REVCNTk0NTcyQUUwNDAxMUI3Njc5RTBBOEFDMzg3NzI7cGFyZW50Z3VpZD11cm46dG9waWM6QzhFMkU4RThBMTI5NDg0RTlCMEEyRjc5OTAyMUFBQjI</classCode></classificationItem><classificationItem score=\"50\"><className>Required State of Mind</className><classCode>Z3VpZD11cm46dG9waWM6MEU1QUI3NjRERTQ2NDY5RUExRUQ1Njg2RTU3REZFQ0I7cGFyZW50Z3VpZD11cm46dG9waWM6OTg0MUQ1QzkxMzVGNEI5MkExQkNBQjg1REU4NkU0NUU</classCode></classificationItem></classificationItem></classification><classification classificationScheme=\"subject\"><classificationItem score=\"94\"><classCode>N541110GM</classCode><className>LAWYERS</className><classCode/><className/></classificationItem><classificationItem score=\"91\"><classCode>STX001040</classCode><className>LITIGATION</className><classCode/><className/></classificationItem><classificationItem score=\"91\"><classCode>STX001976</classCode><className>SECURITIES &amp; OTHER INVESTMENTS</className><classCode/><className/></classificationItem><classificationItem score=\"91\"><classCode>STX001648</classCode><className>SUITS &amp; CLAIMS</className><classCode/><className/></classificationItem><classificationItem score=\"90\"><classCode>STX000194</classCode><className>BOARDS OF DIRECTORS</className><classCode/><className/></classificationItem><classificationItem score=\"90\"><classCode>ST20031561</classCode><className>FIDUCIARY DUTIES</className><classCode/><className/></classificationItem><classificationItem score=\"90\"><classCode>STX000759</classCode><className>FRAUD &amp; FINANCIAL CRIME</className><classCode/><className/></classificationItem><classificationItem score=\"90\"><classCode>STX000969</classCode><className>INVESTIGATIONS</className><classCode/><className/></classificationItem><classificationItem score=\"90\"><classCode>ST0008XMR</classCode><className>LAW &amp; LEGAL SYSTEM</className><classCode/><className/></classificationItem><classificationItem score=\"90\"><classCode>N541100CC</classCode><className>LEGAL SERVICES</className><classCode/><className/></classificationItem><classificationItem score=\"90\"><classCode>ST0009QD4</classCode><className>NEGATIVE BUSINESS NEWS</className><classCode/><className/></classificationItem><classificationItem score=\"90\"><classCode>STX001462</classCode><className>REGULATORY COMPLIANCE</className><classCode/><className/></classificationItem><classificationItem score=\"90\"><classCode>N926150GM</classCode><className>SECURITIES LAW</className><classCode>Z3VpZD11cm46dG9waWM6RkFFMTQ3ODhCRDYyNDkyN0IwQkEyQzRCRDlFMEM5ODc7cGFyZW50Z3VpZD11cm46dG9waWM6MUFEMUQ2QTA1OUZCNEE5RjkzNTA2RERFMUNEOTk1RTI</classCode><className>Securities</className></classificationItem><classificationItem score=\"90\"><classCode>N921100MM</classCode><className>US FEDERAL GOVERNMENT</className><classCode>Z3VpZD11cm46dG9waWM6MkM1MTYwRDE0NkJBNEVFMEIxQjM3RUE2NDRFQUFEODY7cGFyZW50Z3VpZD11cm46dG9waWM6MjdEQjE4OUJDMzQxNDNEMEI0RTI1QUFCMzJENjEwRTA</classCode><className>Federal Government</className></classificationItem><classificationItem score=\"89\"><classCode>ST000DD8C</classCode><className>BUSINESS &amp; CORPORATE ENTITIES LAW</className><classCode>Z3VpZD11cm46dG9waWM6QjA4OEVGODBENzY4NDcxM0IyQzA1OTEwQzVDODRBOUE7cGFyZW50Z3VpZD11cm46dG9waWM6MUFEMUQ2QTA1OUZCNEE5RjkzNTA2RERFMUNEOTk1RTI</classCode><className>Businesses &amp; Corporations</className></classificationItem><classificationItem score=\"89\"><classCode>STX000304</classCode><className>CLASS ACTIONS</className><classCode>Z3VpZD11cm46dG9waWM6Mjk5M0Q3OEY2NkE3NDIwQzg4MDk1NUUxQUI5Nzc5NTU7cGFyZW50Z3VpZD11cm46dG9waWM6MDc3RDI0Njg5OEU2NEM5NzkxRUU2MjBEMDMyRkQ3Mzk</classCode><className>Class Actions</className></classificationItem><classificationItem score=\"89\"><classCode>ST000DANR</classCode><className>FALSE STATEMENTS</className><classCode/><className/></classificationItem><classificationItem score=\"89\"><classCode>STX001561</classCode><className>SHAREHOLDERS</className><classCode>Z3VpZD11cm46dG9waWM6NEI2QjYxNjkwMTkzNDhFRUExNjlFRjVFRUU3NDhBQkE7cGFyZW50Z3VpZD11cm46dG9waWM6MDQ3M0RFODczN0I4NDg2RjlFRDNFMUNBODRDQTU0Q0E</classCode><className>Shareholders</className></classificationItem><classificationItem score=\"78\"><classCode>N926150GC</classCode><className>BANKING &amp; FINANCE REGULATION</className><classCode/><className/></classificationItem><classificationItem score=\"78\"><classCode>STX001925</classCode><className>BUSINESS OPERATIONS</className><classCode/><className/></classificationItem><classificationItem score=\"78\"><classCode>STX001560</classCode><className>SHAREHOLDER RIGHTS</className><classCode/><className/></classificationItem><classificationItem score=\"78\"><classCode>ST000CZTI</classCode><className>STOCK PRICES</className><classCode/><className/></classificationItem><classificationItem score=\"78\"><classCode>ST0009SMZ</classCode><className>US SECURITIES EXCHANGE ACT OF 1934</className><classCode>Z3VpZD11cm46dG9waWM6RUIzQjA3MTA3NDFENDVGNkIzNjVEM0IwNDNDMTkxOEQ7cGFyZW50Z3VpZD11cm46dG9waWM6RkFFMTQ3ODhCRDYyNDkyN0IwQkEyQzRCRDlFMEM5ODc</classCode><className>Postoffering &amp; Secondary Distributions</className></classificationItem><classificationItem score=\"77\"><classCode>ST000DLPN</classCode><className>EMPLOYMENT HISTORY</className><classCode/><className/></classificationItem><classificationItem score=\"77\"><classCode>ST000D1BY</classCode><className>EXECUTIVES</className><classCode/><className/></classificationItem><classificationItem score=\"77\"><classCode>ST000DIJW</classCode><className>PRICES</className><classCode/><className/></classificationItem><classificationItem score=\"77\"><classCode>STX001559</classCode><className>SHAREHOLDER LAWSUITS</className><classCode/><className/></classificationItem></classification><classification classificationScheme=\"industry\"><classificationItem score=\"94\"><classCode>N541110GM</classCode><className>LAWYERS</className><classCode/><className/></classificationItem><classificationItem score=\"91\"><classCode>STX001976</classCode><className>SECURITIES &amp; OTHER INVESTMENTS</className><classCode/><className/></classificationItem><classificationItem score=\"90\"><classCode>N336100CC</classCode><className>AUTOMOTIVE MFG</className><classCode/><className/></classificationItem><classificationItem score=\"90\"><classCode>N541100CC</classCode><className>LEGAL SERVICES</className><classCode/><className/></classificationItem><classificationItem score=\"90\"><classCode>N336360MM</classCode><className>MOTOR VEHICLE INTERIORS MFG</className><classCode/><className/></classificationItem><classificationItem score=\"90\"><classCode>N540000CC</classCode><className>PROFESSIONAL SERVICES</className><classCode/><className/></classificationItem><classificationItem score=\"90\"><classCode>N926150GM</classCode><className>SECURITIES LAW</className><classCode>Z3VpZD11cm46dG9waWM6RkFFMTQ3ODhCRDYyNDkyN0IwQkEyQzRCRDlFMEM5ODc7cGFyZW50Z3VpZD11cm46dG9waWM6MUFEMUQ2QTA1OUZCNEE5RjkzNTA2RERFMUNEOTk1RTI</classCode><className>Securities</className></classificationItem><classificationItem score=\"89\"><classCode>STX000568</classCode><className>ELECTRONIC MAIL</className><classCode/><className/></classificationItem><classificationItem score=\"89\"><classCode>STX002014</classCode><className>MANUFACTURING</className><classCode/><className/></classificationItem><classificationItem score=\"78\"><classCode>STX000143</classCode><className>AUTOMOTIVE SUPPLIERS</className><classCode/><className/></classificationItem><classificationItem score=\"78\"><classCode>N926150GC</classCode><className>BANKING &amp; FINANCE REGULATION</className><classCode/><className/></classificationItem><classificationItem score=\"78\"><classCode>ST000CZTI</classCode><className>STOCK PRICES</className><classCode/><className/></classificationItem><classificationItem score=\"78\"><classCode>ST0009SMZ</classCode><className>US SECURITIES EXCHANGE ACT OF 1934</className><classCode>Z3VpZD11cm46dG9waWM6RUIzQjA3MTA3NDFENDVGNkIzNjVEM0IwNDNDMTkxOEQ7cGFyZW50Z3VpZD11cm46dG9waWM6RkFFMTQ3ODhCRDYyNDkyN0IwQkEyQzRCRDlFMEM5ODc</classCode><className>Postoffering &amp; Secondary Distributions</className></classificationItem><classificationItem score=\"78\"><classCode>STX000138</classCode><classCode/><className/></classificationItem><classificationItem score=\"77\"><classCode>N336300CC</classCode><className>MOTOR VEHICLE PARTS MFG</className><classCode/><className/></classificationItem></classification><classification classificationScheme=\"country\"><classificationItem score=\"54\"><classCode>GR169</classCode><className>SOUTHERN EUROPE</className><classCode/><className/></classificationItem></classification></classificationGroup></metadata></articleDoc></content></entry>"}