{"prediction_class": "Regulatory Breaches Tax Evasion Smuggling of goods", "prediction_score": "0.75", "name": "Magna International", "title": "Ford targeted in latch lawsuit", "published": "2004-08-18T00:00:00Z", "updated": "2020-11-16T02:42:30Z", "cleaned_article": "[TITLE] Ford targeted in latch lawsuit [TITLE] \n\nTORONTO (CP) -- Up to 400,000 Canadians might be driving Ford vehicles with faulty door latches that could lead to serious injury or death, according to a lawsuit launched Tuesday against Ford Motor Co., Magna International and several of its subsidiaries. The suit is seeking $527 million in punitive damages plus the cost of replacing the latches, which a lawyer for the plaintiffs said is estimated at $1,300 for a four-door vehicle. The legal claim, launched in Ontario Superior Court by Will Barristers: Morin & Miller, says Ford and its subcontractors have known since 1995 about faulty door latches on four Ford models, including Ford's top-selling pickup truck, the F-150.", "raw_cleaned_article": "<h2>Ford targeted in latch lawsuit</h2><p><b>TORONTO (CP) -- Up to 400,000 Canadians might be driving Ford vehicles with faulty door latches that could lead to serious injury or death, according to a lawsuit launched Tuesday against Ford Motor Co., Magna International and several of its subsidiaries.</b> The suit is seeking $527 million in punitive damages plus the cost of replacing the latches, which a lawyer for the plaintiffs said is estimated at $1,300 for a four-door vehicle. The legal claim, launched in Ontario Superior Court by Will Barristers: Morin & Miller, says Ford and its subcontractors have known since 1995 about faulty door latches on four Ford models, including Ford's top-selling pickup truck, the F-150.</p>", "original_content": "<entry xmlns=\"http://www.w3.org/2005/Atom\"><id>urn:contentItem:4J90-PGC0-TX77-B1VT-00000-00</id><title>Ford targeted in latch lawsuit</title><published>2004-08-18T00:00:00Z</published><updated>2020-11-16T02:42:30Z</updated><author><name>LexisNexis</name></author><content type=\"application/xml\"><!--Transformation version 1.23--><articleDoc xmlns=\"\" xmlns:xsi=\"http://www.w3.org/2001/XMLSchema-instance\" xsi:noNamespaceSchemaLocation=\"http://www.lexisnexis.com/xmlschemas/content/public/articledoc/1/\" schemaVersion=\"1.8\" xml:lang=\"en\"><articleDocHead><itemInfo><sourceSectionInfo><positionSection>CANADA</positionSection><positionSequence>Pg. 7</positionSequence></sourceSectionInfo></itemInfo></articleDocHead><nitf:body xmlns:nitf=\"http://iptc.org/std/NITF/2006-10-18/\"><nitf:body.head><nitf:hedline><nitf:hl1>Ford targeted in latch lawsuit</nitf:hl1></nitf:hedline><nitf:byline><nitf:byttl>Canadian Press</nitf:byttl></nitf:byline><nitf:dateline><location>TORONTO</location></nitf:dateline></nitf:body.head><nitf:body.content><bodyText><p nitf:lede=\"true\">TORONTO (CP) -- Up to 400,000 Canadians might be driving Ford vehicles with faulty door latches that could lead to serious injury or death, according to a lawsuit launched Tuesday against Ford Motor Co., Magna International and several of its subsidiaries.</p><p>The suit is seeking $527 million in punitive damages plus the cost of replacing the latches, which a lawyer for the plaintiffs said is estimated at $1,300 for a four-door vehicle.</p><p>The legal claim, launched in Ontario Superior Court by Will Barristers: Morin &amp; Miller, says Ford and its subcontractors have known since 1995 about faulty door latches on four Ford models, including Ford's top-selling pickup truck, the F-150.</p><p>The lawsuit has yet to be certified as a class-action and the allegations have not been proven.</p><p>According to the lawsuit, during crashes the door or doors on the side of the vehicle that was not hit have been reported to spring open.</p><p>The claim is seeking payment to replace latches on about four million light trucks and SUVs in the United States and 300,000 to 400,000 more in Canada.</p><p>\"If you just do the numbers, it's a very expensive recall,\" said Paul Miller with Toronto-based Will Barristers.</p><p>\"So, as alleged in the claim, they put profits ahead of people because it was cheaper to fight the lawsuits than issue the recall,\" Miller said.</p><p>Vehicles with the alleged defect, from the 1997 model year to 2000, are the Ford F-150, Ford F-250 Super Light Duty, Ford Expedition, Lincoln Navigator and Blackwood.</p><p>Ford spokeswoman Kathleen Vokes said the allegations were unfounded.</p><p>\"The latches passed all federal requirements and so there's no need for a recall,\" Vokes said from Dearborn, Mich. \"There's no defect.\"</p></bodyText></nitf:body.content></nitf:body><metadata><dc:metadata xmlns:dc=\"http://purl.org/dc/elements/1.1/\"><dc:identifier identifierScheme=\"DOC-ID\">PRINGC-</dc:identifier><dc:source sourceScheme=\"royaltyReportingKey\">PRINGC2004</dc:source><dc:identifier identifierScheme=\"PGUID\">urn:contentItem:4J90-PGC0-TX77-B1VT-00000-00</dc:identifier><dc:source sourceScheme=\"productContentSetIdentifier\">296079</dc:source><dc:date dateType=\"last-updated\">2018-06-16</dc:date></dc:metadata><wordCount number=\"281\"/><publicationInfo><copyright>Copyright 2004 Prince George Citizen All Rights Reserved</copyright><publicationName>Prince George Citizen (British Columbia)</publicationName><edition>Final Edition</edition><publicationDate day=\"18\" month=\"08\" year=\"2004\"><dateText>August 18, 2004 Wednesday</dateText></publicationDate><classification classificationScheme=\"publicationtype\"><classificationItem><className>Newspaper</className></classificationItem></classification><classification classificationScheme=\"publicationtype\"><classificationItem><className>Newspapers</className></classificationItem></classification></publicationInfo><classification classificationScheme=\"language\"><classificationItem classificationScheme=\"lang.english\"><className>ENGLISH</className></classificationItem></classification><classification classificationScheme=\"typeofdoc\"><classificationItem><className>Business</className></classificationItem></classification><classificationGroup classificationScheme=\"indexing-terms\"><classification classificationScheme=\"company\"><classificationItem score=\"96\"><classCode>CC0002J45</classCode><className>FORD MOTOR CO</className></classificationItem><classificationItem score=\"72\"><classCode>CC000267G</classCode><className>MAGNA INTERNATIONAL INC</className></classificationItem></classification><classification classificationScheme=\"ticker\"><classificationItem score=\"96\"><className>FORDP (PAR)</className></classificationItem><classificationItem score=\"96\"><className>F (NYSE)</className></classificationItem><classificationItem score=\"72\"><className>MGA (NYSE)</className></classificationItem><classificationItem score=\"72\"><className>MG (TSX)</className></classificationItem></classification></classificationGroup><classificationGroup classificationScheme=\"indexing-terms\"><classification classificationScheme=\"subject\"><classificationItem score=\"91\"><classCode>STX001648</classCode><className>SUITS &amp; CLAIMS</className><classCode/><className/></classificationItem><classificationItem score=\"91\"><classCode>STX001040</classCode><className>LITIGATION</className><classCode/><className/></classificationItem><classificationItem score=\"90\"><classCode>STX000168</classCode><className>BARRISTERS &amp; SOLICITORS</className><classCode/><className/></classificationItem><classificationItem score=\"78\"><classCode>STX000442</classCode><className>DAMAGES</className><classCode>Z3VpZD11cm46dG9waWM6QzQyQ0JFRkFDNDIzNDU3RjhFMkE1N0JEOTFGNzIwQzE7cGFyZW50Z3VpZD11cm46dG9waWM6NEY5RDZFNTJBQzJGNERFQjg0MEIyMEVBRUU4NjI0RjU</classCode><className>Damages</className></classificationItem><classificationItem score=\"78\"><classCode>ST000C47H</classCode><className>WOUNDS &amp; INJURIES</className><classCode/><className/></classificationItem><classificationItem score=\"78\"><classCode>ST000CP9R</classCode><className>AUTOMOTIVE RECALLS</className><classCode>Z3VpZD11cm46dG9waWM6RTFEMTJFOTUzMkZFNDgyQkEzRjA0NTNCMEZEMTlENUU7cGFyZW50Z3VpZD11cm46dG9waWM6RUI2RkNERjc3QTRCNEEyRkI5QkQwRTRFMzFBQkUxMjA</classCode><className>Recalls</className></classificationItem><classificationItem score=\"77\"><classCode>N541110GM</classCode><className>LAWYERS</className><classCode/><className/></classificationItem><classificationItem score=\"72\"><classCode>STX001439</classCode><className>PUNITIVE DAMAGES</className><classCode>Z3VpZD11cm46dG9waWM6RDkyNUY5QURDRTVBNDk1RThFRTJDMzJGNkQ1NzExRjg7cGFyZW50Z3VpZD11cm46dG9waWM6RkU4QzJFQjdCNTBDNDk3RThCOEE5MjIwRDRDODM3MEQ</classCode><className>Punitive Damages</className></classificationItem><classificationItem score=\"55\"><classCode>ST000DFZ2</classCode><className>SUBCONTRACTING</className><classCode/><className/></classificationItem></classification><classification classificationScheme=\"industry\"><classificationItem score=\"91\"><classCode>STX001174</classCode><className>MOTOR VEHICLES</className><classCode/><className/></classificationItem><classificationItem score=\"90\"><classCode>STX000168</classCode><className>BARRISTERS &amp; SOLICITORS</className><classCode/><className/></classificationItem><classificationItem score=\"89\"><classCode>ST00092XD</classCode><className>PICKUP TRUCKS</className><classCode/><className/></classificationItem><classificationItem score=\"78\"><classCode>ST0008X0O</classCode><className>SPORT UTILITY VEHICLES</className><classCode/><className/></classificationItem><classificationItem score=\"78\"><classCode>ST000CP9R</classCode><className>AUTOMOTIVE RECALLS</className><classCode>Z3VpZD11cm46dG9waWM6RTFEMTJFOTUzMkZFNDgyQkEzRjA0NTNCMEZEMTlENUU7cGFyZW50Z3VpZD11cm46dG9waWM6RUI2RkNERjc3QTRCNEEyRkI5QkQwRTRFMzFBQkUxMjA</classCode><className>Recalls</className></classificationItem><classificationItem score=\"78\"><classCode>STX000138</classCode><classCode/><className/></classificationItem><classificationItem score=\"77\"><classCode>N541110GM</classCode><className>LAWYERS</className><classCode/><className/></classificationItem></classification><classification classificationScheme=\"city\"><classificationItem score=\"73\"><classCode>GX060</classCode><className>TORONTO, ON, CANADA</className><classCode/><className/></classificationItem></classification><classification classificationScheme=\"state\"><classificationItem score=\"88\"><classCode>GS174</classCode><className>ONTARIO, CANADA</className><classCode/><className/></classificationItem><classificationItem score=\"79\"><classCode>GS138</classCode><className>MICHIGAN, USA</className><classCode/><className/></classificationItem></classification><classification classificationScheme=\"country\"><classificationItem score=\"90\"><classCode>GC339</classCode><className>CANADA</className><classCode/><className/></classificationItem><classificationItem score=\"79\"><classCode>GC343</classCode><className>UNITED STATES</className><classCode/><className/></classificationItem></classification></classificationGroup></metadata></articleDoc></content></entry>"}