{"prediction_class": "Money laundering", "prediction_score": "1.0", "name": "Magna International", "title": "Winners and losers of '98", "published": "1998-12-29T00:00:00Z", "updated": "2020-11-16T02:37:05Z", "cleaned_article": "[TITLE] Winners and losers of '98 [TITLE] \n\nLoewen Group Inc. -- Ray Loewen, founder of the Burnaby, B.C., funeral industry giant, resigned as chief executive officer in October, just two days after the board set up a special committee to oversee a possible sale of the money-losing company. Two weeks later, Canadian Imperial Bank of Commerce seized 10 million shares of the company Mr. Loewen pledged as collateral for a $145-million (U.S.) loan. YBM Magnex International Inc. -- The industrial magnet maker emerged from obscurity this year when FBI agents raided the Pennsylvania headquarters of the Toronto Stock Exchange-listed company. The company filed for receivership in December amid allegations of money-laundering and direct ties to Semion Mogilevitch, a powerful Russian organized crime boss. Magna International Inc. -- Auto parts company chairman and founder Frank Stronach flirted with an odd assortment of business ideas in 1998, including theme parks, luxury airlines and, most recently, a European sports and betting television channel. The shenanigans obscured Magna's purchase of Steyr-Daimler-Puch AG in January, probably the Aurora, Ont.-based company's most significant acquisition yet. Laidlaw Inc. -- Laidlaw Environmental Services Inc. paid $2.2-billion (U.S.) for Safety-Kleen Corp. in a mix of cash and shares, beating out a bid by Philip Services Corp. after months of disputes and court battles. Later in the year, Laidlaw Inc. of Burlington, Ont., announced a $470-million bid for Greyhound Lines Inc. of Dallas. Midland Walwyn Inc. -- The Toronto-based brokerage's major shareholding executives pocketed millions this summer after the company was sold to Merrill Lynch & Co. Inc. for $1.26-billion.", "raw_cleaned_article": "<h2>Winners and losers of '98</h2><p>Loewen Group Inc. -- Ray Loewen, founder of the Burnaby, B.C., funeral industry giant, resigned as chief executive officer in October, just two days after the board set up a special committee to oversee a possible sale of the money-losing company. Two weeks later, Canadian Imperial Bank of Commerce seized 10 million shares of the company Mr. Loewen pledged as collateral for a $145-million (U.S.) loan. YBM Magnex International Inc. -- The industrial magnet maker emerged from obscurity this year when FBI agents raided the Pennsylvania headquarters of the Toronto Stock Exchange-listed company. The company filed for receivership in December amid allegations of money-laundering and direct ties to Semion Mogilevitch, a powerful Russian organized crime boss. <b>Magna International Inc. -- Auto parts company chairman and founder Frank Stronach flirted with an odd assortment of business ideas in 1998, including theme parks, luxury airlines and, most recently, a European sports and betting television channel. The shenanigans obscured Magna's purchase of Steyr-Daimler-Puch AG in January, probably the Aurora, Ont.-based company's most significant acquisition yet.</b> Laidlaw Inc. -- Laidlaw Environmental Services Inc. paid $2.2-billion (U.S.) for Safety-Kleen Corp. in a mix of cash and shares, beating out a bid by Philip Services Corp. after months of disputes and court battles. Later in the year, Laidlaw Inc. of Burlington, Ont., announced a $470-million bid for Greyhound Lines Inc. of Dallas. Midland Walwyn Inc. -- The Toronto-based brokerage's major shareholding executives pocketed millions this summer after the company was sold to Merrill Lynch & Co. Inc. for $1.26-billion.</p>", "original_content": "<entry xmlns=\"http://www.w3.org/2005/Atom\"><id>urn:contentItem:4M8P-3160-TW7J-32S6-00000-00</id><title>Winners and losers of '98</title><published>1998-12-29T00:00:00Z</published><updated>2020-11-16T02:37:05Z</updated><author><name>LexisNexis</name></author><content type=\"application/xml\"><!--Transformation version 1.23--><articleDoc xmlns=\"\" xmlns:xsi=\"http://www.w3.org/2001/XMLSchema-instance\" xsi:noNamespaceSchemaLocation=\"http://www.lexisnexis.com/xmlschemas/content/public/articledoc/1/\" schemaVersion=\"1.8\" xml:lang=\"en\"><articleDocHead><itemInfo><sourceSectionInfo><positionSection>REPORT ON BUSINESS</positionSection><positionSequence>Pg. B3</positionSequence></sourceSectionInfo></itemInfo></articleDocHead><nitf:body xmlns:nitf=\"http://iptc.org/std/NITF/2006-10-18/\"><nitf:body.head><nitf:hedline><nitf:hl1>Winners and losers of '98</nitf:hl1></nitf:hedline><nitf:byline><author><person><nameText>JANET McFARLAND The Globe and Mail</nameText></person></author></nitf:byline></nitf:body.head><nitf:body.content><bodyText><p nitf:lede=\"true\">There was a vast array of winners and losers in Canadian business in 1998, ranging from individuals in trouble with the law to corporate behemoths wheeling and dealing with billions of dollars at stake.</p><p nitf:lede=\"true\">Two of Canada's best-known commercial landmarks -- the West Edmonton Mall and Toronto's SkyDome -- fell into financial difficulty and bitter public battles, while others emerged from relative obscurity to fill the headlines, such as YBM Magnex International Inc.and exotic allegations of connections to the Russian mob and money laundering.</p><p nitf:lede=\"true\">Here are a few highlights from a year of activity:</p><p nitf:lede=\"true\"><emphasis typeStyle=\"bf\">West Edmonton Mall</emphasis> -- A bitter battle erupted this year between the mall and the Alberta government over a $418-million loan package supplied by Alberta Treasury Branches. The government is suing former ATB head Elmer Leahy, accusing him of accepting bribes from the mall's owners, and has ordered the province's Auditor-General to investigate the mall's 1994 refinancing. ATB says it lost more than $115-million from the refinancing because the lending terms overwhelmingly favoured the mall's owners.</p><p><emphasis typeStyle=\"bf\">WIC Western International Communications Ltd.</emphasis> -- The Vancouver-based television company was in the news for most of 1998 as two rivals fought to control it. Shaw Communications Inc.of Calgary and CanWest Global Communications Corp.of Winnipeg paid a fortune in lawyers' fees in 1998 as they tussled through courts and securities commissions to win control of WIC. In the end, CanWest lost the takeover battle, but owned enough shares to be an unwelcome major shareholder.</p><p><emphasis typeStyle=\"bf\">SkyDome </emphasis>-- The Toronto stadium filed for court protection from its creditors in late November, claiming it needs to restructure its $105-million debt and is losing money because it is locked into unprofitable contracts. The stadium's management announced in December it will put the dome up for sale, and is accepting bids. One offer, from a consortium of Canadian and U.S. investors, valued the dome at $100-million. Labatt Brewing Co. has also said it will likely table a bid.</p><p><emphasis typeStyle=\"bf\">White Rose Crafts &amp; Nursery Sales Ltd.</emphasis> -- The struggling plant and crafts chain filed for bankruptcy protection in November, seeking time to restructure its $78.5-million in debt. Unionville, Ont.-based White Rose, which operates 42 stores, has been hurt by competition, outdated merchandise and poor in-store displays.</p><p><emphasis typeStyle=\"bf\">T. Eaton Co. Ltd.</emphasis> -- Speculation mounted this year that Eaton's was ripe for a takeover, or that it might be forced to sell more of its stores. The struggling Toronto-based department store chain reported lower-than-expected profit, watched its stock sink, and in November witnessed the sudden departure of chief executive officer George Kosich.</p><p><emphasis typeStyle=\"bf\">Inco Ltd.</emphasis> -- The mining company has ceased development on its famous Voisey's Bay nickel project because of low nickel prices and a stalemate with the Newfoundland government over its obligation to build a $2.6-billion smelter in the province. Toronto-based Inco bought the deposit for $4.3-billion in 1996 following a fierce bidding war, but says it has since become uneconomical to develop.</p><p><emphasis typeStyle=\"bf\">Loewen Group Inc.</emphasis> -- Ray Loewen, founder of the Burnaby, B.C., funeral industry giant, resigned as chief executive officer in October, just two days after the board set up a special committee to oversee a possible sale of the money-losing company. Two weeks later, Canadian Imperial Bank of Commerce seized 10 million shares of the company Mr. Loewen pledged as collateral for a $145-million (U.S.) loan.</p><p><emphasis typeStyle=\"bf\">YBM Magnex International Inc.</emphasis> -- The industrial magnet maker emerged from obscurity this year when FBI agents raided the Pennsylvania headquarters of the Toronto Stock Exchange-listed company. The company filed for receivership in December amid allegations of money-laundering and direct ties to Semion Mogilevitch, a powerful Russian organized crime boss.</p><p><emphasis typeStyle=\"bf\">Magna International Inc.</emphasis> -- Auto parts company chairman and founder Frank Stronach flirted with an odd assortment of business ideas in 1998, including theme parks, luxury airlines and, most recently, a European sports and betting television channel. The shenanigans obscured Magna's purchase of Steyr-Daimler-Puch AG in January, probably the Aurora, Ont.-based company's most significant acquisition yet.</p><p><emphasis typeStyle=\"bf\">Laidlaw Inc.</emphasis> -- Laidlaw Environmental Services Inc. paid $2.2-billion (U.S.) for Safety-Kleen Corp. in a mix of cash and shares, beating out a bid by Philip Services Corp. after months of disputes and court battles. Later in the year, Laidlaw Inc. of Burlington, Ont., announced a $470-million bid for Greyhound Lines Inc. of Dallas.</p><p><emphasis typeStyle=\"bf\">Midland Walwyn Inc.</emphasis> -- The Toronto-based brokerage's major shareholding executives pocketed millions this summer after the company was sold to Merrill Lynch &amp; Co. Inc. for $1.26-billion.</p><p><emphasis typeStyle=\"bf\">Canada Life Assurance Co.</emphasis> -- The Toronto-based insurance company announced a deal in May to buy $5-billion of assets of Regina's Crown Life Insurance Co., leaving behind a portfolio of mostly real estate assets that Crown will continue to manage.</p><p><emphasis typeStyle=\"bf\">Baton Broadcasting Inc.</emphasis> -- The Eaton family sold its 41-per-cent stake in Baton on the open market in January, raising almost $340-million for their 14.8 million shares. The sale ended an ownership interest that began in 1960 when the family helped co-found the broadcaster, which now runs the CTV network. In December, Toronto-based Baton changed its name to CTV Inc.</p><p><emphasis typeStyle=\"bf\">Nova Corp.</emphasis> -- The Calgary company announced a $15.6-million mega-merger with TransCanada PipeLines Inc. in January, joining the pipeline operations of both companies under the TCPL name. That left Nova as a petrochemical company, moving increasingly away from energy operations.</p><p><emphasis typeStyle=\"bf\">Sun Life Assurance Co. of Canada, Manufacturers Life Insurance Co., Canada Life Assurance Co.</emphasis> and <emphasis typeStyle=\"bf\">Mutual Life Assurance Co. of Canada </emphasis>-- The big insurers have announced plans to convert themselves from policy-holder ownership into stock companies whose shares trade publicly. The federal government failed to pass enabling legislation this year, but insurers hope it will be passed in February when Parliament resumes.</p><p><emphasis typeStyle=\"bf\">Myron Scholes </emphasis>-- The Canadian-born economist went on a self-described \"victory lap\" of international speeches this year after being awarded the Nobel prize in economics for his work on pricing derivatives. In September, however, Long-Term Capital Management LP, a private investment firm co-founded by Mr. Scholes and more than a dozen others, went spectacularly bust on derivatives investing. Its collapse shook markets and required a $3.5-billion (U.S.) bailout from 14 investment companies.</p><p><emphasis typeStyle=\"bf\">Northern Telecom Ltd.</emphasis> -- Northern Telecom of Brampton, Ont., was riding an acquisition high until the euphoria stalled at a Sept. 29 analysts' meeting, which was not open to the media. Analysts rushed to the phones after the meeting, believing the company had suggested it would not meet revenue and profit targets for the next two years, although the company later said it hadn't intended to give that impression. In the confusion, Northern Telecom shares fell to a 52-week-low.</p><p><emphasis typeStyle=\"bf\">Venard (Len) Gaudet </emphasis>-- The former chairman of Osler Inc. received an eight-year jail sentence in May for defrauding the failed brokerage. In June, an Ontario judge added four years to his term for securities violations. Two other former executives of Osler, which filed for bankruptcy protection in 1987, were also given jail terms. The case was the most lengthy securities investigation on record in Ontario.</p><p><emphasis typeStyle=\"bf\">Toronto Stock Exchange </emphasis>-- The TSE announced a deal this year to turn over management of its benchmark stock indexes to Standard &amp; Poor's Corp. of New York. The first step was the creation of a new S&amp;P/TSE 60, an index of 60 major stocks that will eventually replace the exchange's flawed 35 and 100 indexes.</p><p><emphasis typeStyle=\"bf\">Air Canada </emphasis>-- In September the Montreal-based airline was hit by a 13-day pilots' strike, which cost the company about $300-million, and contributed to a $61-million loss in the third quarter this year. To woo back customers, Air Canada announced a flurry of popular bargain-basement seat sales.</p><p><emphasis typeStyle=\"bf\">Frank Mersch </emphasis>-- The former celebrity fund manager for Altamira Investment Services Inc. resigned in May following an investigation by the Ontario Securities Commission. In June, he was banned from the investment industry for six months after he admitted that he had deliberately misled regulators about a stock purchase in 1993.</p></bodyText></nitf:body.content><nitf:body.end><graphic><nitf:media><caption><p>Illustration</p></caption></nitf:media></graphic></nitf:body.end></nitf:body><metadata><dc:metadata xmlns:dc=\"http://purl.org/dc/elements/1.1/\"><dc:identifier identifierScheme=\"DOC-ID\">GLOBML-GAM19981229RBLUR</dc:identifier><dc:source sourceScheme=\"royaltyReportingKey\">GLOBML1998</dc:source><dc:identifier identifierScheme=\"PGUID\">urn:contentItem:4M8P-3160-TW7J-32S6-00000-00</dc:identifier><dc:source sourceScheme=\"productContentSetIdentifier\">303830</dc:source><dc:date dateType=\"last-updated\">2015-12-01</dc:date></dc:metadata><wordCount number=\"1401\"/><publicationInfo><copyright>Copyright 1998 The Globe and Mail, a division of CTVglobemedia Publishing Inc. All Rights Reserved</copyright><publicationName>The Globe and Mail (Canada)</publicationName><publicationDate day=\"29\" month=\"12\" year=\"1998\"><dateText>December 29, 1998 Tuesday</dateText></publicationDate><classification classificationScheme=\"publicationtype\"><classificationItem><className>Newspaper</className></classificationItem></classification><classification classificationScheme=\"publicationtype\"><classificationItem><className>Newspapers</className></classificationItem></classification></publicationInfo><classification classificationScheme=\"language\"><classificationItem classificationScheme=\"lang.english\"><className>ENGLISH</className></classificationItem></classification><classificationGroup classificationScheme=\"indexing-terms\"><classification classificationScheme=\"company\"><classificationItem score=\"92\"><classCode>CC00028R5</classCode><className>SHAW COMMUNICATIONS INC</className></classificationItem><classificationItem score=\"84\"><classCode>CC0001YV6</classCode><className>VALE INCO LTD</className></classificationItem><classificationItem score=\"81\"><classCode>CC0006VSM</classCode><className>WHITE ROSE CRAFTS &amp; NURSERY SALES LTD</className></classificationItem><classificationItem score=\"72\"><classCode>CC00031HB</classCode><className>YBM MAGNEX INTERNATIONAL INC</className></classificationItem><classificationItem score=\"63\"><classCode>CC0008Q8V</classCode><className>LABATT BREWING CO LTD</className></classificationItem><classificationItem score=\"56\"><classCode>CC0004JYD</classCode><className>ATB FINANCIAL</className></classificationItem></classification><classification classificationScheme=\"industry\"><classificationItem score=\"92\"><className>NAICS517110 WIRED TELECOMMUNICATIONS CARRIERS</className></classificationItem><classificationItem score=\"84\"><className>NAICS212299 ALL OTHER METAL ORE MINING</className></classificationItem><classificationItem score=\"84\"><className>NAICS212234 COPPER ORE &amp; NICKEL ORE MINING</className></classificationItem><classificationItem score=\"84\"><className>NAICS212221 GOLD ORE MINING</className></classificationItem><classificationItem score=\"84\"><className>SIC1099 MISCELLANEOUS METAL ORES, NEC</className></classificationItem><classificationItem score=\"84\"><className>SIC1041 GOLD ORES</className></classificationItem><classificationItem score=\"84\"><className>SIC1021 COPPER ORES</className></classificationItem><classificationItem score=\"81\"><className>SIC5261 RETAIL NURSERIES, LAWN &amp; GARDEN SUPPLY STORES</className></classificationItem><classificationItem score=\"63\"><className>NAICS312120 BREWERIES</className></classificationItem><classificationItem score=\"56\"><className>NAICS522110 COMMERCIAL BANKING</className></classificationItem><classificationItem score=\"56\"><className>SIC6029 COMMERCIAL BANKS, NEC</className></classificationItem></classification><classification classificationScheme=\"ticker\"><classificationItem score=\"92\"><className>SJR (NYSE)</className></classificationItem></classification></classificationGroup><classificationGroup classificationScheme=\"licensor.indexing-terms\"><classification classificationScheme=\"licensor.subject\"><classificationItem><className>companies</className></classificationItem><classificationItem><className>news</className></classificationItem><classificationItem><className>reviews</className></classificationItem><classificationItem><className>finance</className></classificationItem><classificationItem><className>list</className></classificationItem></classification></classificationGroup><classificationGroup classificationScheme=\"indexing-terms\"><classification classificationScheme=\"legal\"><classificationItem><className>Criminal Law &amp; Procedure</className><classCode>Z3VpZD11cm46dG9waWM6NEU0RkE1OUQwNUQwNDgxODhEODZCMjkzOTg3NThBNzk7cGFyZW50Z3VpZD0</classCode><classificationItem score=\"63\"><className>General Overview</className><classCode>Z3VpZD11cm46dG9waWM6MUM4RjZFOEE4MDc3NDE4QjhCMkQwNzc2QTM0OUQ5NjI7cGFyZW50Z3VpZD11cm46dG9waWM6QzBDQzA4NEVCN0Q0NEZCRkEwNjY3Qzk3MDA3NzlCMjU</classCode></classificationItem></classificationItem><classificationItem><className>Securities Law</className><classCode>Z3VpZD11cm46dG9waWM6RkFFMTQ3ODhCRDYyNDkyN0IwQkEyQzRCRDlFMEM5ODc7cGFyZW50Z3VpZD0</classCode><classificationItem score=\"62\"><className>Stock Exchanges</className><classCode>Z3VpZD11cm46dG9waWM6M0ZDMDg5MEQ3OTlGNEJCMkI0M0EyM0MwN0E1Njk1MEQ7cGFyZW50Z3VpZD11cm46dG9waWM6NDBGREFBMDgyNTQ0NERFRUI3MEUwNDBFOTM5NDExREI</classCode></classificationItem></classificationItem></classification><classification classificationScheme=\"subject\"><classificationItem score=\"90\"><classCode>ST0009FJK</classCode><className>NEGATIVE PERSONAL NEWS</className><classCode/><className/></classificationItem><classificationItem score=\"89\"><classCode>ST0009SE3</classCode><className>STADIUMS &amp; ARENAS</className><classCode/><className/></classificationItem><classificationItem score=\"89\"><classCode>STX001668</classCode><className>TAKEOVERS</className><classCode/><className/></classificationItem><classificationItem score=\"78\"><classCode>STX000228</classCode><className>BUSINESS INSOLVENCY &amp; BANKRUPTCY</className><classCode/><className/></classificationItem><classificationItem score=\"78\"><classCode>N921130JM</classCode><className>GOVERNMENT CONTROLLERS &amp; AUDITORS</className><classCode/><className/></classificationItem><classificationItem score=\"78\"><classCode>STX000969</classCode><className>INVESTIGATIONS</className><classCode/><className/></classificationItem><classificationItem score=\"78\"><classCode>ST0009QS2</classCode><className>REPORTS, REVIEWS &amp; SECTIONS</className><classCode/><className/></classificationItem><classificationItem score=\"78\"><classCode>STX001561</classCode><className>SHAREHOLDERS</className><classCode>Z3VpZD11cm46dG9waWM6NEI2QjYxNjkwMTkzNDhFRUExNjlFRjVFRUU3NDhBQkE7cGFyZW50Z3VpZD11cm46dG9waWM6MDQ3M0RFODczN0I4NDg2RjlFRDNFMUNBODRDQTU0Q0E</classCode><className>Shareholders</className></classificationItem><classificationItem score=\"77\"><classCode>STX000166</classCode><className>INSOLVENCY &amp; BANKRUPTCY</className><classCode/><className/></classificationItem><classificationItem score=\"77\"><classCode>ST0009RDY</classCode><className>MINING &amp; EXTRACTION SECTOR PERFORMANCE</className><classCode/><className/></classificationItem><classificationItem score=\"75\"><classCode>STX001040</classCode><className>LITIGATION</className><classCode/><className/></classificationItem><classificationItem score=\"73\"><classCode>ST000D1BY</classCode><className>EXECUTIVES</className><classCode/><className/></classificationItem><classificationItem score=\"72\"><classCode>STX001976</classCode><className>SECURITIES &amp; OTHER INVESTMENTS</className><classCode/><className/></classificationItem><classificationItem score=\"70\"><classCode>STX000211</classCode><className>BRIBERY</className><classCode>Z3VpZD11cm46dG9waWM6MDdBNUZBQTcxQ0QzNEQ2MDk3MUU1RUM0Rjg0RDM1NDk7cGFyZW50Z3VpZD11cm46dG9waWM6RjgwNUY4MjJCMTg5NDgzRUJBMDQwNkM4NkUyNTJBMEY</classCode><className>Bribery</className></classificationItem><classificationItem score=\"70\"><classCode>STX001159</classCode><className>MONEY LAUNDERING</className><classCode>Z3VpZD11cm46dG9waWM6QzBDQzA4NEVCN0Q0NEZCRkEwNjY3Qzk3MDA3NzlCMjU7cGFyZW50Z3VpZD11cm46dG9waWM6NkUzNTQ1QUZBM0Y5NDcyQjk4N0I5Mjg0QzU3NDk0MDI</classCode><className>Money Laundering</className></classificationItem><classificationItem score=\"69\"><classCode>STX001648</classCode><className>SUITS &amp; CLAIMS</className><classCode/><className/></classificationItem><classificationItem score=\"64\"><classCode>N922110CC</classCode><className>LAW COURTS &amp; TRIBUNALS</className><classCode/><className/></classificationItem><classificationItem score=\"62\"><classCode>STX000668</classCode><className>EXECUTIVE MOVES</className><classCode/><className/></classificationItem></classification><classification classificationScheme=\"industry\"><classificationItem score=\"91\"><classCode>N444220MM</classCode><className>NURSERY &amp; GARDEN STORES</className><classCode/><className/></classificationItem><classificationItem score=\"90\"><classCode>N520000CC</classCode><className>BANKING &amp; FINANCE</className><classCode/><className/></classificationItem><classificationItem score=\"90\"><classCode>N212234IM</classCode><className>COPPER MINING</className><classCode/><className/></classificationItem><classificationItem score=\"90\"><classCode>N111422MM</classCode><className>FLORICULTURE PRODUCTION</className><classCode/><className/></classificationItem><classificationItem score=\"90\"><classCode>N212221MM</classCode><className>GOLD MINING</className><classCode/><className/></classificationItem><classificationItem score=\"90\"><classCode>N212200CC</classCode><className>METAL ORE MINING</className><classCode/><className/></classificationItem><classificationItem score=\"90\"><classCode>ST0008X7V</classCode><className>MINES &amp; MINING</className><classCode/><className/></classificationItem><classificationItem score=\"90\"><classCode>N212299VM</classCode><className>MISC METAL MINING</className><classCode/><className/></classificationItem><classificationItem score=\"90\"><classCode>N212234OM</classCode><className>NICKEL MINING</className><classCode/><className/></classificationItem><classificationItem score=\"90\"><classCode>STX001912</classCode><className>RETAIL &amp; WHOLESALE TRADE</className><classCode/><className/></classificationItem><classificationItem score=\"90\"><classCode>ST000DKQY</classCode><className>SHOPPING CENTERS &amp; MALLS</className><classCode/><className/></classificationItem><classificationItem score=\"90\"><classCode>ST0009RX6</classCode><classCode/><className/></classificationItem><classificationItem score=\"89\"><classCode>N517000CC</classCode><className>TELECOMMUNICATIONS SERVICES</className><classCode/><className/></classificationItem><classificationItem score=\"78\"><classCode>N4492111M</classCode><className>DEPARTMENT STORES</className><classCode/><className/></classificationItem><classificationItem score=\"78\"><classCode>N921130JM</classCode><className>GOVERNMENT CONTROLLERS &amp; AUDITORS</className><classCode/><className/></classificationItem><classificationItem score=\"78\"><classCode>STX001693</classCode><className>TELECOMMUNICATIONS</className><classCode/><className/></classificationItem><classificationItem score=\"78\"><classCode>ST0008XRM</classCode><className>TELECOMMUNICATIONS PROVIDERS</className><classCode/><className/></classificationItem><classificationItem score=\"77\"><classCode>ST0009RDY</classCode><className>MINING &amp; EXTRACTION SECTOR PERFORMANCE</className><classCode/><className/></classificationItem><classificationItem score=\"77\"><classCode>STX001489</classCode><className>RETAIL MERCHANDISE MANAGEMENT</className><classCode/><className/></classificationItem><classificationItem score=\"77\"><classCode>ST0009AJ3</classCode><className>RETAIL PROPERTY</className><classCode/><className/></classificationItem><classificationItem score=\"77\"><classCode>ST0008XSL</classCode><className>RETAILERS</className><classCode/><className/></classificationItem><classificationItem score=\"77\"><classCode>N4491130M</classCode><className>SEWING &amp; CRAFT STORES</className><classCode/><className/></classificationItem><classificationItem score=\"76\"><classCode>N210000CC</classCode><className>MINING &amp; EXTRACTION</className><classCode/><className/></classificationItem><classificationItem score=\"74\"><classCode>N511000CC</classCode><className>PUBLISHING</className><classCode/><className/></classificationItem><classificationItem score=\"72\"><classCode>STX001337</classCode><className>POINT OF PURCHASE ADVERTISING</className><classCode/><className/></classificationItem><classificationItem score=\"72\"><classCode>STX001976</classCode><className>SECURITIES &amp; OTHER INVESTMENTS</className><classCode/><className/></classificationItem><classificationItem score=\"51\"><classCode>N515120CC</classCode><className>TELEVISION INDUSTRY</className><classCode/><className/></classificationItem></classification><classification classificationScheme=\"city\"><classificationItem score=\"90\"><classCode>GX060</classCode><className>TORONTO, ON, CANADA</className><classCode/><className/></classificationItem><classificationItem score=\"79\"><classCode>GX055</classCode><className>VANCOUVER, BC, CANADA</className><classCode/><className/></classificationItem><classificationItem score=\"79\"><classCode>GX056</classCode><className>WINNIPEG, MB, CANADA</className><classCode/><className/></classificationItem><classificationItem score=\"73\"><classCode>GX429</classCode><className>CALGARY, AB, CANADA</className><classCode/><className/></classificationItem></classification><classification classificationScheme=\"state\"><classificationItem score=\"90\"><classCode>GS167</classCode><className>ALBERTA, CANADA</className><classCode/><className/></classificationItem><classificationItem score=\"90\"><classCode>GS174</classCode><className>ONTARIO, CANADA</className><classCode/><className/></classificationItem><classificationItem score=\"79\"><classCode>GS168</classCode><className>BRITISH COLUMBIA, CANADA</className><classCode/><className/></classificationItem><classificationItem score=\"79\"><classCode>GS169</classCode><className>MANITOBA, CANADA</className><classCode/><className/></classificationItem></classification><classification classificationScheme=\"country\"><classificationItem score=\"93\"><classCode>GC339</classCode><className>CANADA</className><classCode/><className/></classificationItem><classificationItem score=\"79\"><classCode>GR120</classCode><className>NORTH AMERICA</className><classCode/><className/></classificationItem><classificationItem score=\"79\"><classCode>GC343</classCode><className>UNITED STATES</className><classCode/><className/></classificationItem></classification></classificationGroup></metadata></articleDoc></content></entry>"}