{"prediction_class": "Regulatory Breaches Tax Evasion Smuggling of goods", "prediction_score": "0.6", "name": "Magna International", "title": "Ford, Magna sued over truck latches: Doors open in crashes, lawsuit claims. Ford calls allegations in $527-million suit unfounded, says vehicles passed safety tests", "published": "2004-08-18T00:00:00Z", "updated": "2020-11-16T02:34:45Z", "cleaned_article": "[TITLE] Ford, Magna sued over truck latches: Doors open in crashes, lawsuit claims. Ford calls allegations in $527-million suit unfounded, says vehicles passed safety tests [TITLE] \n\nAs many as 400,000 Canadians might be driving Ford vehicles with faulty door latches that could lead to serious injury or death, according to a $527-million class-action lawsuit commenced yesterday against Ford Motor Co., Magna International and several of its subsidiaries. The suit is seeking $527 million in punitive damages plus the cost of replacing the latches, which a lawyer for the plaintiffs said is estimated at $1,300 for a four-door vehicle. The legal claim, launched in Ontario Superior Court by Will Barristers: Morin & Miller, says Ford and its subcontractors have known since 1995 about faulty door latches on four Ford models, including Ford's top-selling pickup truck, the F-150.", "raw_cleaned_article": "<h2>Ford, Magna sued over truck latches: Doors open in crashes, lawsuit claims. Ford calls allegations in $527-million suit unfounded, says vehicles passed safety tests</h2><p><b>As many as 400,000 Canadians might be driving Ford vehicles with faulty door latches that could lead to serious injury or death, according to a $527-million class-action lawsuit commenced yesterday against Ford Motor Co., Magna International and several of its subsidiaries.</b> The suit is seeking $527 million in punitive damages plus the cost of replacing the latches, which a lawyer for the plaintiffs said is estimated at $1,300 for a four-door vehicle. The legal claim, launched in Ontario Superior Court by Will Barristers: Morin & Miller, says Ford and its subcontractors have known since 1995 about faulty door latches on four Ford models, including Ford's top-selling pickup truck, the F-150.</p>", "original_content": "<entry xmlns=\"http://www.w3.org/2005/Atom\"><id>urn:contentItem:4D44-C3M0-TWD3-Y24V-00000-00</id><title>Ford, Magna sued over truck latches: Doors open in crashes, lawsuit claims. Ford calls allegations in $527-million suit unfounded, says vehicles passed safety tests</title><published>2004-08-18T00:00:00Z</published><updated>2020-11-16T02:34:45Z</updated><author><name>LexisNexis</name></author><content type=\"application/xml\"><!--Transformation version 1.23--><articleDoc xmlns=\"\" xmlns:xsi=\"http://www.w3.org/2001/XMLSchema-instance\" xsi:noNamespaceSchemaLocation=\"http://www.lexisnexis.com/xmlschemas/content/public/articledoc/1/\" schemaVersion=\"1.8\" xml:lang=\"en\"><articleDocHead><itemInfo><sourceSectionInfo><positionSection>BUSINESS</positionSection><positionSequence>Pg. B5</positionSequence></sourceSectionInfo></itemInfo></articleDocHead><nitf:body xmlns:nitf=\"http://iptc.org/std/NITF/2006-10-18/\"><nitf:body.head><nitf:hedline><nitf:hl1>Ford, Magna sued over truck latches: Doors open in crashes, lawsuit claims. Ford calls allegations in $527-million suit unfounded, says vehicles passed safety tests</nitf:hl1></nitf:hedline><nitf:byline><author><person><nameText>NANCY CARR</nameText></person></author><nitf:byttl>canadian press</nitf:byttl></nitf:byline><nitf:dateline><location>TORONTO</location></nitf:dateline></nitf:body.head><nitf:body.content><bodyText><p nitf:lede=\"true\">As many as 400,000 Canadians might be driving Ford vehicles with faulty door latches that could lead to serious injury or death, according to a $527-million class-action lawsuit commenced yesterday against Ford Motor Co., Magna International and several of its subsidiaries.</p><p nitf:lede=\"true\">The suit is seeking $527 million in punitive damages plus the cost of replacing the latches, which a lawyer for the plaintiffs said is estimated at $1,300 for a four-door vehicle.</p><p nitf:lede=\"true\">The legal claim, launched in Ontario Superior Court by Will Barristers: Morin &amp; Miller, says Ford and its subcontractors have known since 1995 about faulty door latches on four Ford models, including Ford's top-selling pickup truck, the F-150.</p><p>The lawsuit has not been certified as a class action and the allegations have not been proved.</p><p>According to the lawsuit, during crashes, the door or doors on the side of the vehicle that was not hit have been reported to spring open.</p><p>The claim seeks payment to replace latches on about 4 million light trucks and SUVs in the United States and 300,000 to 400,000 more in Canada.</p><p>\"If you just do the numbers, it's a very expensive recall,\" said Paul Miller, with Toronto-based Will Barristers.</p><p>\"So, as alleged in the claim, they put profits ahead of people because it was cheaper to fight the lawsuits than issue the recall,\" Miller said.</p><p>Miller's firm would represent Canadian Ford owners, while Motley Rice LLC in South Carolina would represent Americans.</p><p>Vehicles with the alleged defect, from the 1997 model year to 2000, are the Ford F-150, Ford</p><p>F-250 Super Light Duty, Ford Expedition, Lincoln Navigator and Blackwood.</p><p>Ford spokesperson Kathleen Vokes said the allegations were unfounded. \"The latches passed all federal requirements and so there's no need for a recall,\" Vokes said from Dearborn, Mich. \"There's no defect.\"</p><p>Ford maintains its door latches passed a crash test designed in 1967 - one of two tests approved by U.S. authorities - and therefore is not required to recall the vehicles.</p><p>The lawsuit also says that autoparts giant Magna and its subsidiaries Magna Donnelly Corp.,Donnelly Corp., Dortec Industries, Intier Automotive Inc.and Atoma Latching Systems Group \"knew that their respective designs and equipment they manufactured did not comply\" with safety standards.</p><p>Internal Ford documents Miller and Motley Rice lawyers will use in their arguments came to light in May when a Texas law firm sued Ford over the deaths of two sisters after a rollover accident in their Ford, Miller said. Ford settled with the families for an undisclosed amount.</p></bodyText></nitf:body.content></nitf:body><metadata><dc:metadata xmlns:dc=\"http://purl.org/dc/elements/1.1/\"><dc:identifier identifierScheme=\"DOC-ID\">MONGAZ-</dc:identifier><dc:source sourceScheme=\"royaltyReportingKey\">MONGAZ2004</dc:source><dc:identifier identifierScheme=\"PGUID\">urn:contentItem:4D44-C3M0-TWD3-Y24V-00000-00</dc:identifier><dc:source sourceScheme=\"productContentSetIdentifier\">8355</dc:source><dc:date dateType=\"last-updated\">2018-06-03</dc:date></dc:metadata><wordCount number=\"425\"/><publicationInfo><copyright>Copyright 2004 CanWest Interactive, a division of CanWest Global Communications Corp. All Rights Reserved</copyright><publicationName>The Gazette (Montreal)</publicationName><edition>Final Edition</edition><publicationDate day=\"18\" month=\"08\" year=\"2004\"><dateText>August 18, 2004 Wednesday</dateText></publicationDate><classification classificationScheme=\"publicationtype\"><classificationItem><className>Newspaper</className></classificationItem></classification><classification classificationScheme=\"publicationtype\"><classificationItem><className>Newspapers</className></classificationItem></classification></publicationInfo><classification classificationScheme=\"language\"><classificationItem classificationScheme=\"lang.english\"><className>ENGLISH</className></classificationItem></classification><classification classificationScheme=\"typeofdoc\"><classificationItem><className>Business</className></classificationItem></classification><classificationGroup classificationScheme=\"indexing-terms\"><classification classificationScheme=\"company\"><classificationItem score=\"94\"><classCode>CC0002J45</classCode><className>FORD MOTOR CO</className></classificationItem><classificationItem score=\"85\"><classCode>CC0002CNJ</classCode><className>MAGNA DONNELLY CORP</className></classificationItem><classificationItem score=\"84\"><classCode>CC0001ZWO</classCode><className>INTIER AUTOMOTIVE INC</className></classificationItem><classificationItem score=\"84\"><classCode>CC000267G</classCode><className>MAGNA INTERNATIONAL INC</className></classificationItem><classificationItem score=\"82\"><classCode>CC000BK3T</classCode><className>MOTLEY RICE</className></classificationItem></classification><classification classificationScheme=\"ticker\"><classificationItem score=\"94\"><className>FORDP (PAR)</className></classificationItem><classificationItem score=\"94\"><className>F (NYSE)</className></classificationItem><classificationItem score=\"84\"><className>MGA (NYSE)</className></classificationItem><classificationItem score=\"84\"><className>MG (TSX)</className></classificationItem></classification></classificationGroup><classificationGroup classificationScheme=\"indexing-terms\"><classification classificationScheme=\"subject\"><classificationItem score=\"92\"><classCode>STX001040</classCode><className>LITIGATION</className><classCode/><className/></classificationItem><classificationItem score=\"91\"><classCode>STX001648</classCode><className>SUITS &amp; CLAIMS</className><classCode/><className/></classificationItem><classificationItem score=\"90\"><classCode>STX000168</classCode><className>BARRISTERS &amp; SOLICITORS</className><classCode/><className/></classificationItem><classificationItem score=\"89\"><classCode>ST000CP5X</classCode><className>AUTOMOTIVE SAFETY</className><classCode/><className/></classificationItem><classificationItem score=\"89\"><classCode>STX000453</classCode><className>DEATH &amp; DYING</className><classCode/><className/></classificationItem><classificationItem score=\"89\"><classCode>N541110GM</classCode><className>LAWYERS</className><classCode/><className/></classificationItem><classificationItem score=\"89\"><classCode>ST000CP9R</classCode><className>AUTOMOTIVE RECALLS</className><classCode>Z3VpZD11cm46dG9waWM6RTFEMTJFOTUzMkZFNDgyQkEzRjA0NTNCMEZEMTlENUU7cGFyZW50Z3VpZD11cm46dG9waWM6RUI2RkNERjc3QTRCNEEyRkI5QkQwRTRFMzFBQkUxMjA</classCode><className>Recalls</className></classificationItem><classificationItem score=\"78\"><classCode>STX001745</classCode><className>TRAFFIC ACCIDENTS</className><classCode/><className/></classificationItem><classificationItem score=\"78\"><classCode>STX000423</classCode><className>VEHICLE CRASH TESTING</className><classCode/><className/></classificationItem><classificationItem score=\"78\"><classCode>STX000442</classCode><className>DAMAGES</className><classCode>Z3VpZD11cm46dG9waWM6QzQyQ0JFRkFDNDIzNDU3RjhFMkE1N0JEOTFGNzIwQzE7cGFyZW50Z3VpZD11cm46dG9waWM6NEY5RDZFNTJBQzJGNERFQjg0MEIyMEVBRUU4NjI0RjU</classCode><className>Damages</className></classificationItem><classificationItem score=\"78\"><classCode>ST000C47H</classCode><className>WOUNDS &amp; INJURIES</className><classCode/><className/></classificationItem><classificationItem score=\"76\"><classCode>N541100CC</classCode><className>LEGAL SERVICES</className><classCode/><className/></classificationItem><classificationItem score=\"73\"><classCode>STX001765</classCode><className>TRUCK SAFETY</className><classCode/><className/></classificationItem><classificationItem score=\"72\"><classCode>STX001439</classCode><className>PUNITIVE DAMAGES</className><classCode>Z3VpZD11cm46dG9waWM6RDkyNUY5QURDRTVBNDk1RThFRTJDMzJGNkQ1NzExRjg7cGFyZW50Z3VpZD11cm46dG9waWM6RkU4QzJFQjdCNTBDNDk3RThCOEE5MjIwRDRDODM3MEQ</classCode><className>Punitive Damages</className></classificationItem><classificationItem score=\"67\"><classCode>STX000108</classCode><className>APPROVALS</className><classCode/><className/></classificationItem><classificationItem score=\"55\"><classCode>ST000DFZ2</classCode><className>SUBCONTRACTING</className><classCode/><className/></classificationItem></classification><classification classificationScheme=\"industry\"><classificationItem score=\"91\"><classCode>STX001174</classCode><className>MOTOR VEHICLES</className><classCode/><className/></classificationItem><classificationItem score=\"90\"><classCode>STX000168</classCode><className>BARRISTERS &amp; SOLICITORS</className><classCode/><className/></classificationItem><classificationItem score=\"89\"><classCode>ST000CP5X</classCode><className>AUTOMOTIVE SAFETY</className><classCode/><className/></classificationItem><classificationItem score=\"89\"><classCode>N541110GM</classCode><className>LAWYERS</className><classCode/><className/></classificationItem><classificationItem score=\"89\"><classCode>ST00092XD</classCode><className>PICKUP TRUCKS</className><classCode/><className/></classificationItem><classificationItem score=\"89\"><classCode>ST000CP9R</classCode><className>AUTOMOTIVE RECALLS</className><classCode>Z3VpZD11cm46dG9waWM6RTFEMTJFOTUzMkZFNDgyQkEzRjA0NTNCMEZEMTlENUU7cGFyZW50Z3VpZD11cm46dG9waWM6RUI2RkNERjc3QTRCNEEyRkI5QkQwRTRFMzFBQkUxMjA</classCode><className>Recalls</className></classificationItem><classificationItem score=\"89\"><classCode>STX000138</classCode><classCode/><className/></classificationItem><classificationItem score=\"78\"><classCode>ST0008X0O</classCode><className>SPORT UTILITY VEHICLES</className><classCode/><className/></classificationItem><classificationItem score=\"78\"><classCode>STX001745</classCode><className>TRAFFIC ACCIDENTS</className><classCode/><className/></classificationItem><classificationItem score=\"78\"><classCode>STX000423</classCode><className>VEHICLE CRASH TESTING</className><classCode/><className/></classificationItem><classificationItem score=\"76\"><classCode>N541100CC</classCode><className>LEGAL SERVICES</className><classCode/><className/></classificationItem><classificationItem score=\"73\"><classCode>STX001765</classCode><className>TRUCK SAFETY</className><classCode/><className/></classificationItem></classification><classification classificationScheme=\"city\"><classificationItem score=\"58\"><classCode>GX060</classCode><className>TORONTO, ON, CANADA</className><classCode/><className/></classificationItem></classification><classification classificationScheme=\"state\"><classificationItem score=\"79\"><classCode>GS156</classCode><className>SOUTH CAROLINA, USA</className><classCode/><className/></classificationItem><classificationItem score=\"79\"><classCode>GS138</classCode><className>MICHIGAN, USA</className><classCode/><className/></classificationItem><classificationItem score=\"79\"><classCode>GS159</classCode><className>TEXAS, USA</className><classCode/><className/></classificationItem><classificationItem score=\"73\"><classCode>GS174</classCode><className>ONTARIO, CANADA</className><classCode/><className/></classificationItem></classification><classification classificationScheme=\"country\"><classificationItem score=\"91\"><classCode>GC339</classCode><className>CANADA</className><classCode/><className/></classificationItem><classificationItem score=\"91\"><classCode>GC343</classCode><className>UNITED STATES</className><classCode/><className/></classificationItem></classification></classificationGroup></metadata></articleDoc></content></entry>"}