{"prediction_class": "Money laundering", "prediction_score": "1.0", "name": "Manulife", "title": "Ottawa s spin cycle aside, Canada earns its infamy as a haven for money launderers;Canada s ranking 94th out of 141 countries is a stark reminder that we re bungling our national security and shirking our international obligations", "published": "2020-08-28T00:00:00Z", "updated": "2020-11-16T03:38:41Z", "cleaned_article": "[TITLE] Ottawa s spin cycle aside, Canada earns its infamy as a haven for money launderers;Canada s ranking 94th out of 141 countries is a stark reminder that we re bungling our national security and shirking our international obligations [TITLE] \n\nNot only does Canada fail to investigate and prosecute enough of these crimes, our penalties are too weak, according to a 2016 report by http://www.fatf-gafi.org/media/fatf/documents/reports/mer4/MER-Canada-2016.pdf, an intergovernmental body. A big part of the problem is that Ottawa is too soft on Canadian banks, even though its own threat assessment gives domestic lenders a \"very high vulnerability rating\" for money laundering. FinTRAC is believed to have imposed sanctions on only one lender, Manulife Bank, for breaking Canada's money-laundering rules in recent years. And the $1.15-million penalty it paid in 2016 was paltry by https://www.ft.com/content/a547e6ed-5a2e-48c4-bbee-febbf975e4af?desktop=true&segmentId=7c8f09b9-9b61-4fbb-9430-9208a9e233c8#myft:notification:daily-email:content. To make matters worse, it's unclear whether FinTRAC has imposed financial penalties against any other organizations in more than four years. Although Ottawa made it mandatory for FinTRAC to publicly name all companies that pay penalties, the new rule took effect only on June 21, 2019. FinTRAC's most recent https://www.fintrac-canafe.gc.ca/pen/4-eng dates back to May, 2016. It's no wonder Canada is known for https://www.theglobeandmail.com/canada/british-columbia/article-acceptance-of-cash-deposits-rare-in-real-estate-money-laundering/ the practice of hiding ill-gotten cash behind shell companies.", "raw_cleaned_article": "<h2>Ottawa s spin cycle aside, Canada earns its infamy as a haven for money launderers;Canada s ranking 94th out of 141 countries is a stark reminder that we re bungling our national security and shirking our international obligations</h2><p>Not only does Canada fail to investigate and prosecute enough of these crimes, our penalties are too weak, according to a 2016 report by http://www.fatf-gafi.org/media/fatf/documents/reports/mer4/MER-Canada-2016.pdf, an intergovernmental body. A big part of the problem is that Ottawa is too soft on Canadian banks, even though its own threat assessment gives domestic lenders a \"very high vulnerability rating\" for money laundering. <b>FinTRAC is believed to have imposed sanctions on only one lender, Manulife Bank, for breaking Canada's money-laundering rules in recent years. And the $1.15-million penalty it paid in 2016 was paltry by https://www.ft.com/content/a547e6ed-5a2e-48c4-bbee-febbf975e4af?desktop=true&segmentId=7c8f09b9-9b61-4fbb-9430-9208a9e233c8#myft:notification:daily-email:content.</b> To make matters worse, it's unclear whether FinTRAC has imposed financial penalties against any other organizations in more than four years. Although Ottawa made it mandatory for FinTRAC to publicly name all companies that pay penalties, the new rule took effect only on June 21, 2019. FinTRAC's most recent https://www.fintrac-canafe.gc.ca/pen/4-eng dates back to May, 2016. It's no wonder Canada is known for https://www.theglobeandmail.com/canada/british-columbia/article-acceptance-of-cash-deposits-rare-in-real-estate-money-laundering/ the practice of hiding ill-gotten cash behind shell companies.</p>", "original_content": "<entry xmlns=\"http://www.w3.org/2005/Atom\"><id>urn:contentItem:60PH-GWD1-JCS0-V2FF-00000-00</id><title>Ottawa s spin cycle aside, Canada earns its infamy as a haven for money launderers;Canada s ranking 94th out of 141 countries is a stark reminder that we re bungling our national security and shirking our international obligations</title><published>2020-08-28T00:00:00Z</published><updated>2020-11-16T03:38:41Z</updated><author><name>LexisNexis</name></author><content type=\"application/xml\"><!--Transformation version 1.23--><articleDoc xmlns=\"\" xmlns:xsi=\"http://www.w3.org/2001/XMLSchema-instance\" xsi:noNamespaceSchemaLocation=\"http://www.lexisnexis.com/xmlschemas/content/public/articledoc/1/\" schemaVersion=\"1.8\" xml:lang=\"en\"><articleDocHead><itemInfo><sourceSectionInfo><positionSection>BUSINESS</positionSection></sourceSectionInfo></itemInfo></articleDocHead><nitf:body xmlns:nitf=\"http://iptc.org/std/NITF/2006-10-18/\"><nitf:body.head><nitf:hedline><nitf:hl1>Ottawa s spin cycle aside, Canada earns its infamy as a haven for money launderers</nitf:hl1><nitf:hl2>Canada s ranking   94th out of 141 countries   is a stark reminder that we re bungling our national security and shirking our international obligations</nitf:hl2></nitf:hedline><nitf:byline><author><person><nameText>Rita Trichur</nameText></person></author></nitf:byline><abstract><bodyText><h>ABSTRACT</h><p>Canada s ranking   94th out of 141 countries   is a stark reminder that we re bungling our national security and shirking our international obligations</p></bodyText></abstract></nitf:body.head><nitf:body.content><bodyText><h>FULL TEXT</h><p nitf:lede=\"true\">Canada is burnishing its reputation as an international haven for money laundering. And true to form, our federal officials have their heads in the sand.</p><p nitf:lede=\"true\">The Basel Institute on Governance, an independent non-profit that combats corruption and financial crime, recently delivered a reality check on Canada's vulnerability to money laundering and terrorist financing.</p><p nitf:lede=\"true\">Its <url normalizedValue=\"https://www.baselgovernance.org/sites/default/files/2020-07/basel_aml_index_2020_web.pdf\">https://www.baselgovernance.org/sites/default/files/2020-07/basel_aml_index_2020_web.pdf</url>, which assesses countries' risk levels, affirms that Canada is still largely Shangri-la for money launderers. Its ranking - 94th out of 141 countries - is a stark reminder that we're bungling our national security and shirking our international obligations even as financial crime surges during the COVID-19 pandemic.</p><p nitf:lede=\"true\">Canada's risk score was 4.68 out of 10, an inconsequential improvement from 4.92 last year. A score of 10 represents \"maximum risk\" on the index, and the average money-laundering/terrorist-financing risk score across all countries was 5.22 for 2020 - a level the Basel Institute deemed \"unacceptably high.\"</p><p>To put that into perspective, Afghanistan had the highest risk score, 8.16. Estonia had the lowest, 2.36.</p><p>Being bested by Estonia is bad enough. But Canada also fared worse than every other member of the Five Eyes intelligence-sharing alliance, which also includes Australia, New Zealand, the United Kingdom and the United States. This won't go unnoticed by our allies, especially when Colombia is considered to be at lower risk for financial crime than Canada.</p><p>\"This is the end consequence of underfunding, underresourcing and being lackadaisical on money laundering and terrorist financing,\" said Kim Manchester, founder of <url normalizedValue=\"https://www.manchestercf.com/fis/\">https://www.manchestercf.com/fis/</url>, an online financial intelligence training company based in Toronto.</p><p>\"It shows the complete detachment of government policy makers in Ottawa versus what's really happening,\" he added.</p><p>But why should the federal government acknowledge the Basel Institute's objective analysis when it can simply pretend it doesn't exist? The Department of Finance declined to comment on Canada's risk rating. Instead, spokeswoman Marie-France Faucher offered talking points about Ottawa's previously announced anti-money-laundering initiatives, including $69.5-million in spending over five years.</p><p>Some of that money is earmarked for the Financial Transactions and Reports Analysis Centre of Canada (FinTRAC), and to support the federal government's participation in <url normalizedValue=\"https://cullencommission.ca\">https://cullencommission.ca</url>/ in British Columbia.</p><p>But considering that Canada can't even say how much money is laundered here each year - one estimate suggests <url normalizedValue=\"https://www.theglobeandmail.com/canada/british-columbia/article-bc-money-laundering-inquiry-to-begin-amid-hopes-for-answers/\">https://www.theglobeandmail.com/canada/british-columbia/article-bc-money-laundering-inquiry-to-begin-amid-hopes-for-answers/</url> alone - it's obvious that Ottawa isn't doing nearly enough.</p><p>\"Canada takes a comprehensive and co-ordinated approach to combating money laundering, terrorist financing and organized crime,\" Ms. Faucher wrote in an e-mail, adding that Ottawa's actions \"will result in a modernized framework that supports more effective prevention, enforcement and prosecution.\"</p><p>Trouble is, no one is buying the government's spin. The entire world knows that illicit funds flow to Canada because criminals aren't afraid of getting caught.</p><p>Not only does Canada fail to investigate and prosecute enough of these crimes, our penalties are too weak, according to a 2016 report by <url normalizedValue=\"http://www.fatf-gafi.org/media/fatf/documents/reports/mer4/MER-Canada-2016.pdf\">http://www.fatf-gafi.org/media/fatf/documents/reports/mer4/MER-Canada-2016.pdf</url>, an intergovernmental body.</p><p>A big part of the problem is that Ottawa is too soft on Canadian banks, even though its own threat assessment gives domestic lenders a \"very high vulnerability rating\" for money laundering.</p><p>FinTRAC is believed to have imposed sanctions on only one lender, Manulife Bank, for breaking Canada's money-laundering rules in recent years. And the $1.15-million penalty it paid in 2016 was paltry by <url normalizedValue=\"https://www.ft.com/content/a547e6ed-5a2e-48c4-bbee-febbf975e4af?desktop=true&amp;segmentId=7c8f09b9-9b61-4fbb-9430-9208a9e233c8#myft:notification:daily-email:content\">https://www.ft.com/content/a547e6ed-5a2e-48c4-bbee-febbf975e4af?desktop=true&amp;segmentId=7c8f09b9-9b61-4fbb-9430-9208a9e233c8#myft:notification:daily-email:content</url>.</p><p>To make matters worse, it's unclear whether FinTRAC has imposed financial penalties against any other organizations in more than four years. Although Ottawa made it mandatory for FinTRAC to publicly name all companies that pay penalties, the new rule took effect only on June 21, 2019. FinTRAC's most recent <url normalizedValue=\"https://www.fintrac-canafe.gc.ca/pen/4-eng\">https://www.fintrac-canafe.gc.ca/pen/4-eng</url> dates back to May, 2016.</p><p>It's no wonder Canada is known for <url normalizedValue=\"https://www.theglobeandmail.com/canada/british-columbia/article-acceptance-of-cash-deposits-rare-in-real-estate-money-laundering/\">https://www.theglobeandmail.com/canada/british-columbia/article-acceptance-of-cash-deposits-rare-in-real-estate-money-laundering/</url> the practice of hiding ill-gotten cash behind shell companies.</p><p>\"We have become a transnational dropping point for money laundering in this country. There is no doubt about it,\" said Garry Clement, president and chief executive officer of Clement Advisory Group, a private investigative agency for white-collar crime, and a former national director of the RCMP's Proceeds of Crime Program.</p><p>Mr. Clement, who outlined solutions to gaps in Canada's anti-money-laundering actions in an <url normalizedValue=\"https://security.frontline.online/article/2020/1/14334-Cullen-Commission-on-Money-Laundering\">https://security.frontline.online/article/2020/1/14334-Cullen-Commission-on-Money-Laundering</url>, is among the experts urging Ottawa to create a national registry to unmask the owners of shell companies.</p><p>Although federal, provincial and territorial officials are discussing the idea, it's unclear when such a registry would be operational.</p><p>Mr. Clement also suggests Canada crack down on organized crime with legislation modelled on the U.S. Racketeer Influenced and Corrupt Organizations Act.</p><p>The RCMP, meanwhile, should overhaul its compensation model to ensure it has enough experienced financial crime investigators, he said. At present, salary increases are tied to rank rather than specialization.</p><p>Federal legislators cannot afford to be blas\u00e9. Illicit money is inflating home prices, fuelling the opioid crisis and, according to the United Nations, <url normalizedValue=\"https://www.un.org/en/coronavirus/illicit-financial-flows\">https://www.un.org/en/coronavirus/illicit-financial-flows</url>.</p><p>\"As much as Canada likes to let on that they've taken this seriously, for the last decade we haven't even been a player in the game,\" Mr. Clement said.</p><p>He's right and the rest of the world knows it.</p><p>Your time is valuable. Have the Top Business Headlines newsletter conveniently delivered to your inbox in the morning or evening. <url normalizedValue=\"https://www.theglobeandmail.com/newsletters/?utm_source=Arcnewsletter&amp;utm_medium=onsite&amp;utm_campaign=fixed_positions&amp;utm_term=signuppage&amp;utm_content=topbusiness_promo#newsletter-group-2\">https://www.theglobeandmail.com/newsletters/?utm_source=Arcnewsletter&amp;utm_medium=onsite&amp;utm_campaign=fixed_positions&amp;utm_term=signuppage&amp;utm_content=topbusiness_promo#newsletter-group-2</url> .</p><p>Follow this link to view this story on globeandmail.com: <url normalizedValue=\"https://www.theglobeandmail.com/business/commentary/article-ottawas-spin-cycle-aside-canada-earns-its-infamy-as-a-haven-for/\">https://www.theglobeandmail.com/business/commentary/article-ottawas-spin-cycle-aside-canada-earns-its-infamy-as-a-haven-for/</url> The viewing of this article is only available to Globe Unlimited subscribers.</p></bodyText></nitf:body.content></nitf:body><metadata><dc:metadata xmlns:dc=\"http://purl.org/dc/elements/1.1/\"><dc:identifier identifierScheme=\"DOC-ID\">BRNWGM-RTGAM20200818composer_F2LXFJMLWNHDHKFHBCZJXD6XOI</dc:identifier><dc:source sourceScheme=\"royaltyReportingKey\">BRNWGM2020</dc:source><dc:identifier identifierScheme=\"PGUID\">urn:contentItem:60PH-GWD1-JCS0-V2FF-00000-00</dc:identifier><dc:source sourceScheme=\"productContentSetIdentifier\">302564</dc:source><dc:date dateType=\"last-updated\">2020-08-28</dc:date></dc:metadata><wordCount number=\"1157\"/><timeReceived>4:55 PM GMT</timeReceived><publicationInfo><copyright>Copyright 2020 The Globe and Mail, a division of CTVglobemedia Publishing Inc. All Rights Reserved</copyright><publicationName>Breaking News from globeandmail.com</publicationName><publicationDate day=\"28\" month=\"08\" year=\"2020\"><dateText>August 28, 2020 Friday</dateText></publicationDate><classification classificationScheme=\"publicationtype\"><classificationItem><className>Web Publication</className></classificationItem></classification><classification classificationScheme=\"publicationtype\"><classificationItem><className>Newspapers</className></classificationItem></classification></publicationInfo><classification classificationScheme=\"language\"><classificationItem classificationScheme=\"lang.english\"><className>ENGLISH</className></classificationItem></classification><classificationGroup classificationScheme=\"indexing-terms\"><classification classificationScheme=\"legal\"><classificationItem><className>Antitrust &amp; Trade Law</className><classCode>Z3VpZD11cm46dG9waWM6REEyRTNDM0JGQzYyNEMyOEFGNTAwNUJEOUU1MDg4NjU7cGFyZW50Z3VpZD0</classCode><classificationItem score=\"50\"><className>General Overview</className><classCode>Z3VpZD11cm46dG9waWM6MTY2REQ2N0Y5RkFBNDNFMzg5NjcyMTMzMDk2QjdDRjQ7cGFyZW50Z3VpZD11cm46dG9waWM6QzE4MDU1MzRCQTlGNENDMzgxMDIzNjFGNzZCMTdGOTQ</classCode></classificationItem></classificationItem><classificationItem><className>Criminal Law &amp; Procedure</className><classCode>Z3VpZD11cm46dG9waWM6NEU0RkE1OUQwNUQwNDgxODhEODZCMjkzOTg3NThBNzk7cGFyZW50Z3VpZD0</classCode><classificationItem score=\"92\"><className>Elements</className><classCode>Z3VpZD11cm46dG9waWM6N0NERTc0RDUyNDQ4NDM0M0E1NTNEQTg4NzU5MEIzMUE7cGFyZW50Z3VpZD11cm46dG9waWM6QzBDQzA4NEVCN0Q0NEZCRkEwNjY3Qzk3MDA3NzlCMjU</classCode></classificationItem><classificationItem score=\"99\"><className>General Overview</className><classCode>Z3VpZD11cm46dG9waWM6MUM4RjZFOEE4MDc3NDE4QjhCMkQwNzc2QTM0OUQ5NjI7cGFyZW50Z3VpZD11cm46dG9waWM6QzBDQzA4NEVCN0Q0NEZCRkEwNjY3Qzk3MDA3NzlCMjU</classCode></classificationItem><classificationItem score=\"50\"><className>General Overview</className><classCode>Z3VpZD11cm46dG9waWM6QzhCMUUxOUVEODc4NDExRUI4NjE0QjNCMTI1Njc4N0M7cGFyZW50Z3VpZD11cm46dG9waWM6NDlDNUE5QzBFRTJCNEJCNUJFOEMxOEZCODI2ODAxOEY</classCode></classificationItem></classificationItem></classification><classification classificationScheme=\"subject\"><classificationItem score=\"90\"><classCode>N928000CC</classCode><className>INTERNATIONAL RELATIONS &amp; NATIONAL SECURITY</className><classCode/><className/></classificationItem><classificationItem score=\"90\"><classCode>STX001159</classCode><className>MONEY LAUNDERING</className><classCode>Z3VpZD11cm46dG9waWM6QzBDQzA4NEVCN0Q0NEZCRkEwNjY3Qzk3MDA3NzlCMjU7cGFyZW50Z3VpZD11cm46dG9waWM6NkUzNTQ1QUZBM0Y5NDcyQjk4N0I5Mjg0QzU3NDk0MDI</classCode><className>Money Laundering</className></classificationItem><classificationItem score=\"90\"><classCode>STX001996</classCode><className>NATIONAL SECURITY</className><classCode/><className/></classificationItem><classificationItem score=\"89\"><classCode>STX000759</classCode><className>FRAUD &amp; FINANCIAL CRIME</className><classCode/><className/></classificationItem><classificationItem score=\"89\"><classCode>N920000CC</classCode><className>GOVERNMENT &amp; PUBLIC ADMINISTRATION</className><classCode>Z3VpZD11cm46dG9waWM6MjdEQjE4OUJDMzQxNDNEMEI0RTI1QUFCMzJENjEwRTA7cGFyZW50Z3VpZD11cm46dG9waWM6MUFEMUQ2QTA1OUZCNEE5RjkzNTA2RERFMUNEOTk1RTI</classCode><className>Governments</className></classificationItem><classificationItem score=\"89\"><classCode>ST0009FJK</classCode><className>NEGATIVE PERSONAL NEWS</className><classCode/><className/></classificationItem><classificationItem score=\"89\"><classCode>N921100MM</classCode><className>US FEDERAL GOVERNMENT</className><classCode>Z3VpZD11cm46dG9waWM6MkM1MTYwRDE0NkJBNEVFMEIxQjM3RUE2NDRFQUFEODY7cGFyZW50Z3VpZD11cm46dG9waWM6MjdEQjE4OUJDMzQxNDNEMEI0RTI1QUFCMzJENjEwRTA</classCode><className>Federal Government</className></classificationItem><classificationItem score=\"78\"><classCode>ST000D5SG</classCode><className>CORRUPTION</className><classCode/><className/></classificationItem><classificationItem score=\"78\"><classCode>STX001220</classCode><className>NONPROFIT ORGANIZATIONS</className><classCode/><className/></classificationItem><classificationItem score=\"78\"><classCode>ST000DN6R</classCode><className>PUBLIC OFFICIALS</className><classCode/><className/></classificationItem><classificationItem score=\"78\"><classCode>STX001960</classCode><className>PUBLIC POLICY</className><classCode/><className/></classificationItem><classificationItem score=\"77\"><classCode>ST000A7IS</classCode><className>ASSOCIATIONS &amp; ORGANIZATIONS</className><classCode/><className/></classificationItem><classificationItem score=\"77\"><classCode>ST0009FS4</classCode><className>COUNTRY RISK</className><classCode/><className/></classificationItem><classificationItem score=\"77\"><classCode>STX001500</classCode><className>RISK MANAGEMENT</className><classCode/><className/></classificationItem><classificationItem score=\"76\"><classCode>STX001710</classCode><className>TERRORISM</className><classCode>Z3VpZD11cm46dG9waWM6ODg4MDhDQ0I2QkY5NDU2Rjg1RDNEREFBODk1Nzg1QTY7cGFyZW50Z3VpZD11cm46dG9waWM6RjgwNUY4MjJCMTg5NDgzRUJBMDQwNkM4NkUyNTJBMEY</classCode><className>Terrorism</className></classificationItem><classificationItem score=\"73\"><classCode>STX000713</classCode><className>FINANCIAL CRIME COUNTERMEASURES</className><classCode/><className/></classificationItem><classificationItem score=\"68\"><classCode>STX000912</classCode><className>INFECTIOUS DISEASE</className><classCode/><className/></classificationItem><classificationItem score=\"68\"><classCode>ST000DOXW</classCode><className>PANDEMICS</className><classCode/><className/></classificationItem><classificationItem score=\"54\"><classCode>ST000DOTH</classCode><className>COVID-19 CORONAVIRUS</className><classCode/><className/></classificationItem></classification><classification classificationScheme=\"industry\"><classificationItem score=\"77\"><classCode>STX001500</classCode><className>RISK MANAGEMENT</className><classCode/><className/></classificationItem><classificationItem score=\"74\"><classCode>N511000CC</classCode><className>PUBLISHING</className><classCode/><className/></classificationItem></classification><classification classificationScheme=\"city\"><classificationItem score=\"88\"><classCode>GX052</classCode><className>OTTAWA, ON, CANADA</className><classCode/><className/></classificationItem><classificationItem score=\"58\"><classCode>GX060</classCode><className>TORONTO, ON, CANADA</className><classCode/><className/></classificationItem><classificationItem score=\"54\"><classCode>GX476</classCode><className>MANCHESTER, ENGLAND</className><classCode/><className/></classificationItem></classification><classification classificationScheme=\"state\"><classificationItem score=\"58\"><classCode>GS168</classCode><className>BRITISH COLUMBIA, CANADA</className><classCode/><className/></classificationItem><classificationItem score=\"58\"><classCode>GS174</classCode><className>ONTARIO, CANADA</className><classCode/><className/></classificationItem></classification><classification classificationScheme=\"country\"><classificationItem score=\"97\"><classCode>GC339</classCode><className>CANADA</className><classCode/><className/></classificationItem><classificationItem score=\"90\"><classCode>GC571</classCode><className>ESTONIA</className><classCode/><className/></classificationItem><classificationItem score=\"79\"><classCode>GC508</classCode><className>AFGHANISTAN</className><classCode/><className/></classificationItem><classificationItem score=\"79\"><classCode>GC301</classCode><className>AUSTRALIA</className><classCode/><className/></classificationItem><classificationItem score=\"79\"><classCode>GR156</classCode><className>AUSTRALIA &amp; NEW ZEALAND</className><classCode/><className/></classificationItem><classificationItem score=\"79\"><classCode>GC351</classCode><className>NEW ZEALAND</className><classCode/><className/></classificationItem><classificationItem score=\"79\"><classCode>GC329</classCode><className>UNITED KINGDOM</className><classCode/><className/></classificationItem><classificationItem score=\"79\"><classCode>GC343</classCode><className>UNITED STATES</className><classCode/><className/></classificationItem></classification></classificationGroup></metadata></articleDoc></content></entry>"}