{"prediction_class": "Regulatory Breaches Tax Evasion Smuggling of goods", "prediction_score": "0.78", "name": "Manulife", "title": "Insurer's new Ally RMBS fraud suit comes despite temporary stay in similar litigation", "published": "2012-08-01T00:00:00Z", "updated": "2020-11-16T04:17:38Z", "cleaned_article": "[TITLE] Insurer's new Ally RMBS fraud suit comes despite temporary stay in similar litigation [TITLE] \n\nVarious plaintiffs recently stipulated to stays of RMBS-related litigation against ResCap and its affiliates, including parent Ally Financialand various other entities that have not sought bankruptcy protection. Ally is also pursuing a settlement with ResCap that would release it from all existing or potential ResCap-related causes of action brought by third parties. A recently stipulated temporary stay of much of the outstanding RMBS litigation against Ally Financial Inc.and various of its affiliates for the next three months notwithstanding, a group of Manulife Financial Corp. subsidiaries on July 27 filed a federal securities fraud complaint against Ally, certain former Residential Capital LLC executives and unaffiliated investment banking firms. John Hancock Life Insurance Co. (USA) and certain affiliates in the July 27 complaint accused the Ally companies and investment banking firms of common-law fraud and violations of state and federal securities laws in connection with the purchase of an unspecified amount of RMBS from 50 separate issuing trusts between December 2005 and September 2008. The plaintiffs accused all the defendants - none of which appears to be subject to the automatic stay associated with ResCap's Chapter 11 bankruptcy proceedings - of aiding and abetting fraud and negligent misrepresentation. The complaint appears to be the first federal securities fraud suit of its kind filed against Ally companies since ResCap initiated an adversary proceeding May 25 against plaintiffs in 27 other RMBS-related cases, including various life insurers. ResCap sought to extend the automatic stay to enjoin complaints against its officers, directors and nondebtor affiliates based on the company's past issuance and/or sale of RMBS.", "raw_cleaned_article": "<h2>Insurer's new Ally RMBS fraud suit comes despite temporary stay in similar litigation</h2><p>Various plaintiffs recently stipulated to stays of RMBS-related litigation against ResCap and its affiliates, including parent Ally Financialand various other entities that have not sought bankruptcy protection. Ally is also pursuing a settlement with ResCap that would release it from all existing or potential ResCap-related causes of action brought by third parties. <b>A recently stipulated temporary stay of much of the outstanding RMBS litigation against Ally Financial Inc.and various of its affiliates for the next three months notwithstanding, a group of Manulife Financial Corp. subsidiaries on July 27 filed a federal securities fraud complaint against Ally, certain former Residential Capital LLC executives and unaffiliated investment banking firms.</b> John Hancock Life Insurance Co. (USA) and certain affiliates in the July 27 complaint accused the Ally companies and investment banking firms of common-law fraud and violations of state and federal securities laws in connection with the purchase of an unspecified amount of RMBS from 50 separate issuing trusts between December 2005 and September 2008. The plaintiffs accused all the defendants - none of which appears to be subject to the automatic stay associated with ResCap's Chapter 11 bankruptcy proceedings - of aiding and abetting fraud and negligent misrepresentation. The complaint appears to be the first federal securities fraud suit of its kind filed against Ally companies since ResCap initiated an adversary proceeding May 25 against plaintiffs in 27 other RMBS-related cases, including various life insurers. ResCap sought to extend the automatic stay to enjoin complaints against its officers, directors and nondebtor affiliates based on the company's past issuance and/or sale of RMBS.</p>", "original_content": "<entry xmlns=\"http://www.w3.org/2005/Atom\"><id>urn:contentItem:568W-3F91-JDVW-N488-00000-00</id><title>Insurer's new Ally RMBS fraud suit comes despite temporary stay in similar litigation</title><published>2012-08-01T00:00:00Z</published><updated>2020-11-16T04:17:38Z</updated><author><name>LexisNexis</name></author><content type=\"application/xml\"><!--Transformation version 1.23--><articleDoc xmlns=\"\" xmlns:xsi=\"http://www.w3.org/2001/XMLSchema-instance\" xsi:noNamespaceSchemaLocation=\"http://www.lexisnexis.com/xmlschemas/content/public/articledoc/1/\" schemaVersion=\"1.8\" xml:lang=\"en\"><articleDocHead><itemInfo><sourceSectionInfo><positionSection>THE STORM CENTER</positionSection><positionSubsection>Exclusive</positionSubsection></sourceSectionInfo></itemInfo></articleDocHead><nitf:body xmlns:nitf=\"http://iptc.org/std/NITF/2006-10-18/\"><nitf:body.head><nitf:hedline><nitf:hl1>Insurer's new Ally RMBS fraud suit comes despite temporary stay in similar litigation</nitf:hl1></nitf:hedline><nitf:byline><author><person><nameText>Tim Zawacki</nameText></person></author></nitf:byline><highlight><bodyText><p>Various plaintiffs recently stipulated to stays of RMBS-related litigation against ResCap and its affiliates, including parent Ally Financialand various other entities that have not sought bankruptcy protection. Ally is also pursuing a settlement with ResCap that would release it from all existing or potential ResCap-related causes of action brought by third parties.</p></bodyText></highlight></nitf:body.head><nitf:body.content><bodyText><p nitf:lede=\"true\">A recently stipulated temporary stay of much of the outstanding RMBS litigation against Ally Financial Inc.and various of its affiliates for the next three months notwithstanding, a group of Manulife Financial Corp. subsidiaries on July 27 filed a federal securities fraud complaint against Ally, certain former Residential Capital LLC executives and unaffiliated investment banking firms.</p><p nitf:lede=\"true\">John Hancock Life Insurance Co. (USA) and certain affiliates in the July 27 complaint accused the Ally companies and investment banking firms of common-law fraud and violations of state and federal securities laws in connection with the purchase of an unspecified amount of RMBS from 50 separate issuing trusts between December 2005 and September 2008. The plaintiffs accused all the defendants - none of which appears to be subject to the automatic stay associated with ResCap's Chapter 11 bankruptcy proceedings - of aiding and abetting fraud and negligent misrepresentation.</p><p>The complaint appears to be the first federal securities fraud suit of its kind filed against Ally companies since ResCap initiated an adversary proceeding May 25 against plaintiffs in 27 other RMBS-related cases, including various life insurers. ResCap sought to extend the automatic stay to enjoin complaints against its officers, directors and nondebtor affiliates based on the company's past issuance and/or sale of RMBS.</p><p>\"The nondebtor affiliates did not issue the mortgage-backed securities and did not provide any representations or warranties in conjunction with those securities, nor were they responsible for preparing or filing the offering documents accompanying the securitizations,\" ResCap argued in initiating the proceeding in reference to Ally Financial, Ally Bankand certain other companies. Even if ResCap companies were not named as defendants in the complaint, the company argued that having its staff perform discovery or serve as witnesses in third-party litigation would detract from its efforts to reorganize in a timely manner.</p><p>Various RMBS plaintiffs stipulated with ResCap for a temporary stay of their cases, including the pursuit of discovery, through Oct. 31. Included among the stipulating parties were units of Allstate Corp., Federal Home Loan Bank of Boston, Federal Home Loan Bank of Chicago, Federal Home Loan Bank of Indianapolis, Huntington Bancshares Inc. and Massachusetts Mutual Life Insurance Co. as well as monoline representation-and-warranty plaintiffs Financial Guaranty Insurance Co. and Assured Guaranty Ltd. unit Assured Guaranty Municipal Corp. The FDIC, which is pursuing claims against Ally in its role as receiver for several failed banks, also consented to the stipulation, with certain exceptions.</p><p>John Hancock does not reference the stipulation in its suit. It does, however, briefly mention that it must make reference to various debtors in the ResCap bankruptcy proceedings \"due to their involvement in the securitization and sale of Ally-GMAC RMBS.\" Attorneys representing John Hancock - including three of the Grant &amp; Eisenhofer PA lawyers that, along with local counsel in Minnesota, filed the July 27 lawsuit - made an appearance in the ResCap bankruptcy in May.</p><p>ResCap has proposed a settlement of RMBS-related claims with institutional investors as part of its bankruptcy case that would provide certificate holders in participating trusts with an allowed claim of $8.7 billion in exchange for various releases of liability. The company said in May that it had agreed to settle with institutional investors holding more than 25% of at least one class in 293 separate securitizations with an aggregate original principal balance of approximately $164 billion. Another settlement with Ally would release that company from any liability for alleged violations of federal or state securities laws brought by third parties arising from, or related in any way to, ResCap in exchange for a $750 million payment. The John Hancock suit does not appear to make reference to either agreement.</p><p>The insurer is seeking the recovery of an unspecified amount of monetary losses to cover the loss of market value and the lack of principal and interest payments, rescission and recovery of the consideration it paid for the certificates and various other forms of relief. John Hancock claims that the various defendants intentionally marketed and sold defective mortgage loans and misrepresented the actual nature of the collateral underlying the RMBS deals in marketing materials.</p><p>Although the complaint lacks details regarding the size of John Hancock's investments and resulting losses, a review of SNL's insurance investment holdings data offers some anecdotal context. A predecessor company spent $15.2 million in November 2006 to purchase the class II-A-1 certificates of RALI Series 2006-QS18 Trust, a transaction largely backed by low-documentation loans. John Hancock recorded an other-than-temporary impairment of $5.8 million on the certificates in 2009. In a similar scenario, the predecessor company purchased just more than $5 million of the A-10 certificates of RFMSI Series 2006-S3 Trust in April 2006, and John Hancock took an impairment of $4.5 million in 2009.</p><p>\"As a result of the multiple and material misrepresentations contained in the offering documents, plaintiffs have suffered losses on its purchases of certificates,\" John Hancock alleged in the suit. \"As of the filing of this complaint, the mortgage loans in the pools held by the issuing trusts and underlying plaintiffs' certificates have suffered escalating default rates and mounting foreclosures, resulting in across-the-board ratings downgrades and other negative actions by the rating agencies.\"</p><p>On the roster of defendants named by John Hancock are Bruce Paradis, former CEO of ResCap and GMAC-RFC Holding Co. LLC, and James Jones, another former ResCap CEO. Various other signatories to registration statements associated with the disputed RMBS are also named in the complaint, including David Bricker, Kenneth Duncan, Ralph Flees, Jack Katzmark, Lisa Lundsten, Davee Olson, David Walker, Diane Wold and James Young. The investment banking firms named as defendants include units of Bank of America Corp., Barclays Plc, Citigroup Inc., Credit Suisse Group AG, Deutsche Bank AG, Goldman Sachs Group Inc., JPMorgan Chase &amp; Co., Royal Bank of Scotland Group Plc and UBS AG.</p><p>The matter is pending in the U.S. District Court for the District of Minnesota. Court records indicate that summonses were issued July 27.</p></bodyText></nitf:body.content></nitf:body><metadata><dc:metadata xmlns:dc=\"http://purl.org/dc/elements/1.1/\"><dc:identifier identifierScheme=\"DOC-ID\">SNLFIN-15442591</dc:identifier><dc:source sourceScheme=\"royaltyReportingKey\">SNLFIN2012</dc:source><dc:identifier identifierScheme=\"PGUID\">urn:contentItem:568W-3F91-JDVW-N488-00000-00</dc:identifier><dc:source sourceScheme=\"productContentSetIdentifier\">360249</dc:source><dc:date dateType=\"last-updated\">2017-12-21</dc:date></dc:metadata><wordCount number=\"1083\"/><publicationInfo><copyright>Copyright 2012 SNL Financial LC All Rights Reserved</copyright><publicationName>SNL Financial Services Daily</publicationName><publicationDate day=\"01\" month=\"08\" year=\"2012\"><dateText>August 1, 2012 Wednesday</dateText></publicationDate><classification classificationScheme=\"publicationtype\"><classificationItem><className>Newsletter</className></classificationItem></classification><classification classificationScheme=\"publicationtype\"><classificationItem><className>Industry Trade Press</className></classificationItem></classification></publicationInfo><classification classificationScheme=\"language\"><classificationItem classificationScheme=\"lang.english\"><className>ENGLISH</className></classificationItem></classification><classificationGroup classificationScheme=\"indexing-terms\"><classification classificationScheme=\"company\"><classificationItem score=\"95\"><classCode>CC0009QZC</classCode><className>ALLY FINANCIAL INC</className></classificationItem><classificationItem score=\"92\"><classCode>CC0001WGL</classCode><className>MANULIFE FINANCIAL CORP</className></classificationItem><classificationItem score=\"84\"><classCode>CC0002O7Q</classCode><className>ALLSTATE CORP</className></classificationItem><classificationItem score=\"72\"><classCode>CC0009PTQ</classCode><className>JOHN HANCOCK LIFE INSURANCE CO</className></classificationItem><classificationItem score=\"64\"><classCode>CC0009BHD</classCode><className>ASSURED GUARANTY LTD</className></classificationItem><classificationItem score=\"63\"><classCode>CC0002R5T</classCode><className>FEDERAL HOME LOAN BANK OF BOSTON</className></classificationItem><classificationItem score=\"63\"><classCode>CC0001T0F</classCode><className>HUNTINGTON BANCSHARES INC</className></classificationItem><classificationItem score=\"63\"><classCode>CC0005TAJ</classCode><className>FINANCIAL GUARANTY INSURANCE CO</className></classificationItem><classificationItem score=\"63\"><classCode>CC000217N</classCode><className>FEDERAL HOME LOAN BANK OF CHICAGO</className></classificationItem><classificationItem score=\"63\"><classCode>CC0002OEV</classCode><className>MASSACHUSETTS MUTUAL LIFE INSURANCE CO</className></classificationItem><classificationItem score=\"63\"><classCode>CC0001ZHN</classCode><className>FEDERAL HOME LOAN BANK OF INDIANAPOLIS</className></classificationItem><classificationItem score=\"62\"><classCode>CC0001V1J</classCode><className>FEDERAL DEPOSIT INSURANCE CORP</className></classificationItem><classificationItem score=\"60\"><classCode>CC000AV9W</classCode><className>GRANT &amp; EISENHOFER PA</className></classificationItem></classification><classification classificationScheme=\"ticker\"><classificationItem score=\"95\"><className>ALLY (NYSE)</className></classificationItem><classificationItem score=\"92\"><className>MFC (TSX)</className></classificationItem><classificationItem score=\"92\"><className>MFC (NYSE)</className></classificationItem><classificationItem score=\"92\"><className>0945 (HKSE)</className></classificationItem><classificationItem score=\"84\"><className>ALL (NYSE)</className></classificationItem><classificationItem score=\"64\"><className>AGO (NYSE)</className></classificationItem><classificationItem score=\"63\"><className>HBAN (NASDAQ)</className></classificationItem></classification></classificationGroup><classificationGroup classificationScheme=\"licensor.indexing-terms\"><classification classificationScheme=\"licensor.subject\"><classificationItem><className>Civil/ Criminal Legal Action</className></classificationItem></classification></classificationGroup><classificationGroup classificationScheme=\"indexing-terms\"><classification classificationScheme=\"legal\"><classificationItem><className>Banking Law</className><classCode>Z3VpZD11cm46dG9waWM6QjQyMUFCOUJBNURBNEFDREE3MTNCNDk5QkQ4NUM3RjI7cGFyZW50Z3VpZD0</classCode><classificationItem score=\"50\"><className>Mortgage Backed Securities</className><classCode>Z3VpZD11cm46dG9waWM6QzRDODNDODBBRDgxNEI2QUE2MEE4MzgwNEZEMTE5QUY7cGFyZW50Z3VpZD11cm46dG9waWM6NjlBQTU5MTkxOTg5NDUxN0IzOUU0MEY0Q0NBNDM4NzA</classCode></classificationItem><classificationItem score=\"50\"><className>Supervision of Troubled or Failing Financial Institutions</className><classCode>Z3VpZD11cm46dG9waWM6RTQwMjJEMThEMzk5NEEyOUFCOTZFODc1MEUyODgzQTM7cGFyZW50Z3VpZD11cm46dG9waWM6MEYzNTBDMDYwNTkyNDUyODlGQTJEMEQyMTZDOEE0MkY</classCode></classificationItem><classificationItem score=\"50\"><className>US Federal Home Loan Bank System</className><classCode>Z3VpZD11cm46dG9waWM6NjBDRkE2QTYxNzM0NEQ3Mzg0QkM1QTdDNDgwMzEzQjY7cGFyZW50Z3VpZD11cm46dG9waWM6MTEzMzQzODVBMzEzNDczMEE1ODM5N0REMTc3QzFDMkI</classCode></classificationItem></classificationItem><classificationItem><className>Bankruptcy Law</className><classCode>Z3VpZD11cm46dG9waWM6RDJGRTFGMTM4NkMwNDhEMEE5NUU0QUZCN0QyMjlEREY7cGFyZW50Z3VpZD0</classCode><classificationItem score=\"59\"><className>General Overview</className><classCode>Z3VpZD11cm46dG9waWM6QTQ2ODdCMjEwNkZDNDVDMEJDOUIwMzA3MjJEMDkxRDY7cGFyZW50Z3VpZD11cm46dG9waWM6MjZBRTg4ODgxRjA0NENFRkE1RDRDNDZBRDU2NTEzRDg</classCode></classificationItem></classificationItem><classificationItem><className>Business &amp; Corporate Compliance</className><classCode>Z3VpZD11cm46dG9waWM6MUFEMUQ2QTA1OUZCNEE5RjkzNTA2RERFMUNEOTk1RTI7cGFyZW50Z3VpZD0</classCode><classificationItem score=\"50\"><className>Securities Fraud</className><classCode>Z3VpZD11cm46dG9waWM6QkEyMkY0M0Y2NTA3NDE5QjkxMzg2Njk2RjAyMTNGNEQ7cGFyZW50Z3VpZD11cm46dG9waWM6RkFFMTQ3ODhCRDYyNDkyN0IwQkEyQzRCRDlFMEM5ODc</classCode></classificationItem><classificationItem score=\"50\"><className>Supervision of Troubled or Failing Financial Institutions</className><classCode>Z3VpZD11cm46dG9waWM6RTQwMjJEMThEMzk5NEEyOUFCOTZFODc1MEUyODgzQTM7cGFyZW50Z3VpZD11cm46dG9waWM6MEYzNTBDMDYwNTkyNDUyODlGQTJEMEQyMTZDOEE0MkY</classCode></classificationItem><classificationItem score=\"50\"><className>US Federal Home Loan Bank System</className><classCode>Z3VpZD11cm46dG9waWM6NjBDRkE2QTYxNzM0NEQ3Mzg0QkM1QTdDNDgwMzEzQjY7cGFyZW50Z3VpZD11cm46dG9waWM6MTEzMzQzODVBMzEzNDczMEE1ODM5N0REMTc3QzFDMkI</classCode></classificationItem></classificationItem><classificationItem><className>Criminal Law &amp; Procedure</className><classCode>Z3VpZD11cm46dG9waWM6NEU0RkE1OUQwNUQwNDgxODhEODZCMjkzOTg3NThBNzk7cGFyZW50Z3VpZD0</classCode><classificationItem score=\"50\"><className>Securities Fraud</className><classCode>Z3VpZD11cm46dG9waWM6QkEyMkY0M0Y2NTA3NDE5QjkxMzg2Njk2RjAyMTNGNEQ7cGFyZW50Z3VpZD11cm46dG9waWM6NjY5RDJFRkEwRDgwNEFCOEIzQ0Y5RTUzQ0Y4MDZENzg</classCode></classificationItem></classificationItem><classificationItem><className>Insurance Law</className><classCode>Z3VpZD11cm46dG9waWM6MDM4MzQ2QUYzMTY0NDQzQTkxRDQwRUUzRUM5RDg0OEM7cGFyZW50Z3VpZD0</classCode><classificationItem score=\"80\"><className>General Overview</className><classCode>Z3VpZD11cm46dG9waWM6NURCMkIyODk4NDUwNDQ2NkE3RkQ0Qzg3RUVCOENGQUE7cGFyZW50Z3VpZD11cm46dG9waWM6QTA3MzFBREE5RDkxNEIyNkExMzYyNTkwMEI4ODA2MTQ</classCode></classificationItem></classificationItem><classificationItem><className>Securities Law</className><classCode>Z3VpZD11cm46dG9waWM6RkFFMTQ3ODhCRDYyNDkyN0IwQkEyQzRCRDlFMEM5ODc7cGFyZW50Z3VpZD0</classCode><classificationItem score=\"50\"><className>Connection Requirement</className><classCode>Z3VpZD11cm46dG9waWM6Nzg0NDM0MDFGMTJENEI3RkJCNDA1NkRCNDIzODUxMkM7cGFyZW50Z3VpZD11cm46dG9waWM6OTQ3MEUxRDc3RDk2NEUwNUE5Mjg3NDY2OTQxMjRCQjk</classCode></classificationItem></classificationItem></classification><classification classificationScheme=\"subject\"><classificationItem score=\"91\"><classCode>STX000759</classCode><className>FRAUD &amp; FINANCIAL CRIME</className><classCode/><className/></classificationItem><classificationItem score=\"90\"><classCode>STX001040</classCode><className>LITIGATION</className><classCode/><className/></classificationItem><classificationItem score=\"89\"><classCode>STX000166</classCode><className>INSOLVENCY &amp; BANKRUPTCY</className><classCode/><className/></classificationItem><classificationItem score=\"78\"><classCode>STX000235</classCode><className>BUSINESS TORTS</className><classCode>Z3VpZD11cm46dG9waWM6MjAyNjRCMUE5MjRBNDVFNkFFMEQ0OTA3MEZDQTE5MUM7cGFyZW50Z3VpZD11cm46dG9waWM6MDAwOEM2NTEzQkVDNEI4NzlGMEZERUEyRjQwODM4Njg</classCode><className>Business Torts</className></classificationItem><classificationItem score=\"78\"><classCode>STX001203</classCode><className>NEGLIGENCE</className><classCode>Z3VpZD11cm46dG9waWM6MkQ0N0ZEM0IzRjhBNEZCODgxMjBBMDI5MTZBOTFDNTM7cGFyZW50Z3VpZD11cm46dG9waWM6MDAwOEM2NTEzQkVDNEI4NzlGMEZERUEyRjQwODM4Njg</classCode><className>Negligence</className></classificationItem><classificationItem score=\"78\"><classCode>N926150GC</classCode><className>BANKING &amp; FINANCE REGULATION</className><classCode/><className/></classificationItem><classificationItem score=\"78\"><classCode>STX001648</classCode><className>SUITS &amp; CLAIMS</className><classCode/><className/></classificationItem><classificationItem score=\"77\"><classCode>ST0009FYM</classCode><className>US STATE SECURITIES REGULATION</className><classCode>Z3VpZD11cm46dG9waWM6NUVEMzEzOENBNTZGNDQ1RThEODQzODc2ODY3NDhDNDY7cGFyZW50Z3VpZD11cm46dG9waWM6RkFFMTQ3ODhCRDYyNDkyN0IwQkEyQzRCRDlFMEM5ODc</classCode><className>Blue Sky Laws</className></classificationItem><classificationItem score=\"77\"><classCode>ST000A5OF</classCode><className>US CHAPTER 11 BANKRUPTCY</className><classCode>Z3VpZD11cm46dG9waWM6Q0EzRUQ4NDQ0QjhDNDc2QzgwQkY3OUQyQzkzNDZGNEI7cGFyZW50Z3VpZD11cm46dG9waWM6RDJGRTFGMTM4NkMwNDhEMEE5NUU0QUZCN0QyMjlEREY</classCode><className>Reorganizations</className></classificationItem><classificationItem score=\"77\"><classCode>N926150GM</classCode><className>SECURITIES LAW</className><classCode>Z3VpZD11cm46dG9waWM6RkFFMTQ3ODhCRDYyNDkyN0IwQkEyQzRCRDlFMEM5ODc7cGFyZW50Z3VpZD11cm46dG9waWM6MUFEMUQ2QTA1OUZCNEE5RjkzNTA2RERFMUNEOTk1RTI</classCode><className>Securities</className></classificationItem><classificationItem score=\"76\"><classCode>N541110GM</classCode><className>LAWYERS</className><classCode/><className/></classificationItem><classificationItem score=\"76\"><classCode>STX000228</classCode><className>BUSINESS INSOLVENCY &amp; BANKRUPTCY</className><classCode/><className/></classificationItem><classificationItem score=\"73\"><classCode>ST000D43B</classCode><className>BUSINESS CLOSINGS</className><classCode/><className/></classificationItem></classification><classification classificationScheme=\"industry\"><classificationItem score=\"90\"><classCode>ST0009RX6</classCode><classCode/><className/></classificationItem><classificationItem score=\"90\"><classCode>N520000CC</classCode><className>BANKING &amp; FINANCE</className><classCode/><className/></classificationItem><classificationItem score=\"90\"><classCode>N522294MG</classCode><className>MORTGAGE BACKED SECURITIES</className><classCode>Z3VpZD11cm46dG9waWM6QzRDODNDODBBRDgxNEI2QUE2MEE4MzgwNEZEMTE5QUY7cGFyZW50Z3VpZD11cm46dG9waWM6NjlBQTU5MTkxOTg5NDUxN0IzOUU0MEY0Q0NBNDM4NzA</classCode><className>Mortgage Backed Securities</className></classificationItem><classificationItem score=\"89\"><classCode>N522294GM</classCode><className>FEDERAL HOME LOAN BANKS</className><classCode/><className/></classificationItem><classificationItem score=\"89\"><classCode>STX001033</classCode><className>LIFE INSURANCE</className><classCode>Z3VpZD11cm46dG9waWM6MzFEOTQ4RjM2RDk4NDJDNEJERDY1NjREOEVGMTRCOTA7cGFyZW50Z3VpZD11cm46dG9waWM6NTUxRjY2QkZCMjhBNDJENTg2QzJGQUQ1MTAyMEI5RkI</classCode><className>Life Insurance</className></classificationItem><classificationItem score=\"89\"><classCode>N523110EC</classCode><className>INVESTMENT BANKING</className><classCode/><className/></classificationItem><classificationItem score=\"89\"><classCode>STX002011</classCode><className>MORTGAGE BANKING</className><classCode/><className/></classificationItem><classificationItem score=\"89\"><classCode>ST0009Y2D</classCode><className>SECURITIZATION</className><classCode/><className/></classificationItem><classificationItem score=\"78\"><classCode>N926150GC</classCode><className>BANKING &amp; FINANCE REGULATION</className><classCode/><className/></classificationItem><classificationItem score=\"77\"><classCode>ST0009FYM</classCode><className>US STATE SECURITIES REGULATION</className><classCode>Z3VpZD11cm46dG9waWM6NUVEMzEzOENBNTZGNDQ1RThEODQzODc2ODY3NDhDNDY7cGFyZW50Z3VpZD11cm46dG9waWM6RkFFMTQ3ODhCRDYyNDkyN0IwQkEyQzRCRDlFMEM5ODc</classCode><className>Blue Sky Laws</className></classificationItem><classificationItem score=\"77\"><classCode>N926150GM</classCode><className>SECURITIES LAW</className><classCode>Z3VpZD11cm46dG9waWM6RkFFMTQ3ODhCRDYyNDkyN0IwQkEyQzRCRDlFMEM5ODc7cGFyZW50Z3VpZD11cm46dG9waWM6MUFEMUQ2QTA1OUZCNEE5RjkzNTA2RERFMUNEOTk1RTI</classCode><className>Securities</className></classificationItem><classificationItem score=\"76\"><classCode>ST0009ZQA</classCode><className>BANK DEPOSIT INSURANCE</className><classCode>Z3VpZD11cm46dG9waWM6MjJBRTUzNkU0MEY4NDNFMkJCN0RDNjFFREJCNzFCMzM7cGFyZW50Z3VpZD11cm46dG9waWM6NTlEOTlBRENDOEEzNDYxMEI5NUUwOTFERDE3QjhGRDY</classCode><className>Deposit Insurance</className></classificationItem><classificationItem score=\"76\"><classCode>ST000A2VZ</classCode><classCode/><className/></classificationItem><classificationItem score=\"76\"><classCode>N524000CC</classCode><className>INSURANCE</className><classCode/><className/></classificationItem><classificationItem score=\"76\"><classCode>STX000162</classCode><className>BANK FAILURES</className><classCode/><className/></classificationItem><classificationItem score=\"76\"><classCode>ST0008WU4</classCode><className>FINANCIAL GUARANTY INSURANCE</className><classCode>Z3VpZD11cm46dG9waWM6ODY3QTMyOTQ0Qjc0NDA2MUJDODQ3N0ZFQ0QxOUU1RDU7cGFyZW50Z3VpZD11cm46dG9waWM6OTVENjU3OTYxOUIxNDA5REFDODZCMDI0NkRDNEEzMUM</classCode><className>Guaranty Insurance</className></classificationItem><classificationItem score=\"76\"><classCode>N541110GM</classCode><className>LAWYERS</className><classCode/><className/></classificationItem></classification><classification classificationScheme=\"city\"><classificationItem score=\"79\"><classCode>GX567</classCode><className>BOSTON, MA, USA</className><classCode/><className/></classificationItem><classificationItem score=\"77\"><classCode>GX560</classCode><className>INDIANAPOLIS, IN, USA</className><classCode/><className/></classificationItem></classification><classification classificationScheme=\"state\"><classificationItem score=\"79\"><classCode>GS139</classCode><className>MINNESOTA, USA</className><classCode/><className/></classificationItem><classificationItem score=\"77\"><classCode>GS137</classCode><className>MASSACHUSETTS, USA</className><classCode/><className/></classificationItem></classification></classificationGroup></metadata></articleDoc></content></entry>"}