{"prediction_class": "Money laundering", "prediction_score": "1.0", "name": "Manulife", "title": "Canada's Manulife victim of fraud by Indonesian ex-partners: Bankrupt local congomerates find ways to keep 'assets'", "published": "2001-04-24T00:00:00Z", "updated": "2020-11-16T03:47:31Z", "cleaned_article": "[TITLE] Canada's Manulife victim of fraud by Indonesian ex-partners: Bankrupt local congomerates find ways to keep 'assets' [TITLE] \n\nManulife, Canada's world-class international insurance and investment house, has been the target of a massive fraud by its former partners in Indonesia which has even seen the company's vice-president in Jakarta falsely detained by local police.It took a \"concerned\" letter from Prime Minister Jean Chretien to Indonesian president Abdurrahman Wahid to get Manulife's local vice-president, Adi Purnomo Wijaya, released from five weeks police detention.The situation between Manulife and its former partner, a typical Asian family conglomerate controlled by patriarch Suhargo Gondokusumo, became so tense that bodyguards had to be hired for Manulife's president of Indonesian operations, Philip Hampden-Smith, after threats by a machete-wielding man to his wife and one-year-old son.The Manulife case has become a litmus test for the survival of Wahid's 17-month-old government, and whether this country of over 200 million people and bounteous resources can attract any foreign investment. Vancouver Sun; Southam Newspapers \"A lot of people come through here wanting to set up business,\" Hampden-Smith said in Jakarta recently. \"They all say to me, 'We think there are great opportunities here, but until your case is sorted out, forget it.' \"The Manulife incident is also a major cause for the International Monetary Fund stalling a $400 million US economic recovery loan and the World Bank to put a similar block on $300 million US aimed at poverty alleviation. Behind all this is the failure of the new administration to sort out the rubble left by the collapse of the Indonesian economy in 1997 and the ousting of the corrupt regime of former dictator president Suharto.The Manulife case is a textbook example of how local, usually family-controlled conglomerates, which were technically bankrupt following the 1997 crisis, are using government ineptitude, cronyism and shadowy off-shore subsidiaries in money-laundering centres to try to keep control of their assets.Thirteen years ago Manulife went into partnership with Dharmala Sakti Sejathera (DSS), run by Suyanto Gondokusumo, son of the family patriarch. \"In hindsight many people have said to me, including Indonesians, 'Why did you hook up with Dharmala? They are the worst of the worst.' But for 13 years we never had any question about them. They were silent partners,\" Hampton-Smith said. The first public sign of trouble ahead came in June last year when a Jakarta commercial court declared DSS bankrupt, one of the few times a local debtor has lost in an Indonesian court.A court-appointed receiver was assigned to sell the DSS assets to reimburse creditors. The situation was still retrievable for Manulife and in the auction of DSS assets in October the Canadian company was the only bidder, $18 million US, for its partner's 40 per cent stake in the joint venture. Then the weirdness began. Just as the auction was being completed a lawyer, Syamsul Arif, jumped up, brandished a share certificate and declared that the sale was illegal. The lawyer said the 40 per cent stake didn't belong to DSS because it had been bought by his clients, a British Virgin Islands-registered company called Roman Gold Assets. [...] \n\nHampden-Smith says the issue is not the money: $18 million US is small change by the company's standards. \"This is a rule of law issue. What can you do if there is no rule of law?\" he said. Despite a now huge body of evidence that the Gondokusumo family attempted to fraudulently hold on to their Manulife assets, control of the situation remains in the hands of the national police, who show no signs of letting up on their investigation of the Canadian side of the partnership or of releasing the $18 million US.Manulife's Hampden Smith says the issue is not the money: $18 million US is small change by the company's standards. \"Normally, if you are hit by corruption you can go to the police or the courts in an attempt to get justice, but in this case you can't do that.\"", "raw_cleaned_article": "<h2>Canada's Manulife victim of fraud by Indonesian ex-partners: Bankrupt local congomerates find ways to keep 'assets'</h2><p><b>Manulife, Canada's world-class international insurance and investment house, has been the target of a massive fraud by its former partners in Indonesia which has even seen the company's vice-president in Jakarta falsely detained by local police.</b><b>It took a \"concerned\" letter from Prime Minister Jean Chretien to Indonesian president Abdurrahman Wahid to get Manulife's local vice-president, Adi Purnomo Wijaya, released from five weeks police detention.</b><b>The situation between Manulife and its former partner, a typical Asian family conglomerate controlled by patriarch Suhargo Gondokusumo, became so tense that bodyguards had to be hired for Manulife's president of Indonesian operations, Philip Hampden-Smith, after threats by a machete-wielding man to his wife and one-year-old son.</b><b>The Manulife case has become a litmus test for the survival of Wahid's 17-month-old government, and whether this country of over 200 million people and bounteous resources can attract any foreign investment.</b> Vancouver Sun; Southam Newspapers \"A lot of people come through here wanting to set up business,\" Hampden-Smith said in Jakarta recently. \"They all say to me, 'We think there are great opportunities here, but until your case is sorted out, forget it.' \"<b>The Manulife incident is also a major cause for the International Monetary Fund stalling a $400 million US economic recovery loan and the World Bank to put a similar block on $300 million US aimed at poverty alleviation.</b> Behind all this is the failure of the new administration to sort out the rubble left by the collapse of the Indonesian economy in 1997 and the ousting of the corrupt regime of former dictator president Suharto.<b>The Manulife case is a textbook example of how local, usually family-controlled conglomerates, which were technically bankrupt following the 1997 crisis, are using government ineptitude, cronyism and shadowy off-shore subsidiaries in money-laundering centres to try to keep control of their assets.</b><b>Thirteen years ago Manulife went into partnership with Dharmala Sakti Sejathera (DSS), run by Suyanto Gondokusumo, son of the family patriarch.</b> \"In hindsight many people have said to me, including Indonesians, 'Why did you hook up with Dharmala? They are the worst of the worst.' But for 13 years we never had any question about them. They were silent partners,\" Hampton-Smith said. The first public sign of trouble ahead came in June last year when a Jakarta commercial court declared DSS bankrupt, one of the few times a local debtor has lost in an Indonesian court.<b>A court-appointed receiver was assigned to sell the DSS assets to reimburse creditors. The situation was still retrievable for Manulife and in the auction of DSS assets in October the Canadian company was the only bidder, $18 million US, for its partner's 40 per cent stake in the joint venture. Then the weirdness began.</b> Just as the auction was being completed a lawyer, Syamsul Arif, jumped up, brandished a share certificate and declared that the sale was illegal. The lawyer said the 40 per cent stake didn't belong to DSS because it had been bought by his clients, a British Virgin Islands-registered company called Roman Gold Assets.</p><p>[...]</p><p>Hampden-Smith says the issue is not the money: $18 million US is small change by the company's standards. \"This is a rule of law issue. What can you do if there is no rule of law?\" he said. <b>Despite a now huge body of evidence that the Gondokusumo family attempted to fraudulently hold on to their Manulife assets, control of the situation remains in the hands of the national police, who show no signs of letting up on their investigation of the Canadian side of the partnership or of releasing the $18 million US.</b></p><p>[...]</p><p>Hampden-Smith says the issue is not the money: $18 million US is small change by the company's standards. \"This is a rule of law issue. What can you do if there is no rule of law?\" he said. <b>Manulife's Hampden Smith says the issue is not the money: $18 million US is small change by the company's standards.</b> \"Normally, if you are hit by corruption you can go to the police or the courts in an attempt to get justice, but in this case you can't do that.\"</p>", "original_content": "<entry xmlns=\"http://www.w3.org/2005/Atom\"><id>urn:contentItem:45HN-N650-003N-11HY-00000-00</id><title>Canada's Manulife victim of fraud by Indonesian ex-partners: Bankrupt local congomerates find ways to keep 'assets'</title><published>2001-04-24T00:00:00Z</published><updated>2020-11-16T03:47:31Z</updated><author><name>LexisNexis</name></author><content type=\"application/xml\"><!--Transformation version 1.23--><articleDoc xmlns=\"\" xmlns:xsi=\"http://www.w3.org/2001/XMLSchema-instance\" xsi:noNamespaceSchemaLocation=\"http://www.lexisnexis.com/xmlschemas/content/public/articledoc/1/\" schemaVersion=\"1.8\" xml:lang=\"en\"><articleDocHead><itemInfo><sourceSectionInfo><positionSection>Business; Pg. F7</positionSection></sourceSectionInfo><nitf:fixture xmlns:nitf=\"http://iptc.org/std/NITF/2006-10-18/\">Business</nitf:fixture></itemInfo></articleDocHead><nitf:body xmlns:nitf=\"http://iptc.org/std/NITF/2006-10-18/\"><nitf:body.head><nitf:hedline><nitf:hl1>Canada's Manulife victim of fraud by Indonesian ex-partners: Bankrupt local congomerates find ways to keep 'assets'</nitf:hl1></nitf:hedline><nitf:byline>Jonathan Manthorpe</nitf:byline></nitf:body.head><nitf:body.content><bodyText><p>Manulife, Canada's world-class international insurance and investment house, has been the target of a massive fraud by its former partners in Indonesia which has even seen the company's vice-president in Jakarta falsely detained by local police.</p><p nitf:lede=\"true\">It took a \"concerned\" letter from Prime Minister Jean Chretien to Indonesian president Abdurrahman Wahid to get Manulife's local vice-president, Adi Purnomo Wijaya, released from five weeks police detention.</p><p nitf:lede=\"true\">The situation between Manulife and its former partner, a typical Asian family conglomerate controlled by patriarch Suhargo Gondokusumo, became so tense that bodyguards had to be hired for Manulife's president of Indonesian operations, Philip Hampden-Smith, after threats by a machete-wielding man to his wife and one-year-old son.</p><p nitf:lede=\"true\">The Manulife case has become a litmus test for the survival of Wahid's 17-month-old government, and whether this country of over 200 million people and bounteous resources can attract any foreign investment.</p><section sectionType=\"source\"><bodyText><p>Vancouver Sun; Southam Newspapers</p></bodyText></section><p>\"A lot of people come through here wanting to set up business,\" Hampden-Smith said in Jakarta recently. \"They all say to me, 'We think there are great opportunities here, but until your case is sorted out, forget it.' \"</p><p>The Manulife incident is also a major cause for the International Monetary Fund stalling a $400 million US economic recovery loan and the World Bank to put a similar block on $300 million US aimed at poverty alleviation.</p><p>Behind all this is the failure of the new administration to sort out the rubble left by the collapse of the Indonesian economy in 1997 and the ousting of the corrupt regime of former dictator president Suharto.</p><p>The Manulife case is a textbook example of how local, usually family-controlled conglomerates, which were technically bankrupt following the 1997 crisis, are using government ineptitude, cronyism and shadowy off-shore subsidiaries in money-laundering centres to try to keep control of their assets.</p><p>Thirteen years ago Manulife went into partnership with Dharmala Sakti Sejathera (DSS), run by Suyanto Gondokusumo, son of the family patriarch.</p><p>\"In hindsight many people have said to me, including Indonesians, 'Why did you hook up with Dharmala? They are the worst of the worst.' But for 13 years we never had any question about them. They were silent partners,\" Hampton-Smith said.</p><p>The first public sign of trouble ahead came in June last year when a Jakarta commercial court declared DSS bankrupt, one of the few times a local debtor has lost in an Indonesian court.</p><p>A court-appointed receiver was assigned to sell the DSS assets to reimburse creditors. The situation was still retrievable for Manulife and in the auction of DSS assets in October the Canadian company was the only bidder, $18 million US, for its partner's 40 per cent stake in the joint venture. Then the weirdness began.</p><p>Just as the auction was being completed a lawyer, Syamsul Arif, jumped up, brandished a share certificate and declared that the sale was illegal.</p><p>The lawyer said the 40 per cent stake didn't belong to DSS because it had been bought by his clients, a British Virgin Islands-registered company called Roman Gold Assets.</p><p>Jakarta police eventually seized the $18 million. Much has been made by the local media in Indonesia that the national police chief, Gen. Suroyo Bimantoro, is an old friend of the Gondokusumo family.</p><p>Hampden-Smith says the issue is not the money: $18 million US is small change by the company's standards. \"This is a rule of law issue. What can you do if there is no rule of law?\" he said.</p><p>Despite a now huge body of evidence that the Gondokusumo family attempted to fraudulently hold on to their Manulife assets, control of the situation remains in the hands of the national police, who show no signs of letting up on their investigation of the Canadian side of the partnership or of releasing the $18 million US.</p><p>Manulife's Hampden Smith says the issue is not the money: $18 million US is small change by the company's standards.</p><p>\"This is a rule of law issue. What can you do if there is no rule of law?\" he said.</p><p>\"Normally, if you are hit by corruption you can go to the police or the courts in an attempt to get justice, but in this case you can't do that.\"</p><p>\"We've tried all along to find this fine balance between getting justice and saying that we still believe in Indonesia, which we do strongly.\"</p></bodyText></nitf:body.content></nitf:body><metadata><dc:metadata xmlns:dc=\"http://purl.org/dc/elements/1.1/\"><dc:source sourceScheme=\"royaltyReportingKey\">EDMJNL2001</dc:source><dc:identifier identifierScheme=\"PGUID\">urn:contentItem:45HN-N650-003N-11HY-00000-00</dc:identifier><dc:source sourceScheme=\"productContentSetIdentifier\">249779</dc:source><dc:date dateType=\"last-updated\">2016-01-27</dc:date></dc:metadata><wordCount number=\"739\"/><publicationInfo><publicationName>Edmonton Journal (Alberta)</publicationName><copyright>Copyright 2001 CanWest Interactive, a division of CanWest Global Communications Corp. All Rights Reserved</copyright><publicationDate month=\"04\" day=\"24\" year=\"2001\"><dateText>April 24, 2001 Tuesday Final Edition</dateText></publicationDate></publicationInfo><classification classificationScheme=\"language\"><classificationItem><className>ENGLISH</className></classificationItem></classification><classificationGroup classificationScheme=\"indexing-terms\"><classification classificationScheme=\"company\"><classificationItem score=\"92\"><className>MANULIFE FINANCIAL CORP\u00a0</className></classificationItem></classification><classification classificationScheme=\"organization\"><classificationItem score=\"54\"><className>INTERNATIONAL MONETARY FUND \u00a0</className></classificationItem><classificationItem score=\"54\"><className>\u00a0INTERNATIONAL MONETARY FUND\u00a0</className></classificationItem></classification><classification classificationScheme=\"ticker\"><classificationItem score=\"92\"><className>MFC (TSX)\u00a0</className></classificationItem><classificationItem score=\"92\"><className>\u00a0MFC (NYSE)\u00a0</className></classificationItem><classificationItem score=\"92\"><className>\u00a00945 (HKSE)\u00a0</className></classificationItem></classification><classification classificationScheme=\"industry\"><classificationItem score=\"92\"><className>NAICS524130 REINSURANCE CARRIERS\u00a0</className></classificationItem><classificationItem score=\"92\"><className>\u00a0NAICS524114 DIRECT HEALTH &amp; MEDICAL INSURANCE CARRIERS\u00a0</className></classificationItem><classificationItem score=\"92\"><className>\u00a0NAICS524113 DIRECT LIFE INSURANCE CARRIERS\u00a0</className></classificationItem><classificationItem score=\"92\"><className>\u00a0NAICS522292 REAL ESTATE CREDIT\u00a0</className></classificationItem><classificationItem score=\"92\"><className>\u00a0SIC6321 ACCIDENT &amp; HEALTH INSURANCE\u00a0</className></classificationItem><classificationItem score=\"92\"><className>\u00a0SIC6311 LIFE INSURANCE\u00a0</className></classificationItem><classificationItem score=\"92\"><className>\u00a0SIC6162 MORTGAGE BANKERS &amp; LOAN CORRESPONDENTS\u00a0</className></classificationItem></classification></classificationGroup><classificationGroup classificationScheme=\"licensor.indexing-terms\"><classification classificationScheme=\"licensor.subject\"><classificationItem><className>INSURANCE INDUSTRY; INDONESIA; FOREIGN INVESTMENT; CANADIAN BUSINESSES; FRAUD; STOCKS; INVESTIGATIONS</className></classificationItem></classification><classification classificationScheme=\"licensor.company\"><classificationItem><className>MANULIFE</className></classificationItem></classification></classificationGroup><classificationGroup classificationScheme=\"indexing-terms\"><classification classificationScheme=\"subject\"><classificationItem score=\"90\"><classCode>STX001932</classCode><className>CRIME, LAW ENFORCEMENT &amp; CORRECTIONS</className><classCode/><className/></classificationItem><classificationItem score=\"90\"><classCode>STX000749</classCode><className>FOREIGN INVESTMENT</className><classCode/><className/></classificationItem><classificationItem score=\"90\"><classCode>ST0009FJK</classCode><className>NEGATIVE PERSONAL NEWS</className><classCode/><className/></classificationItem><classificationItem score=\"89\"><classCode>STX000691</classCode><className>FAMILY</className><classCode/><className/></classificationItem><classificationItem score=\"89\"><classCode>STX000759</classCode><className>FRAUD &amp; FINANCIAL CRIME</className><classCode/><className/></classificationItem><classificationItem score=\"89\"><classCode>N921110CC</classCode><className>HEADS OF STATE &amp; GOVERNMENT</className><classCode/><className/></classificationItem><classificationItem score=\"89\"><classCode>STX000166</classCode><className>INSOLVENCY &amp; BANKRUPTCY</className><classCode/><className/></classificationItem><classificationItem score=\"89\"><classCode>STX001110</classCode><className>MEN</className><classCode/><className/></classificationItem><classificationItem score=\"78\"><classCode>STX001925</classCode><className>BUSINESS OPERATIONS</className><classCode/><className/></classificationItem><classificationItem score=\"78\"><classCode>ST000D5SG</classCode><className>CORRUPTION</className><classCode/><className/></classificationItem><classificationItem score=\"78\"><classCode>ST000D4JV</classCode><className>CRIMINAL INVESTIGATIONS</className><classCode/><className/></classificationItem><classificationItem score=\"78\"><classCode>STX000484</classCode><className>DEVELOPMENT BANKS</className><classCode/><className/></classificationItem><classificationItem score=\"78\"><classCode>ST0008X0S</classCode><className>ECONOMIC RECOVERY</className><classCode/><className/></classificationItem><classificationItem score=\"78\"><classCode>STX000591</classCode><className>EMERGING MARKETS</className><classCode/><className/></classificationItem><classificationItem score=\"78\"><classCode>ST0009SR8</classCode><className>FAMILY COMPANIES</className><classCode/><className/></classificationItem><classificationItem score=\"78\"><classCode>STX000969</classCode><className>INVESTIGATIONS</className><classCode/><className/></classificationItem><classificationItem score=\"78\"><classCode>STX001970</classCode><className>TRENDS &amp; EVENTS</className><classCode/><className/></classificationItem><classificationItem score=\"76\"><classCode>ST000A51F</classCode><className>ECONOMIC CRISIS</className><classCode/><className/></classificationItem><classificationItem score=\"76\"><classCode>STX001937</classCode><className>ECONOMY &amp; ECONOMIC INDICATORS</className><classCode/><className/></classificationItem><classificationItem score=\"75\"><classCode>STX000129</classCode><className>AUCTIONS</className><classCode/><className/></classificationItem><classificationItem score=\"75\"><classCode>ST0009EVK</classCode><className>MEDICINE &amp; HEALTH</className><classCode/><className/></classificationItem><classificationItem score=\"73\"><classCode>STX001159</classCode><className>MONEY LAUNDERING</className><classCode>Z3VpZD11cm46dG9waWM6QzBDQzA4NEVCN0Q0NEZCRkEwNjY3Qzk3MDA3NzlCMjU7cGFyZW50Z3VpZD11cm46dG9waWM6NkUzNTQ1QUZBM0Y5NDcyQjk4N0I5Mjg0QzU3NDk0MDI</classCode><className>Money Laundering</className></classificationItem><classificationItem score=\"72\"><classCode>N922120QM</classCode><className>POLICE FORCES</className><classCode/><className/></classificationItem><classificationItem score=\"72\"><classCode>ST0009EOQ</classCode><className>PRIME MINISTERS</className><classCode/><className/></classificationItem><classificationItem score=\"71\"><classCode>ST00090NT</classCode><className>ECONOMIC CONDITIONS</className><classCode/><className/></classificationItem><classificationItem score=\"71\"><classCode>ST000D9JR</classCode><className>INTERNATIONAL MONETARY FUND</className><classCode/><className/></classificationItem><classificationItem score=\"66\"><classCode>STX000949</classCode><className>INTERNATIONAL ECONOMIC ORGANIZATIONS</className><classCode/><className/></classificationItem><classificationItem score=\"60\"><classCode>STX001883</classCode><className>DECISIONS &amp; RULINGS</className><classCode/><className/></classificationItem><classificationItem score=\"60\"><classCode>N922110CC</classCode><className>LAW COURTS &amp; TRIBUNALS</className><classCode/><className/></classificationItem><classificationItem score=\"50\"><classCode>ST000CA2H</classCode><className>POVERTY &amp; HOMELESSNESS</className><classCode/><className/></classificationItem></classification><classification classificationScheme=\"industry\"><classificationItem score=\"92\"><classCode>N524000CC</classCode><className>INSURANCE</className><classCode/><className/></classificationItem><classificationItem score=\"92\"><classCode>ST000A2VZ</classCode><classCode/><className/></classificationItem><classificationItem score=\"91\"><classCode>STX000834</classCode><className>HEALTH INSURANCE</className><classCode/><className/></classificationItem><classificationItem score=\"90\"><classCode>N520000CC</classCode><className>BANKING &amp; FINANCE</className><classCode/><className/></classificationItem><classificationItem score=\"90\"><classCode>STX002011</classCode><className>MORTGAGE BANKING</className><classCode/><className/></classificationItem><classificationItem score=\"90\"><classCode>N522292GC</classCode><className>MORTGAGE BANKING &amp; FINANCE</className><classCode/><className/></classificationItem><classificationItem score=\"90\"><classCode>STX001455</classCode><className>REAL ESTATE</className><classCode/><className/></classificationItem><classificationItem score=\"90\"><classCode>ST0009RX6</classCode><classCode/><className/></classificationItem><classificationItem score=\"90\"><classCode>ST000A2W7</classCode><classCode/><className/></classificationItem><classificationItem score=\"78\"><classCode>STX000484</classCode><className>DEVELOPMENT BANKS</className><classCode/><className/></classificationItem><classificationItem score=\"78\"><classCode>N524130CC</classCode><className>REINSURANCE</className><classCode>Z3VpZD11cm46dG9waWM6NDI3MjQ3NDBDODZENDNCNUJCNzgwNzgwQTBGNDkxRTQ7cGFyZW50Z3VpZD11cm46dG9waWM6NTUxRjY2QkZCMjhBNDJENTg2QzJGQUQ1MTAyMEI5RkI</classCode><className>Reinsurance</className></classificationItem><classificationItem score=\"71\"><classCode>ST000D9JR</classCode><className>INTERNATIONAL MONETARY FUND</className><classCode/><className/></classificationItem></classification><classification classificationScheme=\"person\"><classificationItem score=\"58\"><classCode>PE0009UEO</classCode><className>JEAN CHRETIEN</className><classCode/><className/></classificationItem></classification><classification classificationScheme=\"city\"><classificationItem score=\"88\"><classCode>GX153</classCode><className>JAKARTA, INDONESIA</className><classCode/><className/></classificationItem></classification><classification classificationScheme=\"state\"><classificationItem score=\"58\"><classCode>GS168</classCode><className>BRITISH COLUMBIA, CANADA</className><classCode/><className/></classificationItem></classification><classification classificationScheme=\"country\"><classificationItem score=\"95\"><classCode>GC305</classCode><className>INDONESIA</className><classCode/><className/></classificationItem><classificationItem score=\"94\"><classCode>GC339</classCode><className>CANADA</className><classCode/><className/></classificationItem><classificationItem score=\"79\"><classCode>GC343</classCode><className>UNITED STATES</className><classCode/><className/></classificationItem></classification></classificationGroup></metadata></articleDoc></content></entry>"}