{"prediction_class": "Money laundering", "prediction_score": "1.0", "name": "Manulife", "title": "Fintracs money-laundering penalties in limbo after court docket ruling", "published": "2018-02-05T00:00:00Z", "updated": "2020-11-16T03:38:42Z", "cleaned_article": "[TITLE] Fintracs money-laundering penalties in limbo after court docket ruling [TITLE] \n\nTI Canada looks forward to seeing how Fintrac will improve the penalty regime system in a timely manner. Fintrac made headlines after it announced in April 2016 that it had fined a Canadian bank $1.15 million under the AMP for breaking the rules  but then granted the institution anonymity. Manulife Bank of Canada was hit with Fintracs biggest ever fine  $1.15 million  in the month before a Federal Court of Appeal ruling put the entire penalty system on hold. (Colin Butler/CBC) The agency is already struggling with what it calls a significant gap in its ability to track money launderers and terrorist financing. A landmark February 2015 ruling from the Supreme Court of Canada said lawyers are not required to report the transactions of their clients under the Proceeds of Crime (Money Laundering) and Terrorist Financing Act, a decision that effectively drew a dark curtain across many deals, including real estate transactions.", "raw_cleaned_article": "<h2>Fintracs money-laundering penalties in limbo after court docket ruling</h2><p>TI Canada looks forward to seeing how Fintrac will improve the penalty regime system in a timely manner. Fintrac made headlines after it announced in April 2016 that it had fined a Canadian bank $1.15 million under the AMP for breaking the rules  but then granted the institution anonymity. <b>Manulife Bank of Canada was hit with Fintracs biggest ever fine  $1.15 million  in the month before a Federal Court of Appeal ruling put the entire penalty system on hold. (Colin Butler/CBC)</b> The agency is already struggling with what it calls a significant gap in its ability to track money launderers and terrorist financing. A landmark February 2015 ruling from the Supreme Court of Canada said lawyers are not required to report the transactions of their clients under the Proceeds of Crime (Money Laundering) and Terrorist Financing Act, a decision that effectively drew a dark curtain across many deals, including real estate transactions.</p>", "original_content": "<entry xmlns=\"http://www.w3.org/2005/Atom\"><id>urn:contentItem:5RK3-0N71-JDJN-60KD-00000-00</id><title>Fintracs money-laundering penalties in limbo after court docket ruling</title><published>2018-02-05T00:00:00Z</published><updated>2020-11-16T03:38:42Z</updated><author><name>LexisNexis</name></author><content type=\"application/xml\"><!--Transformation version 1.23--><articleDoc xmlns=\"\" xmlns:xsi=\"http://www.w3.org/2001/XMLSchema-instance\" xsi:noNamespaceSchemaLocation=\"http://www.lexisnexis.com/xmlschemas/content/public/articledoc/1/\" schemaVersion=\"1.8\" xml:lang=\"en\"><articleDocHead><itemInfo/></articleDocHead><nitf:body xmlns:nitf=\"http://iptc.org/std/NITF/2006-10-18/\"><nitf:body.head><nitf:hedline><nitf:hl1>Fintracs money-laundering penalties in limbo after court docket ruling</nitf:hl1></nitf:hedline></nitf:body.head><nitf:body.content><bodyText><p nitf:lede=\"true\">Canadas watchdog against terror financing and money laundering has been partially neutered after losing a landmark court case over the way it penalizes offending businesses.</p><p nitf:lede=\"true\">Since May 2016, the federal agency known as Fintrac has been unable to levy fines on firms that violate tough financing regulations  and will remain toothless until at least the summer when a review of its penalty program is completed.</p><p nitf:lede=\"true\">That two-year hiatus in Fintracs ability to do its basic enforcement job began when the Federal Court of Appeal ruled on May 6, 2016, that the way the agency calculates fines against financial institutions is opaque and needs to be more transparent.</p><p>Grald Cossette was the director of Fintrac when a court ruling put the agencys fines system in limbo. (Fintrac)</p><p>The ruling knocked the legs out from under the so-called Administrative Monetary Penalties program, or AMP, launched in January 2009 to hit firms with fines for breaking the rules on reporting financial transactions.</p><p>In addition to tipping police to potential criminal cases, Fintrac also acts as a regulator to ensure the 31,000 Canadian businesses covered by the Proceeds of Crime (Money Laundering) and Terrorist Financing Act follow proper reporting rules over money transfers.</p><p>But the fines system has been repeatedly challenged in Federal Court. A three-justice panel of the appeal division finally quashed a $6,000 fine against Kabul Farms Inc., and effectively put the entire penalty program on hiatus.</p><p>The justices ruled that the way fines are calculated is nowhere clearly stated, leaving businesses in the dark, unable to effectively challenge the amounts. (The court accepted Fintracs ruling that Kabul Farms had indeed violated the regulations.)</p><p>In response, Fintrac  short for the Financial Transactions and Reports Analysis Centre of Canada  launched a wide-ranging review of the penalty program, expected to be completed this summer  or more than two years after the adverse appeal court ruling.</p><p>Penalty review requires thorough analysis</p><p>Agency officials defend the long wait, saying the review process is complex and requires a thorough analysis as well as extensive research and consultations with legal experts and stakeholders.</p><p>In the meantime, the agency has repealed six notices of violation that had been in process against firms facing penalties; has not been able to fine any new firms since May 2016; and has worked to conclude eight Federal Court cases that are now in jeopardy after the legal setback in the appeal court.</p><p>The effect has been to suspend the agencys own enforcement mechanism even as new violations of the regulations pile up.</p><p>A spokesperson for Fintrac told CBC News the agencys work continues, despite the blow to the penalty program.</p><p>Fintrac continues to monitor and assess the compliance of businesses, Erica Constant said in an email,  including observation letters, reporting entity validations, reports monitoring, compliance meetings, compliance assessment reports, examinations, follow-up examinations and non-compliance disclosures to police.</p><p>Sanctions need to be applied when non-compliance occurs.  Alesia Nahirny, executive director of Transparency International Canada, on the importance of timely fines against firms violating rules against money laundering and terror financing</p><p>She suggested that once the penalty review is finished, likely this summer, companies identified as breaking the rules over the last two years could still be fined, and the six repealed notices of violation could be reinstated.</p><p>Once Fintrac completes the review of the Administrative Monetary Penalties programs policies and methodologies, the repealed Notices of Violations will be reassessed and actioned as appropriate, Constant said.</p><p>Administrative Monetary Penalties for which proceedings had already concluded prior to the Federal Court of Appeals decision will not be reassessed, she added.</p><p>The head of Transparency International Canada, a branch of the global anti-corruption group, said timely penalties are essential to the agencys work.</p><p>First bank ever fined granted anonymity</p><p>A transparent administrative monetary penalty system and other sanctions need to be applied when non-compliance occurs, said executive director Alesia Nahirny.</p><p>TI Canada looks forward to seeing how Fintrac will improve the penalty regime system in a timely manner.</p><p>Fintrac made headlines after it announced in April 2016 that it had fined a Canadian bank $1.15 million under the AMP for breaking the rules  but then granted the institution anonymity.</p><p>CBC News later reported the offending institution was Manulife Bank, and questions were raised about why Grald Cossette, then Fintracs director, protected the banks name.</p><p>Cossette said he made the anonymity deal with Manulife to avoid the bank taking court action, with the aim of sending a strong signal to the banking community about the consequences of failing to follow the rules. Manulife was the first bank ever fined under the program, and the penalty was the largest ever levied on any firm, bank or otherwise.</p><p>But the Manulife case turned out to be a prelude to a much wider problem, with the entire penalty system itself called into question. Fines under the AMP can range up to $500,000 for each transaction not reported to Fintrac.</p><p>Manulife Bank of Canada was hit with Fintracs biggest ever fine  $1.15 million  in the month before a Federal Court of Appeal ruling put the entire penalty system on hold. (Colin Butler/CBC)</p><p>The agency is already struggling with what it calls a significant gap in its ability to track money launderers and terrorist financing.</p><p>A landmark February 2015 ruling from the Supreme Court of Canada said lawyers are not required to report the transactions of their clients under the Proceeds of Crime (Money Laundering) and Terrorist Financing Act, a decision that effectively drew a dark curtain across many deals, including real estate transactions.</p><p>This means that large cash transactions and suspicious transactions tied to a real estate transaction are not being reported to Fintrac by lawyers, says an internal document obtained by CBC News under the Access to Information Act. 2018 Global Data Point.</p></bodyText></nitf:body.content></nitf:body><metadata><dc:metadata xmlns:dc=\"http://purl.org/dc/elements/1.1/\"><dc:identifier identifierScheme=\"DOC-ID\">GRNCMW-109139743</dc:identifier><dc:source sourceScheme=\"royaltyReportingKey\">GRNCMW2018</dc:source><dc:identifier identifierScheme=\"PGUID\">urn:contentItem:5RK3-0N71-JDJN-60KD-00000-00</dc:identifier><dc:source sourceScheme=\"productContentSetIdentifier\">420008</dc:source><dc:date dateType=\"last-updated\">2018-02-05</dc:date></dc:metadata><wordCount number=\"1027\"/><publicationInfo><copyright>Copyright 2018 Global Data Point Provided by Syndigate Media Inc. All Rights Reserved</copyright><publicationName>Governance, Risk &amp; Compliance Monitor Worldwide</publicationName><publicationLogo><logo><inlineObject><locator><locatorKey><keyName name=\"object-key\"/><keyValue value=\"37642\"/></locatorKey><locatorParameters><parameter name=\"object-type\" value=\"201\"/><parameter name=\"object-smi\" value=\"LOGOS\"/><parameter name=\"componentseq\" value=\"1\"/></locatorParameters></locator></inlineObject></logo></publicationLogo><publicationDate day=\"05\" month=\"02\" year=\"2018\"><dateText>February 5, 2018 Monday</dateText></publicationDate><classification classificationScheme=\"publicationtype\"><classificationItem><className>Web Publication</className></classificationItem></classification><classification classificationScheme=\"publicationtype\"><classificationItem><className>Industry Trade Press</className></classificationItem></classification></publicationInfo><classification classificationScheme=\"language\"><classificationItem classificationScheme=\"lang.english\"><className>ENGLISH</className></classificationItem></classification><classificationGroup classificationScheme=\"indexing-terms\"><classification classificationScheme=\"legal\"><classificationItem><className>Criminal Law &amp; Procedure</className><classCode>Z3VpZD11cm46dG9waWM6NEU0RkE1OUQwNUQwNDgxODhEODZCMjkzOTg3NThBNzk7cGFyZW50Z3VpZD0</classCode><classificationItem score=\"95\"><className>General Overview</className><classCode>Z3VpZD11cm46dG9waWM6MUM4RjZFOEE4MDc3NDE4QjhCMkQwNzc2QTM0OUQ5NjI7cGFyZW50Z3VpZD11cm46dG9waWM6QzBDQzA4NEVCN0Q0NEZCRkEwNjY3Qzk3MDA3NzlCMjU</classCode></classificationItem></classificationItem><classificationItem><className>Torts</className><classCode>Z3VpZD11cm46dG9waWM6MDAwOEM2NTEzQkVDNEI4NzlGMEZERUEyRjQwODM4Njg7cGFyZW50Z3VpZD0</classCode><classificationItem score=\"50\"><className>Remedies</className><classCode>Z3VpZD11cm46dG9waWM6QkNBOEQ4MTI4RTE2NDdFM0JBMEMzMDlEMjUzNTc4NDQ7cGFyZW50Z3VpZD11cm46dG9waWM6MzczMTJEMTk0QjA1NEYzQkFEOUFGQkJDNEFDQzVCRjg</classCode></classificationItem></classificationItem></classification><classification classificationScheme=\"subject\"><classificationItem score=\"94\"><classCode>STX000722</classCode><className>FINES &amp; PENALTIES</className><classCode/><className/></classificationItem><classificationItem score=\"90\"><classCode>STX001883</classCode><className>DECISIONS &amp; RULINGS</className><classCode/><className/></classificationItem><classificationItem score=\"90\"><classCode>STX001159</classCode><className>MONEY LAUNDERING</className><classCode>Z3VpZD11cm46dG9waWM6QzBDQzA4NEVCN0Q0NEZCRkEwNjY3Qzk3MDA3NzlCMjU7cGFyZW50Z3VpZD11cm46dG9waWM6NkUzNTQ1QUZBM0Y5NDcyQjk4N0I5Mjg0QzU3NDk0MDI</classCode><className>Money Laundering</className></classificationItem><classificationItem score=\"90\"><classCode>STX001040</classCode><className>LITIGATION</className><classCode/><className/></classificationItem><classificationItem score=\"89\"><classCode>N922110CC</classCode><className>LAW COURTS &amp; TRIBUNALS</className><classCode/><className/></classificationItem><classificationItem score=\"89\"><classCode>STX000104</classCode><className>APPEALS</className><classCode/><className/></classificationItem><classificationItem score=\"89\"><classCode>STX000105</classCode><className>APPELLATE DECISIONS</className><classCode/><className/></classificationItem><classificationItem score=\"89\"><classCode>N922110GJ</classCode><className>APPEALS COURTS</className><classCode/><className/></classificationItem><classificationItem score=\"78\"><classCode>STX001710</classCode><className>TERRORISM</className><classCode>Z3VpZD11cm46dG9waWM6ODg4MDhDQ0I2QkY5NDU2Rjg1RDNEREFBODk1Nzg1QTY7cGFyZW50Z3VpZD11cm46dG9waWM6RjgwNUY4MjJCMTg5NDgzRUJBMDQwNkM4NkUyNTJBMEY</classCode><className>Terrorism</className></classificationItem><classificationItem score=\"78\"><classCode>STX000713</classCode><className>FINANCIAL CRIME COUNTERMEASURES</className><classCode/><className/></classificationItem><classificationItem score=\"77\"><classCode>STX001462</classCode><className>REGULATORY COMPLIANCE</className><classCode/><className/></classificationItem><classificationItem score=\"73\"><classCode>ST00096KX</classCode><className>NEW BUSINESSES</className><classCode/><className/></classificationItem></classification><classification classificationScheme=\"industry\"><classificationItem score=\"73\"><classCode>N520000CC</classCode><className>BANKING &amp; FINANCE</className><classCode/><className/></classificationItem></classification></classificationGroup></metadata></articleDoc></content></entry>"}