{"prediction_class": "Money laundering", "prediction_score": "1.0", "name": "Manulife", "title": "Money laundering offenders will be named publicly", "published": "2019-03-25T00:00:00Z", "updated": "2020-11-16T03:35:14Z", "cleaned_article": "[TITLE] Money laundering offenders will be named publicly [TITLE] \n\n<img src=\"https://www.thestar.com/content/dam/thestar/news/investigations/2019/03/25/financial-violators-to-be-named-publicly/sask_life_insurance_20181030.jpg\"/><br/>Almost three years after Canada's money laundering watchdog refused to release the name of a bank fined $1.1 million for failing to report hundreds of suspicious transactions, the federal government is changing the law to require the identity of money-laundering lawbreakers be made public.And it is investing $163 million over the next five years to crack down on financial crime and fraud.The changes to the proceeds of crime, money laundering and terrorist financing act were detailed in last week's federal budget. They will eliminate the kind of discretion used by FINTRAC director G\u00e9rald Cossette to keep Manulife Bank of Canada's name out of the headlines back in 2016.At the time, FINTRAC announced only that a bank had been fined $1.1 million, but would not say which bank or what it did to merit the fine.\"The proposed measure would make naming of the reporting entity automatic,\" said finance ministry spokesperson Marie-France Faucher. \"This change would improve transparency.\"If an individual or organization appeals their fine, their name, the nature of their offense and the fine imposed would be carved out of any confidentiality order passed by a court, Faucher wrote in an email.\"The purpose of this measure is to deter non-compliance on the part of reporting entities and make the court proceedings more transparent,\" Faucher said.Forensic accountant Charles Smedmor welcomed the changes.\"No longer can a money laundering offence by a person or individual be papered over with a confidentiality agreement, as was apparently the case with Manulife Bank,\" he said. ", "raw_cleaned_article": "<h2>Money laundering offenders will be named publicly</h2><p><b><img src=\"https://www.thestar.com/content/dam/thestar/news/investigations/2019/03/25/financial-violators-to-be-named-publicly/sask_life_insurance_20181030.jpg\"/><br/>Almost three years after Canada's money laundering watchdog refused to release the name of a bank fined $1.1 million for failing to report hundreds of suspicious transactions, the federal government is changing the law to require the identity of money-laundering lawbreakers be made public.And it is investing $163 million over the next five years to crack down on financial crime and fraud.The changes to the proceeds of crime, money laundering and terrorist financing act were detailed in last week's federal budget. They will eliminate the kind of discretion used by FINTRAC director G\u00e9rald Cossette to keep Manulife Bank of Canada's name out of the headlines back in 2016.At the time, FINTRAC announced only that a bank had been fined $1.1 million, but would not say which bank or what it did to merit the fine.\"The proposed measure would make naming of the reporting entity automatic,\" said finance ministry spokesperson Marie-France Faucher. \"This change would improve transparency.\"If an individual or organization appeals their fine, their name, the nature of their offense and the fine imposed would be carved out of any confidentiality order passed by a court, Faucher wrote in an email.\"The purpose of this measure is to deter non-compliance on the part of reporting entities and make the court proceedings more transparent,\" Faucher said.Forensic accountant Charles Smedmor welcomed the changes.\"No longer can a money laundering offence by a person or individual be papered over with a confidentiality agreement, as was apparently the case with Manulife Bank,\" he said. </b></p>", "original_content": "<entry xmlns=\"http://www.w3.org/2005/Atom\"><id>urn:contentItem:5VR6-K521-F103-349K-00000-00</id><title>Money laundering offenders will be named publicly</title><published>2019-03-25T00:00:00Z</published><updated>2020-11-16T03:35:14Z</updated><author><name>LexisNexis</name></author><content type=\"application/xml\"><!--Transformation version 1.23--><articleDoc xmlns=\"\" xmlns:xsi=\"http://www.w3.org/2001/XMLSchema-instance\" xsi:noNamespaceSchemaLocation=\"http://www.lexisnexis.com/xmlschemas/content/public/articledoc/1/\" schemaVersion=\"1.8\" xml:lang=\"en\"><articleDocHead><itemInfo><sourceSectionInfo><positionSection>NEWS</positionSection><positionSequence>Pg. 0</positionSequence></sourceSectionInfo></itemInfo></articleDocHead><nitf:body xmlns:nitf=\"http://iptc.org/std/NITF/2006-10-18/\"><nitf:body.head><nitf:hedline><nitf:hl1>Money laundering offenders will be named publicly</nitf:hl1></nitf:hedline><nitf:byline><author><person><nameText>Marco Chown Oved Robert Cribb</nameText></person></author></nitf:byline></nitf:body.head><nitf:body.content><bodyText><p nitf:lede=\"true\">&lt;img src=\"<url normalizedValue=\"https://www.thestar.com/content/dam/thestar/news/investigations/2019/03/25/financial-violators-to-be-named-publicly/sask_life_insurance_20181030.jpg\">https://www.thestar.com/content/dam/thestar/news/investigations/2019/03/25/financial-violators-to-be-named-publicly/sask_life_insurance_20181030.jpg</url>\"/&gt;&lt;br/&gt;Almost three years after Canada's money laundering watchdog refused to release the name of a bank fined $1.1 million for failing to report hundreds of suspicious transactions, the federal government is changing the law to require the identity of money-laundering lawbreakers be made public.And it is investing $163 million over the next five years to crack down on financial crime and fraud.The changes to the proceeds of crime, money laundering and terrorist financing act were detailed in last week's federal budget. They will eliminate the kind of discretion used by FINTRAC director G\u00e9rald Cossette to keep Manulife Bank of Canada's name out of the headlines back in 2016.At the time, FINTRAC announced only that a bank had been fined $1.1 million, but would not say which bank or what it did to merit the fine.\"The proposed measure would make naming of the reporting entity automatic,\" said finance ministry spokesperson Marie-France Faucher. \"This change would improve transparency.\"If an individual or organization appeals their fine, their name, the nature of their offense and the fine imposed would be carved out of any confidentiality order passed by a court, Faucher wrote in an email.\"The purpose of this measure is to deter non-compliance on the part of reporting entities and make the court proceedings more transparent,\" Faucher said.Forensic accountant Charles Smedmor welcomed the changes.\"No longer can a money laundering offence by a person or individual be papered over with a confidentiality agreement, as was apparently the case with Manulife Bank,\" he said. </p><p>\"With new laws and resources, Canada can be a less attractive place for recycling proceeds of crime and for stashing loot. Accountants, bankers, lawyers, real estate brokers and other financial professionals will be less willing to recklessly enable money laundering. They will think twice about transactions with the risks of moving from comfortable offices to cleaning prison toilets.\"&lt;strong&gt;Read More: &lt;/strong&gt;&lt;a href=\"<url normalizedValue=\"https://www.thestar.com/news/world/2016/12/11/panama-papers-revelations-have-already-delivered-results.html\">https://www.thestar.com/news/world/2016/12/11/panama-papers-revelations-have-already-delivered-results.html</url>\"&gt;Panama Papers revelations delivered results&lt;/a&gt;&lt;a href=\"      \u00a0    <url normalizedValue=\"https://www.thestar.com/news/world/2016/04/04/how-offshore-tax-havens-are-costing-canada-billions-of-dollars-a-year.html\">https://www.thestar.com/news/world/2016/04/04/how-offshore-tax-havens-are-costing-canada-billions-of-dollars-a-year.html</url>\"&gt;How offshore banking is costing Canada billions of dollars a year&lt;/a&gt;&lt;a href=\"      \u00a0    <url normalizedValue=\"http://projects.thestar.com/panama-papers/canada-is-the-worlds-newest-tax-haven/\">http://projects.thestar.com/panama-papers/canada-is-the-worlds-newest-tax-haven/</url>\"&gt;Canada is the world's newest tax haven&lt;/a&gt;Richard LeBlanc, a professor of corporate governance at York and Harvard universities, called the move \"a very positive development.\"\"We are getting a reputation of being &lt;a href=\"      \u00a0    <url normalizedValue=\"https://www.thestar.com/news/canada/2019/03/21/dirty-money-is-driving-up-toronto-real-estate-prices-report-says.html\">https://www.thestar.com/news/canada/2019/03/21/dirty-money-is-driving-up-toronto-real-estate-prices-report-says.html</url>\"&gt;soft on white collar crime&lt;/a&gt;. So the more disclosure the better.\"Of the $163 million promised for anti-money laundering enforcement in the budget, $21.7 million is earmarked for FINTRAC, the federal agency that investigates money laundering and other financial crime.In a statement Friday, FINTRAC declined to comment on the new rules, which will become law once the budget is passed.In 2017, a Star and National Observer investigation uncovered the details of more than 1,200 suspicious transactions that went unreported and pushed &lt;a href=\"      \u00a0    <url normalizedValue=\"https://www.thestar.com/news/world/2017/02/27/manulife-admits-it-was-bank-fined-12-million-by-canadas-money-laundering-watchdog.html\">https://www.thestar.com/news/world/2017/02/27/manulife-admits-it-was-bank-fined-12-million-by-canadas-money-laundering-watchdog.html</url>\"&gt;Manulife to admit&lt;/a&gt; it was the fined bank.\"The penalty essentially related to administrative lapses in reporting to FINTRAC,\" the bank said in a written statement at the time. \"Although we operate at the highest ethical standard, we are capable of administrative errors. They were remedied in the first half of 2014 . . . . Manulife did not enable or facilitate money-laundering and media reports to the contrary are inaccurate.\"FINTRAC director Cossette issued a statement after the disclosure saying his decision to withhold Manulife's name, \"may not have met public expectations in relation to openness and transparency.\"Leblanc says there was no justification for FINTRAC to ever keep the bank's name secret.\"It shouldn't take actions of the media to be the trigger for regulatory action,\" he said.Kenneth Rijock, a financial crime consultant who trains law enforcement agencies said, \"Canada's long-standing reluctance to name and shame its financial institutions ... has contributed to a culture where violators know that they will not be named.\"\"With the new requirement that the identity of the violating banks (is made public), they will no longer be able to hide behind the regulator. We welcome the change and hope that there will now be effective anti-money laundering compliance at Canada's banks and broker-dealers.\"Documents released under freedom of information laws showed that Manulife failed to report more than 1,200 transactions of $10,000 or more - some in cash - that it processed for a convicted criminal in 2012 and 2013.While the heavily redacted documents didn't name the client, the Star and the National Observer determined that the dates and descriptions of his activities lined up with those of Manitoba&lt;strong&gt; &lt;/strong&gt;&lt;a href=\"      \u00a0    <url normalizedValue=\"https://www.thestar.com/news/canada/2016/12/22/canadian-bank-failed-to-report-1200-suspicious-transactions-documents-show.html\">https://www.thestar.com/news/canada/2016/12/22/canadian-bank-failed-to-report-1200-suspicious-transactions-documents-show.html</url>\"&gt;online pharmacy entrepreneur Andrew Strempler&lt;/a&gt;, who had pleaded guilty to mail fraud charges in the U.S. after his drug shipments were found to contain counterfeit medication.Some of the transactions occurred while Strempler was incarcerated in the United States. He was subsequently transferred to a minimum security prison in Manitoba and released in 2015.Strempler did not respond to requests for comment at the time of the reports.FINTRAC has used its discretion widely to name some companies that violated anti-money laundering law while keeping dozens of others secret. According to comments received by the agency, &lt;a href=\"      \u00a0    <url normalizedValue=\"https://www.thestar.com/news/canada/2017/02/15/watchdogs-refusal-to-name-canadian-bank-fined-12m-called-unconscionable.html\">https://www.thestar.com/news/canada/2017/02/15/watchdogs-refusal-to-name-canadian-bank-fined-12m-called-unconscionable.html</url>\"&gt;the Canadian public was outraged&lt;/a&gt; that a bank could violate the law, be caught and penalized, and not be named.\"I am outraged that you would withhold the name of the bank you recently fined for failing to report suspicious transactions,\" one comment released under access to information laws read.\"I would want to know if the bank where I do my daily banking transactions is involved in criminal activities,\" reads another public comment. \"FINTRAC should be held accountable in disclosing all of the facts of this investigation and penalty.\"Even within government, officials worried about the optics of keeping the bank's name secret.\"As soon as the penalty is published with no name, all the banks will want the same treatment if they are penalized,\" read one of the emails shared between staffers in the Office of the Superintendent of Financial Institutions and their colleagues at FINTRAC.&lt;span class=\"endnote_contrib\"&gt;Marco Chown Oved is a Toronto-based investigative reporter. Follow him on Twitter: &lt;a href=\"      \u00a0    <url normalizedValue=\"https://twitter.com/marcooved\">https://twitter.com/marcooved</url>\"&gt;@marcooved&lt;/a&gt;&lt;/span&gt;</p></bodyText></nitf:body.content></nitf:body><metadata><dc:metadata xmlns:dc=\"http://purl.org/dc/elements/1.1/\"><dc:identifier identifierScheme=\"DOC-ID\">MTRNWS-2019032553884320</dc:identifier><dc:source sourceScheme=\"royaltyReportingKey\">MTRNWS2019</dc:source><dc:identifier identifierScheme=\"PGUID\">urn:contentItem:5VR6-K521-F103-349K-00000-00</dc:identifier><dc:source sourceScheme=\"productContentSetIdentifier\">438721</dc:source><dc:date dateType=\"last-updated\">2019-06-07</dc:date></dc:metadata><wordCount number=\"1267\"/><publicationInfo><copyright>Copyright 2019 Free Daily News Group Inc. All Rights Reserved</copyright><publicationName>thestar.com</publicationName><publicationDate day=\"25\" month=\"03\" year=\"2019\"><dateText>March 25, 2019 Monday</dateText></publicationDate><classification classificationScheme=\"publicationtype\"><classificationItem><className>Newspaper</className></classificationItem></classification><classification classificationScheme=\"publicationtype\"><classificationItem><className>Web-based Publications</className></classificationItem></classification></publicationInfo><classification classificationScheme=\"language\"><classificationItem classificationScheme=\"lang.english\"><className>ENGLISH</className></classificationItem></classification><classificationGroup classificationScheme=\"indexing-terms\"><classification classificationScheme=\"company\"><classificationItem score=\"55\"><classCode>CC0003DAL</classCode><className>MANULIFE BANK OF CANADA</className></classificationItem></classification><classification classificationScheme=\"industry\"><classificationItem score=\"55\"><className>NAICS522110 COMMERCIAL BANKING</className></classificationItem><classificationItem score=\"55\"><className>SIC6029 COMMERCIAL BANKS, NEC</className></classificationItem></classification></classificationGroup><classificationGroup classificationScheme=\"indexing-terms\"><classification classificationScheme=\"legal\"><classificationItem><className>Administrative Law</className><classCode>Z3VpZD11cm46dG9waWM6NjMxMjc0MUIzQjkzNEM4MEI4NkZGQjVCREJCRDk4OUM7cGFyZW50Z3VpZD0</classCode><classificationItem score=\"85\"><className>General Overview</className><classCode>Z3VpZD11cm46dG9waWM6NjYyRTk3QUVFRjk4NDVGMkI0REI0NDA4NTUzRDY5NDk7cGFyZW50Z3VpZD11cm46dG9waWM6RDk0RkJCOUQ5NEFCNDE2N0EzRUE0QzU2RUFBOEEzRTI</classCode></classificationItem></classificationItem><classificationItem><className>Banking Law</className><classCode>Z3VpZD11cm46dG9waWM6QjQyMUFCOUJBNURBNEFDREE3MTNCNDk5QkQ4NUM3RjI7cGFyZW50Z3VpZD0</classCode><classificationItem score=\"90\"><className>Money Laundering</className><classCode>Z3VpZD11cm46dG9waWM6NDRGN0EyOTJBOEM4NDkzOUIyNkNBQkYyMDI3RDM4OTI7cGFyZW50Z3VpZD11cm46dG9waWM6NkUzNTQ1QUZBM0Y5NDcyQjk4N0I5Mjg0QzU3NDk0MDI</classCode></classificationItem><classificationItem score=\"50\"><className>Suspicious Activity Reports (SAR)</className><classCode>Z3VpZD11cm46dG9waWM6MTlBNjc3QjY0QjA1NEM4NEI0NURBMjdEMzA2NjlFNjU7cGFyZW50Z3VpZD11cm46dG9waWM6OTAxNTNFMEY2QjBBNEY3NDhCOTNFOEE4NUM4MzFBQjU</classCode></classificationItem></classificationItem><classificationItem><className>Criminal Law &amp; Procedure</className><classCode>Z3VpZD11cm46dG9waWM6NEU0RkE1OUQwNUQwNDgxODhEODZCMjkzOTg3NThBNzk7cGFyZW50Z3VpZD0</classCode><classificationItem score=\"88\"><className>Elements</className><classCode>Z3VpZD11cm46dG9waWM6N0NERTc0RDUyNDQ4NDM0M0E1NTNEQTg4NzU5MEIzMUE7cGFyZW50Z3VpZD11cm46dG9waWM6QzBDQzA4NEVCN0Q0NEZCRkEwNjY3Qzk3MDA3NzlCMjU</classCode></classificationItem><classificationItem score=\"93\"><className>General Overview</className><classCode>Z3VpZD11cm46dG9waWM6MUM4RjZFOEE4MDc3NDE4QjhCMkQwNzc2QTM0OUQ5NjI7cGFyZW50Z3VpZD11cm46dG9waWM6QzBDQzA4NEVCN0Q0NEZCRkEwNjY3Qzk3MDA3NzlCMjU</classCode></classificationItem></classificationItem></classification><classification classificationScheme=\"subject\"><classificationItem score=\"90\"><classCode>N521100MM</classCode><className>CENTRAL BANKS</className><classCode/><className/></classificationItem><classificationItem score=\"90\"><classCode>STX001932</classCode><className>CRIME, LAW ENFORCEMENT &amp; CORRECTIONS</className><classCode/><className/></classificationItem><classificationItem score=\"90\"><classCode>STX000713</classCode><className>FINANCIAL CRIME COUNTERMEASURES</className><classCode/><className/></classificationItem><classificationItem score=\"90\"><classCode>STX000722</classCode><className>FINES &amp; PENALTIES</className><classCode/><className/></classificationItem><classificationItem score=\"90\"><classCode>STX000759</classCode><className>FRAUD &amp; FINANCIAL CRIME</className><classCode/><className/></classificationItem><classificationItem score=\"90\"><classCode>STX000969</classCode><className>INVESTIGATIONS</className><classCode/><className/></classificationItem><classificationItem score=\"90\"><classCode>STX001159</classCode><className>MONEY LAUNDERING</className><classCode>Z3VpZD11cm46dG9waWM6QzBDQzA4NEVCN0Q0NEZCRkEwNjY3Qzk3MDA3NzlCMjU7cGFyZW50Z3VpZD11cm46dG9waWM6NkUzNTQ1QUZBM0Y5NDcyQjk4N0I5Mjg0QzU3NDk0MDI</classCode><className>Money Laundering</className></classificationItem><classificationItem score=\"90\"><classCode>ST0009FJK</classCode><className>NEGATIVE PERSONAL NEWS</className><classCode/><className/></classificationItem><classificationItem score=\"89\"><classCode>ST000DHVK</classCode><className>PROFESSIONAL WORKERS</className><classCode/><className/></classificationItem><classificationItem score=\"78\"><classCode>ST000DH0Q</classCode><className>AGREEMENTS</className><classCode/><className/></classificationItem><classificationItem score=\"78\"><classCode>ST00095AK</classCode><className>CRIME PREVENTION</className><classCode/><className/></classificationItem><classificationItem score=\"78\"><classCode>ST00097CW</classCode><className>GOVERNMENT BUDGETS</className><classCode/><className/></classificationItem><classificationItem score=\"78\"><classCode>ST00097CL</classCode><className>PUBLIC FINANCE AGENCIES &amp; TREASURIES</className><classCode/><className/></classificationItem><classificationItem score=\"75\"><classCode>STX001020</classCode><className>LEGISLATION</className><classCode/><className/></classificationItem><classificationItem score=\"73\"><classCode>STX000754</classCode><className>FORENSICS</className><classCode/><className/></classificationItem><classificationItem score=\"71\"><classCode>N920000CC</classCode><className>GOVERNMENT &amp; PUBLIC ADMINISTRATION</className><classCode>Z3VpZD11cm46dG9waWM6MjdEQjE4OUJDMzQxNDNEMEI0RTI1QUFCMzJENjEwRTA7cGFyZW50Z3VpZD11cm46dG9waWM6MUFEMUQ2QTA1OUZCNEE5RjkzNTA2RERFMUNEOTk1RTI</classCode><className>Governments</className></classificationItem><classificationItem score=\"64\"><classCode>ST000DA9H</classCode><className>CONFIDENTIALITY AGREEMENTS</className><classCode/><className/></classificationItem><classificationItem score=\"64\"><classCode>N922110CC</classCode><className>LAW COURTS &amp; TRIBUNALS</className><classCode/><className/></classificationItem><classificationItem score=\"54\"><classCode>STX001710</classCode><className>TERRORISM</className><classCode>Z3VpZD11cm46dG9waWM6ODg4MDhDQ0I2QkY5NDU2Rjg1RDNEREFBODk1Nzg1QTY7cGFyZW50Z3VpZD11cm46dG9waWM6RjgwNUY4MjJCMTg5NDgzRUJBMDQwNkM4NkUyNTJBMEY</classCode><className>Terrorism</className></classificationItem></classification><classification classificationScheme=\"industry\"><classificationItem score=\"91\"><classCode>N520000CC</classCode><className>BANKING &amp; FINANCE</className><classCode/><className/></classificationItem><classificationItem score=\"91\"><classCode>ST0009RX6</classCode><classCode/><className/></classificationItem><classificationItem score=\"90\"><classCode>N521100MM</classCode><className>CENTRAL BANKS</className><classCode/><className/></classificationItem><classificationItem score=\"90\"><classCode>N522110DC</classCode><className>COMMERCIAL BANKING</className><classCode>Z3VpZD11cm46dG9waWM6NDIyQTAxOUNERDI4NDdFNjkyMEFDOTFFM0MwMTQzNjQ7cGFyZW50Z3VpZD11cm46dG9waWM6QjQyMUFCOUJBNURBNEFDREE3MTNCNDk5QkQ4NUM3RjI</classCode><className>Commercial Banks</className></classificationItem><classificationItem score=\"78\"><classCode>STX000218</classCode><className>BUDGETS</className><classCode/><className/></classificationItem><classificationItem score=\"78\"><classCode>ST00097CW</classCode><className>GOVERNMENT BUDGETS</className><classCode/><className/></classificationItem><classificationItem score=\"78\"><classCode>ST00097CL</classCode><className>PUBLIC FINANCE AGENCIES &amp; TREASURIES</className><classCode/><className/></classificationItem><classificationItem score=\"57\"><classCode>STX001033</classCode><className>LIFE INSURANCE</className><classCode>Z3VpZD11cm46dG9waWM6MzFEOTQ4RjM2RDk4NDJDNEJERDY1NjREOEVGMTRCOTA7cGFyZW50Z3VpZD11cm46dG9waWM6NTUxRjY2QkZCMjhBNDJENTg2QzJGQUQ1MTAyMEI5RkI</classCode><className>Life Insurance</className></classificationItem><classificationItem score=\"50\"><classCode>N531200CC</classCode><className>REAL ESTATE AGENTS</className><classCode>Z3VpZD11cm46dG9waWM6Q0Y4NEU1ODkzRTlENEQ5MEI1NTRFRTI0RTIzNDcxRkI7cGFyZW50Z3VpZD11cm46dG9waWM6QUUyRTcxRURBNEY2NEE2MDk3QzBCNzRDOEY0NTZDQzk</classCode><className>Brokers</className></classificationItem></classification><classification classificationScheme=\"country\"><classificationItem score=\"94\"><classCode>GC339</classCode><className>CANADA</className><classCode/><className/></classificationItem></classification></classificationGroup></metadata></articleDoc></content></entry>"}