{"prediction_class": "Money laundering", "prediction_score": "1.0", "name": "Manulife", "title": "Violators of laundering law won't be kept secret;Feds changing rules to identify offenders after name of bank fined $1M was withheld", "published": "2019-03-26T00:00:00Z", "updated": "2020-11-16T03:35:14Z", "cleaned_article": "[TITLE] Violators of laundering law won't be kept secret;Feds changing rules to identify offenders after name of bank fined $1M was withheld [TITLE] \n\nAlmost three years after Canada's money laundering watchdog refused to release the name of a bank fined more than $1 million for failing to report hundreds of suspicious transactions, the federal government is changing the law to require the identity of those who break money-laundering law be made public. And it is investing $163 million over the next five years to crack down on financial crime and fraud. The changes to the proceeds of crime, money laundering and terrorist financing act were detailed in last week's federal budget. They will eliminate the kind of discretion used by FINTRAC director G#233;rald Cossette to keep Manulife Bank of Canada's name out of the headlines back in 2016. At the time, FINTRAC announced only that a bank had been fined, but would not say which bank or what it did to merit the fine. \"The proposed measure would make naming of the reporting entity automatic,\" said finance ministry spokesperson Marie-France Faucher. [...] \n\nIf an individual or organization appeals their fine, their name, the nature of their offence and the fine imposed would be carved out of any confidentiality order passed by a court, Faucher wrote in an email. \"The purpose of this measure is to deter non-compliance on the part of reporting entities and make the court proceedings more transparent,\" Faucher said. Forensic accountant Charles Smedmor welcomed the changes. \"No longer can a money laundering offence by a person or individual be papered over with a confidentiality agreement, as was apparently the case with Manulife Bank,\" he said. \"With new laws and resources, Canada can be a less attractive place for recycling proceeds of crime and for stashing loot. Accountants, bankers, lawyers, real estate brokers and other financial professionals will be less willing to recklessly enable money laundering. They will think twice about transactions with the risks of moving from comfortable offices to cleaning prison toilets.\" Richard LeBlanc, a professor of corporate governance at York and Harvard universities, called the move \"a very positive development.\" [...] \n\nOf the $163 million promised for anti-money laundering enforcement in the budget, $21.7 million is earmarked for FINTRAC, the federal agency that investigates money laundering and other financial crime. In a statement Friday, FINTRAC declined to comment on the new rules, which will become law once the budget is passed. In 2017, a Star and National Observer investigation uncovered the details of more than 1,200 suspicious transactions that went unreported and pushed Manulife to admit it was the bank fined $1.15 million. \"The penalty essentially related to administrative lapses in reporting to FINTRAC,\" the bank said in a written statement at the time.\"Although we operate at the highest ethical standard, we are capable of administrative errors. They were remedied in the first half of 2014 ... Manulife did not enable or facilitate money-laundering and media reports to the contrary are inaccurate.\"FINTRAC director Cossette issued a statement after the disclosure saying his decision to withhold Manulife's name, \"may not have met public expectations in relation to openness and transparency.\" Leblanc says there was no justification for FINTRAC to ever keep the bank's name secret. \"It shouldn't take actions of the media to be the trigger for regulatory action,\" he said.\"With the new requirement that the identity of the violating banks (is made public), they will no longer be able to hide behind the regulator. We welcome the change and hope that there will now be effective anti-money laundering compliance at Canada's banks and broker-dealers.\" Documents released under freedom of information laws showed that Manulife failed to report more than 1,200 transactions of $10,000 or more - some in cash - that it processed for a convicted criminal in 2012 and 2013. While the heavily redacted documents didn't name the client, the Star and the National Observer determined that the dates and descriptions of his activities lined up with those of Manitobaonline pharmacy entrepreneur Andrew Strempler. He had pleaded guilty to mail fraud charges in the U.S. after his drug shipments were found to contain counterfeit medication. Some of the transactions occurred while Strempler was incarcerated in the United States. He was subsequently transferred to a minimum security prison in Manitoba and released in 2015. Strempler did not respond to requests for comment at the time of the reports.", "raw_cleaned_article": "<h2>Violators of laundering law won't be kept secret;Feds changing rules to identify offenders after name of bank fined $1M was withheld</h2><p>Almost three years after Canada's money laundering watchdog refused to release the name of a bank fined more than $1 million for failing to report hundreds of suspicious transactions, the federal government is changing the law to require the identity of those who break money-laundering law be made public. And it is investing $163 million over the next five years to crack down on financial crime and fraud. <b>The changes to the proceeds of crime, money laundering and terrorist financing act were detailed in last week's federal budget. They will eliminate the kind of discretion used by FINTRAC director G#233;rald Cossette to keep Manulife Bank of Canada's name out of the headlines back in 2016.</b> At the time, FINTRAC announced only that a bank had been fined, but would not say which bank or what it did to merit the fine. \"The proposed measure would make naming of the reporting entity automatic,\" said finance ministry spokesperson Marie-France Faucher.</p><p>[...]</p><p>If an individual or organization appeals their fine, their name, the nature of their offence and the fine imposed would be carved out of any confidentiality order passed by a court, Faucher wrote in an email. \"The purpose of this measure is to deter non-compliance on the part of reporting entities and make the court proceedings more transparent,\" Faucher said. Forensic accountant Charles Smedmor welcomed the changes. <b>\"No longer can a money laundering offence by a person or individual be papered over with a confidentiality agreement, as was apparently the case with Manulife Bank,\" he said.</b> \"With new laws and resources, Canada can be a less attractive place for recycling proceeds of crime and for stashing loot. Accountants, bankers, lawyers, real estate brokers and other financial professionals will be less willing to recklessly enable money laundering. They will think twice about transactions with the risks of moving from comfortable offices to cleaning prison toilets.\" Richard LeBlanc, a professor of corporate governance at York and Harvard universities, called the move \"a very positive development.\"</p><p>[...]</p><p>Of the $163 million promised for anti-money laundering enforcement in the budget, $21.7 million is earmarked for FINTRAC, the federal agency that investigates money laundering and other financial crime. In a statement Friday, FINTRAC declined to comment on the new rules, which will become law once the budget is passed. <b>In 2017, a Star and National Observer investigation uncovered the details of more than 1,200 suspicious transactions that went unreported and pushed Manulife to admit it was the bank fined $1.15 million.</b> \"The penalty essentially related to administrative lapses in reporting to FINTRAC,\" the bank said in a written statement at the time.</p><p>[...]</p><p>Of the $163 million promised for anti-money laundering enforcement in the budget, $21.7 million is earmarked for FINTRAC, the federal agency that investigates money laundering and other financial crime. <b>\"Although we operate at the highest ethical standard, we are capable of administrative errors. They were remedied in the first half of 2014 ... Manulife did not enable or facilitate money-laundering and media reports to the contrary are inaccurate.\"</b><b>FINTRAC director Cossette issued a statement after the disclosure saying his decision to withhold Manulife's name, \"may not have met public expectations in relation to openness and transparency.\"</b> Leblanc says there was no justification for FINTRAC to ever keep the bank's name secret. \"It shouldn't take actions of the media to be the trigger for regulatory action,\" he said.\"With the new requirement that the identity of the violating banks (is made public), they will no longer be able to hide behind the regulator. We welcome the change and hope that there will now be effective anti-money laundering compliance at Canada's banks and broker-dealers.\" <b>Documents released under freedom of information laws showed that Manulife failed to report more than 1,200 transactions of $10,000 or more - some in cash - that it processed for a convicted criminal in 2012 and 2013.</b> While the heavily redacted documents didn't name the client, the Star and the National Observer determined that the dates and descriptions of his activities lined up with those of Manitobaonline pharmacy entrepreneur Andrew Strempler. He had pleaded guilty to mail fraud charges in the U.S. after his drug shipments were found to contain counterfeit medication. Some of the transactions occurred while Strempler was incarcerated in the United States. He was subsequently transferred to a minimum security prison in Manitoba and released in 2015. Strempler did not respond to requests for comment at the time of the reports.</p>", "original_content": "<entry xmlns=\"http://www.w3.org/2005/Atom\"><id>urn:contentItem:5VRB-SF71-DY91-K122-00000-00</id><title>Violators of laundering law won't be kept secret;Feds changing rules to identify offenders after name of bank fined $1M was withheld</title><published>2019-03-26T00:00:00Z</published><updated>2020-11-16T03:35:14Z</updated><author><name>LexisNexis</name></author><content type=\"application/xml\"><!--Transformation version 1.23--><articleDoc xmlns=\"\" xmlns:xsi=\"http://www.w3.org/2001/XMLSchema-instance\" xsi:noNamespaceSchemaLocation=\"http://www.lexisnexis.com/xmlschemas/content/public/articledoc/1/\" schemaVersion=\"1.8\" xml:lang=\"en\"><articleDocHead><itemInfo><sourceSectionInfo><positionSection>NEWS</positionSection><positionSequence>Pg. A1</positionSequence></sourceSectionInfo></itemInfo></articleDocHead><nitf:body xmlns:nitf=\"http://iptc.org/std/NITF/2006-10-18/\"><nitf:body.head><nitf:hedline><nitf:hl1>Violators of laundering law won't be kept secret</nitf:hl1><nitf:hl2>Feds changing rules to identify offenders after name of bank fined $1M was withheld</nitf:hl2></nitf:hedline><nitf:byline><author><person><nameText>Marco Chown Oved and Robert Cribb Investigative Reporters</nameText></person></author></nitf:byline></nitf:body.head><nitf:body.content><bodyText><p nitf:lede=\"true\">Almost three years after Canada's money laundering watchdog refused to release the name of a bank fined more than $1 million for failing to report hundreds of suspicious transactions, the federal government is changing the law to require the identity of those who break money-laundering law be made public.</p><p nitf:lede=\"true\">And it is investing $163 million over the next five years to crack down on financial crime and fraud.</p><p>The changes to the proceeds of crime, money laundering and terrorist financing act were detailed in last week's federal budget. They will eliminate the kind of discretion used by FINTRAC director G#233;rald Cossette to keep Manulife Bank of Canada's name out of the headlines back in 2016.</p><p>At the time, FINTRAC announced only that a bank had been fined, but would not say which bank or what it did to merit the fine.</p><p>\"The proposed measure would make naming of the reporting entity automatic,\" said finance ministry spokesperson Marie-France Faucher.</p><p>\"This change would improve transparency.\"</p><p>If an individual or organization appeals their fine, their name, the nature of their offence and the fine imposed would be carved out of any confidentiality order passed by a court, Faucher wrote in an email. \"The purpose of this measure is to deter non-compliance on the part of reporting entities and make the court proceedings more transparent,\" Faucher said.</p><p>Forensic accountant Charles Smedmor welcomed the changes.</p><p>\"No longer can a money laundering offence by a person or individual be papered over with a confidentiality agreement, as was apparently the case with Manulife Bank,\" he said.</p><p>\"With new laws and resources, Canada can be a less attractive place for recycling proceeds of crime and for stashing loot. Accountants, bankers, lawyers, real estate brokers and other financial professionals will be less willing to recklessly enable money laundering. They will think twice about transactions with the risks of moving from comfortable offices to cleaning prison toilets.\"</p><p>Richard LeBlanc, a professor of corporate governance at York and Harvard universities, called the move \"a very positive development.\"</p><p>\"We are getting a reputation of being soft on white collar crime. So the more disclosure the better.\"</p><p>Of the $163 million promised for anti-money laundering enforcement in the budget, $21.7 million is earmarked for FINTRAC, the federal agency that investigates money laundering and other financial crime.</p><p>In a statement Friday, FINTRAC declined to comment on the new rules, which will become law once the budget is passed.</p><p>In 2017, a Star and National Observer investigation uncovered the details of more than 1,200 suspicious transactions that went unreported and pushed Manulife to admit it was the bank fined $1.15 million.</p><p>\"The penalty essentially related to administrative lapses in reporting to FINTRAC,\" the bank said in a written statement at the time.</p><p>\"Although we operate at the highest ethical standard, we are capable of administrative errors. They were remedied in the first half of 2014 ... Manulife did not enable or facilitate money-laundering and media reports to the contrary are inaccurate.\"</p><p>FINTRAC director Cossette issued a statement after the disclosure saying his decision to withhold Manulife's name, \"may not have met public expectations in relation to openness and transparency.\"</p><p>Leblanc says there was no justification for FINTRAC to ever keep the bank's name secret.</p><p>\"It shouldn't take actions of the media to be the trigger for regulatory action,\" he said.</p><p>Kenneth Rijock, a financial crime consultant who trains law enforcement agencies said, \"Canada's long-standing reluctance to name and shame its financial institutions ... has contributed to a culture where violators know that they will not be named.\"</p><p>\"With the new requirement that the identity of the violating banks (is made public), they will no longer be able to hide behind the regulator. We welcome the change and hope that there will now be effective anti-money laundering compliance at Canada's banks and broker-dealers.\"</p><p>Documents released under freedom of information laws showed that Manulife failed to report more than 1,200 transactions of $10,000 or more - some in cash - that it processed for a convicted criminal in 2012 and 2013.</p><p>While the heavily redacted documents didn't name the client, the Star and the National Observer determined that the dates and descriptions of his activities lined up with those of Manitobaonline pharmacy entrepreneur Andrew Strempler. He had pleaded guilty to mail fraud charges in the U.S. after his drug shipments were found to contain counterfeit medication. Some of the transactions occurred while Strempler was incarcerated in the United States. He was subsequently transferred to a minimum security prison in Manitoba and released in 2015.</p><p>Strempler did not respond to requests for comment at the time of the reports.</p><p>FINTRAC has used its discretion widely to name some companies that violated anti-money laundering law while keeping dozens of others secret. According to comments received by the agency, the Canadian public was outraged that a bank could violate the law, be caught and penalized, and not be named.</p><p>\"I am outraged that you would withhold the name of the bank you recently fined for failing to report suspicious transactions,\" one comment released under access to information laws read.</p><p>\"I would want to know if the bank where I do my daily banking transactions is involved in criminal activities,\" reads another public comment. \"FINTRAC should be held accountable in disclosing all of the facts of this investigation and penalty.\"</p></bodyText></nitf:body.content></nitf:body><metadata><dc:metadata xmlns:dc=\"http://purl.org/dc/elements/1.1/\"><dc:identifier identifierScheme=\"DOC-ID\">TSTAR-2019032653888644</dc:identifier><dc:source sourceScheme=\"royaltyReportingKey\">TSTAR2019</dc:source><dc:identifier identifierScheme=\"PGUID\">urn:contentItem:5VRB-SF71-DY91-K122-00000-00</dc:identifier><dc:source sourceScheme=\"productContentSetIdentifier\">8286</dc:source><dc:date dateType=\"last-updated\">2019-03-26</dc:date></dc:metadata><wordCount number=\"929\"/><publicationInfo><copyright>Copyright 2019 Toronto Star Newspapers Limited</copyright><publicationName>The Toronto Star</publicationName><publicationDate day=\"26\" month=\"03\" year=\"2019\"><dateText>March 26, 2019 Tuesday</dateText></publicationDate><classification classificationScheme=\"publicationtype\"><classificationItem><className>NEWSPAPER</className></classificationItem></classification><classification classificationScheme=\"publicationtype\"><classificationItem><className>Newspapers</className></classificationItem></classification></publicationInfo><classification classificationScheme=\"language\"><classificationItem classificationScheme=\"lang.english\"><className>ENGLISH</className></classificationItem></classification><classification classificationScheme=\"typeofdoc\"><classificationItem><className>COLUMN</className></classificationItem></classification><classificationGroup classificationScheme=\"indexing-terms\"><classification classificationScheme=\"company\"><classificationItem score=\"57\"><classCode>CC0003DAL</classCode><className>MANULIFE BANK OF CANADA</className></classificationItem></classification><classification classificationScheme=\"industry\"><classificationItem score=\"57\"><className>NAICS522110 COMMERCIAL BANKING</className></classificationItem><classificationItem score=\"57\"><className>SIC6029 COMMERCIAL BANKS, NEC</className></classificationItem></classification></classificationGroup><classificationGroup classificationScheme=\"indexing-terms\"><classification classificationScheme=\"legal\"><classificationItem><className>Criminal Law &amp; Procedure</className><classCode>Z3VpZD11cm46dG9waWM6NEU0RkE1OUQwNUQwNDgxODhEODZCMjkzOTg3NThBNzk7cGFyZW50Z3VpZD0</classCode><classificationItem score=\"94\"><className>General Overview</className><classCode>Z3VpZD11cm46dG9waWM6MUM4RjZFOEE4MDc3NDE4QjhCMkQwNzc2QTM0OUQ5NjI7cGFyZW50Z3VpZD11cm46dG9waWM6QzBDQzA4NEVCN0Q0NEZCRkEwNjY3Qzk3MDA3NzlCMjU</classCode></classificationItem></classificationItem></classification><classification classificationScheme=\"subject\"><classificationItem score=\"92\"><classCode>STX000713</classCode><className>FINANCIAL CRIME COUNTERMEASURES</className><classCode/><className/></classificationItem><classificationItem score=\"91\"><classCode>STX000722</classCode><className>FINES &amp; PENALTIES</className><classCode/><className/></classificationItem><classificationItem score=\"90\"><classCode>N521100MM</classCode><className>CENTRAL BANKS</className><classCode/><className/></classificationItem><classificationItem score=\"90\"><classCode>STX001932</classCode><className>CRIME, LAW ENFORCEMENT &amp; CORRECTIONS</className><classCode/><className/></classificationItem><classificationItem score=\"90\"><classCode>STX000759</classCode><className>FRAUD &amp; FINANCIAL CRIME</className><classCode/><className/></classificationItem><classificationItem score=\"90\"><classCode>STX001159</classCode><className>MONEY LAUNDERING</className><classCode>Z3VpZD11cm46dG9waWM6QzBDQzA4NEVCN0Q0NEZCRkEwNjY3Qzk3MDA3NzlCMjU7cGFyZW50Z3VpZD11cm46dG9waWM6NkUzNTQ1QUZBM0Y5NDcyQjk4N0I5Mjg0QzU3NDk0MDI</classCode><className>Money Laundering</className></classificationItem><classificationItem score=\"90\"><classCode>ST0009FJK</classCode><className>NEGATIVE PERSONAL NEWS</className><classCode/><className/></classificationItem><classificationItem score=\"89\"><classCode>STX000969</classCode><className>INVESTIGATIONS</className><classCode/><className/></classificationItem><classificationItem score=\"89\"><classCode>STX001020</classCode><className>LEGISLATION</className><classCode/><className/></classificationItem><classificationItem score=\"89\"><classCode>ST000DHVK</classCode><className>PROFESSIONAL WORKERS</className><classCode/><className/></classificationItem><classificationItem score=\"78\"><classCode>STX000654</classCode><className>ETHICS</className><classCode/><className/></classificationItem><classificationItem score=\"78\"><classCode>N920000CC</classCode><className>GOVERNMENT &amp; PUBLIC ADMINISTRATION</className><classCode>Z3VpZD11cm46dG9waWM6MjdEQjE4OUJDMzQxNDNEMEI0RTI1QUFCMzJENjEwRTA7cGFyZW50Z3VpZD11cm46dG9waWM6MUFEMUQ2QTA1OUZCNEE5RjkzNTA2RERFMUNEOTk1RTI</classCode><className>Governments</className></classificationItem><classificationItem score=\"78\"><classCode>ST00097CW</classCode><className>GOVERNMENT BUDGETS</className><classCode/><className/></classificationItem><classificationItem score=\"78\"><classCode>ST00097CL</classCode><className>PUBLIC FINANCE AGENCIES &amp; TREASURIES</className><classCode/><className/></classificationItem><classificationItem score=\"77\"><classCode>ST000DH0Q</classCode><className>AGREEMENTS</className><classCode/><className/></classificationItem><classificationItem score=\"77\"><classCode>ST000DJX1</classCode><className>FEDERAL INVESTIGATIONS</className><classCode/><className/></classificationItem><classificationItem score=\"76\"><classCode>ST00095AK</classCode><className>CRIME PREVENTION</className><classCode/><className/></classificationItem><classificationItem score=\"72\"><classCode>STX000404</classCode><className>CORPORATE GOVERNANCE</className><classCode>Z3VpZD11cm46dG9waWM6MDQ3M0RFODczN0I4NDg2RjlFRDNFMUNBODRDQTU0Q0E7cGFyZW50Z3VpZD11cm46dG9waWM6RTJGRkVBNjc4MzI3NDA5MTlEMDI1NjU2NzMyNkYzNTc</classCode><className>Corporate Governance</className></classificationItem><classificationItem score=\"71\"><classCode>ST000DA9H</classCode><className>CONFIDENTIALITY AGREEMENTS</className><classCode/><className/></classificationItem><classificationItem score=\"71\"><classCode>STX000754</classCode><className>FORENSICS</className><classCode/><className/></classificationItem><classificationItem score=\"66\"><classCode>N922110CC</classCode><className>LAW COURTS &amp; TRIBUNALS</className><classCode/><className/></classificationItem><classificationItem score=\"60\"><classCode>ST0009JY5</classCode><className>COLLEGE &amp; UNIVERSITY PROFESSORS</className><classCode/><className/></classificationItem><classificationItem score=\"56\"><classCode>STX001710</classCode><className>TERRORISM</className><classCode>Z3VpZD11cm46dG9waWM6ODg4MDhDQ0I2QkY5NDU2Rjg1RDNEREFBODk1Nzg1QTY7cGFyZW50Z3VpZD11cm46dG9waWM6RjgwNUY4MjJCMTg5NDgzRUJBMDQwNkM4NkUyNTJBMEY</classCode><className>Terrorism</className></classificationItem></classification><classification classificationScheme=\"industry\"><classificationItem score=\"91\"><classCode>N520000CC</classCode><className>BANKING &amp; FINANCE</className><classCode/><className/></classificationItem><classificationItem score=\"91\"><classCode>ST0009RX6</classCode><classCode/><className/></classificationItem><classificationItem score=\"90\"><classCode>N521100MM</classCode><className>CENTRAL BANKS</className><classCode/><className/></classificationItem><classificationItem score=\"89\"><classCode>STX000218</classCode><className>BUDGETS</className><classCode/><className/></classificationItem><classificationItem score=\"78\"><classCode>ST00097CW</classCode><className>GOVERNMENT BUDGETS</className><classCode/><className/></classificationItem><classificationItem score=\"78\"><classCode>ST00097CL</classCode><className>PUBLIC FINANCE AGENCIES &amp; TREASURIES</className><classCode/><className/></classificationItem><classificationItem score=\"60\"><classCode>ST0009JY5</classCode><className>COLLEGE &amp; UNIVERSITY PROFESSORS</className><classCode/><className/></classificationItem><classificationItem score=\"50\"><classCode>N531200CC</classCode><className>REAL ESTATE AGENTS</className><classCode>Z3VpZD11cm46dG9waWM6Q0Y4NEU1ODkzRTlENEQ5MEI1NTRFRTI0RTIzNDcxRkI7cGFyZW50Z3VpZD11cm46dG9waWM6QUUyRTcxRURBNEY2NEE2MDk3QzBCNzRDOEY0NTZDQzk</classCode><className>Brokers</className></classificationItem></classification><classification classificationScheme=\"country\"><classificationItem score=\"94\"><classCode>GC339</classCode><className>CANADA</className><classCode/><className/></classificationItem></classification></classificationGroup></metadata></articleDoc></content></entry>"}