{"prediction_class": "Fraud Embezzlement Misappropriation", "prediction_score": "0.86", "name": "Manulife", "title": "City employees' benefit claims for medical spa treatments 'fraud,' says auditor general", "published": "2020-10-16T00:00:00Z", "updated": "2020-11-16T04:17:37Z", "cleaned_article": "[TITLE] City employees' benefit claims for medical spa treatments 'fraud,' says auditor general [TITLE] \n\nThe city has asked its benefits administrator to \"refer the matter to the police and to the required professional bodies,\" for health workers involved. The money involved, about $38,000 in claims, is tiny compared to sums in a past scandal exposed by Romeo-Beehler in 2016. Employees were disciplined, including firings, over benefits claims for massive amounts of erectile dysfunction pills and pain-control narcotics such as fentanyl and oxycodone. Romeo-Beehler's report on that large-scale fraud led to tightened controls and the city dropping benefits administrator Manulife Financial, which later paid the city a $4-million settlement, and replacing the company with Green Shield Canada. Green Shield's fraud control measures alerted the city to the spa claims which triggered the auditor general investigation, Romeo-Beehler said. She issued the new report in part to \"make city employees aware of the increased sophistication in monitoring benefit claims and to stress the importance of not becoming involved in schemes like the one identified in this report.\"", "raw_cleaned_article": "<h2>City employees' benefit claims for medical spa treatments 'fraud,' says auditor general</h2><p>The city has asked its benefits administrator to \"refer the matter to the police and to the required professional bodies,\" for health workers involved. The money involved, about $38,000 in claims, is tiny compared to sums in a past scandal exposed by Romeo-Beehler in 2016. Employees were disciplined, including firings, over benefits claims for massive amounts of erectile dysfunction pills and pain-control narcotics such as fentanyl and oxycodone. <b>Romeo-Beehler's report on that large-scale fraud led to tightened controls and the city dropping benefits administrator Manulife Financial, which later paid the city a $4-million settlement, and replacing the company with Green Shield Canada.</b> Green Shield's fraud control measures alerted the city to the spa claims which triggered the auditor general investigation, Romeo-Beehler said. She issued the new report in part to \"make city employees aware of the increased sophistication in monitoring benefit claims and to stress the importance of not becoming involved in schemes like the one identified in this report.\"</p>", "original_content": "<entry xmlns=\"http://www.w3.org/2005/Atom\"><id>urn:contentItem:612Y-Y5C1-F103-3536-00000-00</id><title>City employees' benefit claims for medical spa treatments 'fraud,' says auditor general</title><published>2020-10-16T00:00:00Z</published><updated>2020-11-16T04:17:37Z</updated><author><name>LexisNexis</name></author><content type=\"application/xml\"><!--Transformation version 1.23--><articleDoc xmlns=\"\" xmlns:xsi=\"http://www.w3.org/2001/XMLSchema-instance\" xsi:noNamespaceSchemaLocation=\"http://www.lexisnexis.com/xmlschemas/content/public/articledoc/1/\" schemaVersion=\"1.8\" xml:lang=\"en\"><articleDocHead><itemInfo><sourceSectionInfo><positionSection>NEWS</positionSection><positionSequence>Pg. 0</positionSequence></sourceSectionInfo></itemInfo></articleDocHead><nitf:body xmlns:nitf=\"http://iptc.org/std/NITF/2006-10-18/\"><nitf:body.head><nitf:hedline><nitf:hl1>City employees' benefit claims for medical spa treatments 'fraud,' says auditor general</nitf:hl1></nitf:hedline><nitf:byline><author><person><nameText>David Rider</nameText></person></author></nitf:byline></nitf:body.head><nitf:body.content><bodyText><p nitf:lede=\"true\">Toronto's auditor general is sending a message to city staff - if you commit benefits fraud, there is a good chance you will get caught and possibly fired.</p><p nitf:lede=\"true\">Beverly Romeo-Beehler, in a report released Friday, said \"fraud against the city occurred on several occasions\" involving benefits claims by three city workers and two spouses who separately visited branches of a \"medical spa\" between 2017 and 2019.</p><p nitf:lede=\"true\">The unnamed trio still work for the city, which is \"addressing the employees,\" a city spokesperson said.</p><p>\"Employees who are found to have engaged in fraud could be subject to discipline, up to and including dismissal,\" but as employer the city has to consider any \"mitigating factors\" before imposing any discipline.</p><p>The city has asked its benefits administrator to \"refer the matter to the police and to the required professional bodies,\" for health workers involved.</p><p>The money involved, about $38,000 in claims, is tiny compared to sums in a past scandal exposed by Romeo-Beehler in 2016. Employees were disciplined, including firings, over benefits claims for massive amounts of erectile dysfunction pills and pain-control narcotics such as fentanyl and oxycodone.</p><p>Romeo-Beehler's report on that large-scale fraud led to tightened controls and the city dropping benefits administrator Manulife Financial, which later paid the city a $4-million settlement, and replacing the company with Green Shield Canada.</p><p>Green Shield's fraud control measures alerted the city to the spa claims which triggered the auditor general investigation, Romeo-Beehler said.</p><p>She issued the new report in part to \"make city employees aware of the increased sophistication in monitoring benefit claims and to stress the importance of not becoming involved in schemes like the one identified in this report.\"</p><p>The three city staff and two spouses all made claims for treatment of actinic keratosis, a pre-cancerous skin condition, with the drug Levulan Kerastick - one of the few medical spa treatments covered by city benefits.</p><p>\"All received and submitted invoices from the spa saying they were treated for that condition and all were reimbursed,\" the audit states.</p><p>\"None of the employees ever met the diagnosing doctor. None seemed to know what actinic keratosis even was.\"</p><p>Dozens of invoices were filed in total. People with the skin condition usually each get two to six treatments.</p><p>Here is what the auditor general says happened:</p><p>\"Employee A\" went to the spa for hair loss treatment and expressed concern over cost of the treatment not covered by city benefits. He says the spa told him he could submit expenses as if he had the skin treatment and a doctor would sign forms for the \"fake condition and drug.\" The employee knew the information was false and, after getting caught, repaid the city about $1,500.</p><p>\"Employee B\" went to the spa for laser toenail fungus treatment and was given a doctor-signed form saying his toes would be treated with Levulan. When the claim was rejected, he returned to the spa, which changed the form to say he was being treated for actinic keratosis. Reimbursed almost $10,000 for toe treatments not covered by city benefits, he told investigators he didn't notice the form change. Auditor general staff confirmed he did see the altered treatment forms. He has not repaid the money he received.</p><p>\"Employee C\" went to the spa for a facial, concerned about lines and sagging skin. Invoices say she received treatment for actinic keratosis and rosacea with Levulan. Her spouse had since 2015 submitted benefit claims for treatment for the same ailments. Toenail treatment was added to their invoices, a service she says she never received. The couple received a total of more than $26,000 in benefit payments. \"In our view, on a balance of probabilities, health benefits fraud has also occurred in this case,\" the auditor general wrote. \"She has not repaid the amount she was reimbursed.\"</p><p>Romeo-Beehler's recommendations include the employees being asked to repay the benefits paid to themselves and spouses because spa services were claimed with false invoices.</p><p>\"Although fraud has occurred, we cannot be absolutely sure of the extent and depth of the role or the exact knowledge of each person or organization (the spa, the doctor, some of the city employees, the treating technicians and/or registered practical nurse) played in these events because the very nature of a fraud often involves information that is concealed, altered and/or fabricated,\" she wrote.</p><p>\"In our view, not all those interviewed were always truthful or forthright.\"</p><p>In 2019 the city spent $152 million to provide employee health benefits and another $51.9 million for dental benefits.</p><p>In a separate report released Friday, the auditor general found \"good controls\" on dental claim payments.</p><p>She recommended introducing \"maximum allowable amounts on basic and comprehensive dental services categories\" and, during contract negotiations with city unions, seeking \"some co-insurance payments by plan members.</p><p>\"This measure appears to be in line with other public service plans.\"</p><p>David Rider is the Star's City Hall bureau chief and a reporter covering city hall and municipal politics. Follow him on Twitter: @dmrider</p></bodyText></nitf:body.content></nitf:body><metadata><dc:metadata xmlns:dc=\"http://purl.org/dc/elements/1.1/\"><dc:identifier identifierScheme=\"DOC-ID\">MTRNWS-2020101659150114</dc:identifier><dc:source sourceScheme=\"royaltyReportingKey\">MTRNWS2020</dc:source><dc:identifier identifierScheme=\"PGUID\">urn:contentItem:612Y-Y5C1-F103-3536-00000-00</dc:identifier><dc:source sourceScheme=\"productContentSetIdentifier\">438721</dc:source><dc:date dateType=\"last-updated\">2020-10-17</dc:date></dc:metadata><wordCount number=\"863\"/><publicationInfo><copyright>Copyright 2020 Free Daily News Group Inc. All Rights Reserved</copyright><publicationName>thestar.com</publicationName><publicationDate day=\"16\" month=\"10\" year=\"2020\"><dateText>October 16, 2020 Friday</dateText></publicationDate><classification classificationScheme=\"publicationtype\"><classificationItem><className>Newspaper</className></classificationItem></classification><classification classificationScheme=\"publicationtype\"><classificationItem><className>Web-based Publications</className></classificationItem></classification></publicationInfo><classification classificationScheme=\"language\"><classificationItem classificationScheme=\"lang.english\"><className>ENGLISH</className></classificationItem></classification><classificationGroup classificationScheme=\"indexing-terms\"><classification classificationScheme=\"company\"><classificationItem score=\"54\"><classCode>CC0001WGL</classCode><className>MANULIFE FINANCIAL CORP</className></classificationItem></classification><classification classificationScheme=\"industry\"><classificationItem score=\"54\"><className>NAICS524130 REINSURANCE CARRIERS</className></classificationItem><classificationItem score=\"54\"><className>NAICS524114 DIRECT HEALTH &amp; MEDICAL INSURANCE CARRIERS</className></classificationItem><classificationItem score=\"54\"><className>NAICS524113 DIRECT LIFE INSURANCE CARRIERS</className></classificationItem><classificationItem score=\"54\"><className>NAICS522292 REAL ESTATE CREDIT</className></classificationItem><classificationItem score=\"54\"><className>SIC6321 ACCIDENT &amp; HEALTH INSURANCE</className></classificationItem><classificationItem score=\"54\"><className>SIC6311 LIFE INSURANCE</className></classificationItem><classificationItem score=\"54\"><className>SIC6162 MORTGAGE BANKERS &amp; LOAN CORRESPONDENTS</className></classificationItem></classification><classification classificationScheme=\"ticker\"><classificationItem score=\"54\"><className>MFC (TSX)</className></classificationItem><classificationItem score=\"54\"><className>MFC (NYSE)</className></classificationItem><classificationItem score=\"54\"><className>0945 (HKSE)</className></classificationItem></classification></classificationGroup><classificationGroup classificationScheme=\"indexing-terms\"><classification classificationScheme=\"subject\"><classificationItem score=\"90\"><classCode>STX000303</classCode><className>CIVIL SERVICES</className><classCode/><className/></classificationItem><classificationItem score=\"90\"><classCode>N921130JM</classCode><className>GOVERNMENT CONTROLLERS &amp; AUDITORS</className><classCode/><className/></classificationItem><classificationItem score=\"90\"><classCode>ST000DO1N</classCode><className>NARCOTICS</className><classCode/><className/></classificationItem><classificationItem score=\"90\"><classCode>ST0009FJK</classCode><className>NEGATIVE PERSONAL NEWS</className><classCode/><className/></classificationItem><classificationItem score=\"89\"><classCode>ST000CMJ4</classCode><className>COSMETIC SURGERY &amp; TREATMENTS</className><classCode/><className/></classificationItem><classificationItem score=\"89\"><classCode>STX000759</classCode><className>FRAUD &amp; FINANCIAL CRIME</className><classCode/><className/></classificationItem><classificationItem score=\"89\"><classCode>STX002131</classCode><className>SKIN DISORDERS</className><classCode/><className/></classificationItem><classificationItem score=\"86\"><classCode>STX001576</classCode><className>SKIN CANCER</className><classCode/><className/></classificationItem><classificationItem score=\"78\"><classCode>STX001932</classCode><className>CRIME, LAW ENFORCEMENT &amp; CORRECTIONS</className><classCode/><className/></classificationItem><classificationItem score=\"78\"><classCode>STX000969</classCode><className>INVESTIGATIONS</className><classCode/><className/></classificationItem><classificationItem score=\"78\"><classCode>ST000CTIZ</classCode><className>SCANDALS</className><classCode/><className/></classificationItem><classificationItem score=\"77\"><classCode>N621399CC</classCode><className>HEALTH CARE PROFESSIONALS</className><classCode/><className/></classificationItem><classificationItem score=\"77\"><classCode>STX002002</classCode><className>MEDICAL TREATMENTS &amp; PROCEDURES</className><classCode/><className/></classificationItem><classificationItem score=\"77\"><classCode>ST0009EVK</classCode><className>MEDICINE &amp; HEALTH</className><classCode/><className/></classificationItem><classificationItem score=\"72\"><classCode>STX000248</classCode><className>CANCER</className><classCode/><className/></classificationItem><classificationItem score=\"72\"><classCode>STX001884</classCode><className>SETTLEMENT &amp; COMPROMISE</className><classCode>Z3VpZD11cm46dG9waWM6NkFBRTlDNTg2NTY4NDk3RkE1MDk1NUI5RjlDREYzRTI7cGFyZW50Z3VpZD11cm46dG9waWM6MzUxNjJDMEQ5N0YwNDMzM0JDMjEzM0UzOTYzMzI3OTU</classCode><className>Settlements</className></classificationItem><classificationItem score=\"72\"><classCode>STX002129</classCode><className>SEXUAL DYSFUNCTION</className><classCode/><className/></classificationItem><classificationItem score=\"66\"><classCode>STX001997</classCode><className>UROGENITAL DISORDERS &amp; INJURIES</className><classCode/><className/></classificationItem><classificationItem score=\"50\"><classCode>ST000CPEE</classCode><className>HAIR LOSS</className><classCode/><className/></classificationItem></classification><classification classificationScheme=\"industry\"><classificationItem score=\"91\"><classCode>STX000834</classCode><className>HEALTH INSURANCE</className><classCode/><className/></classificationItem><classificationItem score=\"90\"><classCode>N921130JM</classCode><className>GOVERNMENT CONTROLLERS &amp; AUDITORS</className><classCode/><className/></classificationItem><classificationItem score=\"90\"><classCode>N524000CC</classCode><className>INSURANCE</className><classCode/><className/></classificationItem><classificationItem score=\"90\"><classCode>STX001033</classCode><className>LIFE INSURANCE</className><classCode>Z3VpZD11cm46dG9waWM6MzFEOTQ4RjM2RDk4NDJDNEJERDY1NjREOEVGMTRCOTA7cGFyZW50Z3VpZD11cm46dG9waWM6NTUxRjY2QkZCMjhBNDJENTg2QzJGQUQ1MTAyMEI5RkI</classCode><className>Life Insurance</className></classificationItem><classificationItem score=\"90\"><classCode>STX002011</classCode><className>MORTGAGE BANKING</className><classCode/><className/></classificationItem><classificationItem score=\"90\"><classCode>ST000DO1N</classCode><className>NARCOTICS</className><classCode/><className/></classificationItem><classificationItem score=\"90\"><classCode>STX001455</classCode><className>REAL ESTATE</className><classCode/><className/></classificationItem><classificationItem score=\"90\"><classCode>ST000A2VZ</classCode><classCode/><className/></classificationItem><classificationItem score=\"90\"><classCode>ST000A2W7</classCode><classCode/><className/></classificationItem><classificationItem score=\"89\"><classCode>N812100CC</classCode><className>PERSONAL CARE SERVICES</className><classCode/><className/></classificationItem><classificationItem score=\"89\"><classCode>N524130CC</classCode><className>REINSURANCE</className><classCode>Z3VpZD11cm46dG9waWM6NDI3MjQ3NDBDODZENDNCNUJCNzgwNzgwQTBGNDkxRTQ7cGFyZW50Z3VpZD11cm46dG9waWM6NTUxRjY2QkZCMjhBNDJENTg2QzJGQUQ1MTAyMEI5RkI</classCode><className>Reinsurance</className></classificationItem><classificationItem score=\"77\"><classCode>N621399CC</classCode><className>HEALTH CARE PROFESSIONALS</className><classCode/><className/></classificationItem><classificationItem score=\"70\"><classCode>N522292GC</classCode><className>MORTGAGE BANKING &amp; FINANCE</className><classCode/><className/></classificationItem><classificationItem score=\"66\"><classCode>STX000084</classCode><className>ANALGESICS</className><classCode/><className/></classificationItem></classification><classification classificationScheme=\"city\"><classificationItem score=\"79\"><classCode>GX060</classCode><className>TORONTO, ON, CANADA</className><classCode/><className/></classificationItem></classification><classification classificationScheme=\"state\"><classificationItem score=\"59\"><classCode>GS174</classCode><className>ONTARIO, CANADA</className><classCode/><className/></classificationItem></classification><classification classificationScheme=\"country\"><classificationItem score=\"79\"><classCode>GC339</classCode><className>CANADA</className><classCode/><className/></classificationItem></classification></classificationGroup></metadata></articleDoc></content></entry>"}