{"prediction_class": "Regulatory Breaches Tax Evasion Smuggling of goods", "prediction_score": "0.96", "name": "Manulife", "title": "Streetwise newsletter: Best reads of the week", "published": "2019-10-04T00:00:00Z", "updated": "2020-11-16T04:04:55Z", "cleaned_article": "[TITLE] Streetwise newsletter: Best reads of the week [TITLE] \n\nHere are the top reads on deals and financial services over the last week, Canada needs action, not more taxpayer-funded studies, to deal with money laundering: Back in 2016, when Manulife Bank paid a record $1.15-million penalty for breaking Canada's money-laundering rules, it cut a special deal with the Financial Transactions and Reports Analysis Centre of Canada - it was allowed to keep its name a secret. That confidentiality agreement raised eyebrows, especially after the lender was outed in a media report, and its parent company downplayed the breaches as \"administrative reporting violations.\" https://www.theglobeandmail.com/business/commentary/article-canada-needs-action-mr-scheer-not-more-taxpayer-funded-studies-to/ (Rita Trichur) Canadian securities regulators approve new investor protection rules but advocates want more: Canadian securities regulators have approved a set of investor protection rules that aims to hold advisers accountable for the investment decisions they make for clients, but investor advocates say the changes fall short. https://www.theglobeandmail.com/business/article-canadian-securities-regulators-approve-new-investor-protection-rules/ (Clare O'Hara) U.S. regulator fines RBC Capital Markets US$5-million for failing to prevent illegal trades: A U.S. regulator has fined RBC Capital Markets LLC US$5-million for failing to prevent hundreds of \"fictitious\" offsetting trades even after the investment bank's parent company, Royal Bank of Canada, was disciplined for similar infractions in 2014. Traders at RBC's U.S. capital-markets arm believed the trades were allowed, and used them as a cheaper, less cumbersome way to move positions in futures markets between accounts within the bank. When staff asked a compliance officer whether the trades were appropriate, \"the officer did not respond, follow up with the exchange, or provide any formal training until at least May, 2015,\" the Commodity Futures Trading Commission (CFTC) said in its ruling. https://www.theglobeandmail.com/business/streetwise/article-us-regulator-fines-rbc-capital-markets-us5-million-for-failing-to/ (James Bradshaw)", "raw_cleaned_article": "<h2>Streetwise newsletter: Best reads of the week</h2><p>Here are the top reads on deals and financial services over the last week, <b>Canada needs action, not more taxpayer-funded studies, to deal with money laundering: Back in 2016, when Manulife Bank paid a record $1.15-million penalty for breaking Canada's money-laundering rules, it cut a special deal with the Financial Transactions and Reports Analysis Centre of Canada - it was allowed to keep its name a secret. That confidentiality agreement raised eyebrows, especially after the lender was outed in a media report, and its parent company downplayed the breaches as \"administrative reporting violations.\" https://www.theglobeandmail.com/business/commentary/article-canada-needs-action-mr-scheer-not-more-taxpayer-funded-studies-to/ (Rita Trichur)</b> Canadian securities regulators approve new investor protection rules but advocates want more: Canadian securities regulators have approved a set of investor protection rules that aims to hold advisers accountable for the investment decisions they make for clients, but investor advocates say the changes fall short. https://www.theglobeandmail.com/business/article-canadian-securities-regulators-approve-new-investor-protection-rules/ (Clare O'Hara) U.S. regulator fines RBC Capital Markets US$5-million for failing to prevent illegal trades: A U.S. regulator has fined RBC Capital Markets LLC US$5-million for failing to prevent hundreds of \"fictitious\" offsetting trades even after the investment bank's parent company, Royal Bank of Canada, was disciplined for similar infractions in 2014. Traders at RBC's U.S. capital-markets arm believed the trades were allowed, and used them as a cheaper, less cumbersome way to move positions in futures markets between accounts within the bank. When staff asked a compliance officer whether the trades were appropriate, \"the officer did not respond, follow up with the exchange, or provide any formal training until at least May, 2015,\" the Commodity Futures Trading Commission (CFTC) said in its ruling. https://www.theglobeandmail.com/business/streetwise/article-us-regulator-fines-rbc-capital-markets-us5-million-for-failing-to/ (James Bradshaw)</p>", "original_content": "<entry xmlns=\"http://www.w3.org/2005/Atom\"><id>urn:contentItem:5X6F-SP61-JCS0-V223-00000-00</id><title>Streetwise newsletter: Best reads of the week</title><published>2019-10-04T00:00:00Z</published><updated>2020-11-16T04:04:55Z</updated><author><name>LexisNexis</name></author><content type=\"application/xml\"><!--Transformation version 1.23--><articleDoc xmlns=\"\" xmlns:xsi=\"http://www.w3.org/2001/XMLSchema-instance\" xsi:noNamespaceSchemaLocation=\"http://www.lexisnexis.com/xmlschemas/content/public/articledoc/1/\" schemaVersion=\"1.8\" xml:lang=\"en\"><articleDocHead><itemInfo><sourceSectionInfo><positionSection>BUSINESS</positionSection></sourceSectionInfo></itemInfo></articleDocHead><nitf:body xmlns:nitf=\"http://iptc.org/std/NITF/2006-10-18/\"><nitf:body.head><nitf:hedline><nitf:hl1>Streetwise newsletter: Best reads of the week</nitf:hl1></nitf:hedline></nitf:body.head><nitf:body.content><bodyText><p nitf:lede=\"true\">Here are the top reads on deals and financial services over the last week,</p><p nitf:lede=\"true\">Canada needs action, not more taxpayer-funded studies, to deal with money laundering: Back in 2016, when Manulife Bank paid a record $1.15-million penalty for breaking Canada's money-laundering rules, it cut a special deal with the Financial Transactions and Reports Analysis Centre of Canada - it was allowed to keep its name a secret. That confidentiality agreement raised eyebrows, especially after the lender was outed in a media report, and its parent company downplayed the breaches as \"administrative reporting violations.\" <url normalizedValue=\"https://www.theglobeandmail.com/business/commentary/article-canada-needs-action-mr-scheer-not-more-taxpayer-funded-studies-to/\">https://www.theglobeandmail.com/business/commentary/article-canada-needs-action-mr-scheer-not-more-taxpayer-funded-studies-to/</url> (Rita Trichur)</p><p nitf:lede=\"true\">Canadian securities regulators approve new investor protection rules but advocates want more: Canadian securities regulators have approved a set of investor protection rules that aims to hold advisers accountable for the investment decisions they make for clients, but investor advocates say the changes fall short. <url normalizedValue=\"https://www.theglobeandmail.com/business/article-canadian-securities-regulators-approve-new-investor-protection-rules/\">https://www.theglobeandmail.com/business/article-canadian-securities-regulators-approve-new-investor-protection-rules/</url> (Clare O'Hara)</p><p>U.S. regulator fines RBC Capital Markets US$5-million for failing to prevent illegal trades: A U.S. regulator has fined RBC Capital Markets LLC US$5-million for failing to prevent hundreds of \"fictitious\" offsetting trades even after the investment bank's parent company, Royal Bank of Canada, was disciplined for similar infractions in 2014. Traders at RBC's U.S. capital-markets arm believed the trades were allowed, and used them as a cheaper, less cumbersome way to move positions in futures markets between accounts within the bank. When staff asked a compliance officer whether the trades were appropriate, \"the officer did not respond, follow up with the exchange, or provide any formal training until at least May, 2015,\" the Commodity Futures Trading Commission (CFTC) said in its ruling. <url normalizedValue=\"https://www.theglobeandmail.com/business/streetwise/article-us-regulator-fines-rbc-capital-markets-us5-million-for-failing-to/\">https://www.theglobeandmail.com/business/streetwise/article-us-regulator-fines-rbc-capital-markets-us5-million-for-failing-to/</url> (James Bradshaw)</p><p>Desjardins makes changes to exec team as financial co-operative looks to expand wealth management: Desjardins Group is making changes to its executive team as the financial co-operative looks to ramp up efforts to expand its wealth management business across Canada. Denis Dubois is taking over as executive vice-president in charge of wealth management, as well as the life and health insurance businesses. Mr. Dubois moves from another key role leading the property and casualty insurance arm of Desjardins, which he had held since mid-2016. <url normalizedValue=\"https://www.theglobeandmail.com/business/article-desjardins-makes-changes-to-exec-team-as-financial-co-operative-looks/\">https://www.theglobeandmail.com/business/article-desjardins-makes-changes-to-exec-team-as-financial-co-operative-looks/</url> (James Bradshaw)</p><p>Charles Schwab's move to axe online trading fees weighs on TD: Concerns over slowing economic growth, falling interest rates and a trade war between the United States and China have been weighing on Canadian bank stocks for more than a year. Now, investors have something else to consider: tumbling U.S. brokerage fees. <url normalizedValue=\"https://www.theglobeandmail.com/investing/markets/inside-the-market/article-td-takes-hit-as-us-online-brokers-end-commissions-on-trades/\">https://www.theglobeandmail.com/investing/markets/inside-the-market/article-td-takes-hit-as-us-online-brokers-end-commissions-on-trades/</url> (David Berman)</p><p>Canadian banks need to prepare for open banking now or risk being left behind: Banking services are headed toward a new horizon as emerging technologies and regulations enable better access to data. Broadly, this capability is called \"open banking,\" a process where bank customers can share access to their financial data with third parties in exchange for the promise of better products and services. <url normalizedValue=\"https://www.theglobeandmail.com/business/commentary/article-canadian-banks-need-to-prepare-for-open-banking-now-or-risk-being-left/\">https://www.theglobeandmail.com/business/commentary/article-canadian-banks-need-to-prepare-for-open-banking-now-or-risk-being-left/</url> (Robert Vokes and Andrew McFarlane)</p><p>WeWork woes, shareholder anger complicate HBC plans to privatize: As Hudson's Bay Co.'s executive chairman seeks to privatize the retailer, his company is facing more uncertainty due to problems at one of its partners, WeWork, and further criticism from a dissident shareholder. <url normalizedValue=\"https://www.theglobeandmail.com/business/article-wework-woes-shareholder-anger-complicate-hbc-plans-to-privatize/\">https://www.theglobeandmail.com/business/article-wework-woes-shareholder-anger-complicate-hbc-plans-to-privatize/</url> (Rachelle Younglai)</p><p>WeWork pulls the plug on IPO, plans on 'revisiting the public equity markets in the future': WeWork's parent The We Company said on Monday it will file to withdraw its initial public offering, a week after the SoftBank-backed office-sharing startup ousted founder Adam Neumann as its chief executive officer. <url normalizedValue=\"https://www.theglobeandmail.com/business/international-business/us-business/article-wework-to-withdraw-ipo-focus-on-our-core-business/\">https://www.theglobeandmail.com/business/international-business/us-business/article-wework-to-withdraw-ipo-focus-on-our-core-business/</url> (Reuters)</p><p>SoftBank bet billions on disruptive companies. Many have not paid off: Anyone who has taken an Uber, sent a Slack message or enjoyed a free beer at a WeWork owes a little something to Masayoshi Son. <url normalizedValue=\"https://www.theglobeandmail.com/business/international-business/us-business/article-softbank-bet-billions-on-disruptive-companies-many-have-not-paid-off/\">https://www.theglobeandmail.com/business/international-business/us-business/article-softbank-bet-billions-on-disruptive-companies-many-have-not-paid-off/</url> (The New York Times)</p><p>DEALS NEWS: MERGERS, ACQUISITIONS, IPOs and FINANCINGS</p><p>Toronto REIT hopes for $300-million IPO, capitalizing on city's rental shortage: Another rental apartment owner is looking to go public, capitalizing on a shortage of rental units in the Greater Toronto Area and a hot market for high-yield stocks. Toronto-based Continuum Residential Real Estate Investment Trust has filed the paperwork for an initial public offering and is looking to raise $300-million, according to people familiar with the deal. <url normalizedValue=\"https://www.theglobeandmail.com/business/article-rental-apartment-crisis-fuels-300-million-ipo-for-continuum/\">https://www.theglobeandmail.com/business/article-rental-apartment-crisis-fuels-300-million-ipo-for-continuum/</url> (Tim Kiladze)</p><p>Husky to sell Prince George refinery to Tidewater Midstream for $215-million: Canadian oil and gas producer Husky Energy said on Friday it would sell its refinery in Prince George, B.C., to Tidewater Midstream and Infrastructure for $215-million in cash. Husky said in early January that it was exploring options for some of its non-core and downstream assets, including the Prince George refinery, to increase focus on its core assets in Atlantic Canada and the Asia-Pacific region. <url normalizedValue=\"https://www.theglobeandmail.com/business/industry-news/energy-and-resources/article-husky-to-sell-prince-george-refinery-to-tidewater-midstream-for-21/\">https://www.theglobeandmail.com/business/industry-news/energy-and-resources/article-husky-to-sell-prince-george-refinery-to-tidewater-midstream-for-21/</url> (Reuters)</p><p>Flutter buys PokerStars parent to create online betting giant: Gambling company The Stars Group Inc. has agreed to a US$6-billion takeover by a European competitor, the latest big deal in a consolidating sector that is looking for growth in the U.S. market. Toronto-based Stars Group, previously known as Amaya Inc., is to be acquired by Ireland's Flutter Entertainment PLC in an all-share deal that would give Stars Group shareholders about 46 per cent of the merged entity. Its TSX-listed shares rose 31 per cent on the news to close at $26.49 apiece on the Toronto Stock Exchange. <url normalizedValue=\"https://www.theglobeandmail.com/business/article-stars-group-to-be-acquired-by-flutter-entertainment-in-6-billion/\">https://www.theglobeandmail.com/business/article-stars-group-to-be-acquired-by-flutter-entertainment-in-6-billion/</url> (Niall McGee)</p><p>Morgan Stanley, Goldman Sachs poised to lead Airbnb's listing: report: Short-term home rental company Airbnb Inc is set to hire Morgan Stanley and Goldman Sachs Group Inc as joint lead advisers on its planned stock market flotation next year, people familiar with the matter said on Wednesday. The appointments would represent another high-profile assignment for the storied investment banks, albeit potentially less lucrative than usual. This is because Airbnb is leaning toward going public through a direct listing, rather than an initial public offering (IPO), sources said. <url normalizedValue=\"https://www.theglobeandmail.com/business/international-business/us-business/article-morgan-stanley-goldman-sachs-poised-to-lead-airbnbs-listing-sources/\">https://www.theglobeandmail.com/business/international-business/us-business/article-morgan-stanley-goldman-sachs-poised-to-lead-airbnbs-listing-sources/</url> (Reuters)</p><p>Caisse invests $50-million in escooter company Bird: The Caisse de d\u00e9p\u00f4t et placement du Qu\u00e9bec has invested US$50-million in electric scooter startup Bird Rides Inc., whose electric vehicles are now in more than 100 cities around the world including Calgary and Edmonton. <url normalizedValue=\"https://www.theglobeandmail.com/business/technology/article-caisse-invests-us50-million-in-electric-scooter-company-bird-rides/\">https://www.theglobeandmail.com/business/technology/article-caisse-invests-us50-million-in-electric-scooter-company-bird-rides/</url> (Sean Silcoff)</p><p>Canopy buys majority stake in sports drink company BioSteel: The time has come for an idea to have cannabis in sports drinks, says a former NHL player. The sports nutrition business Mike Cammalleri co-founded has been bought by a cannabis company. Canopy Growth Corporation announced Wednesday the purchase of a majority stake in BioSteel Sports Nutrition, which is now developing a line of cannabidiol (CBD) products. <url normalizedValue=\"https://www.theglobeandmail.com/cannabis/article-canopy-buys-majority-stake-in-sports-drink-company-biosteel/\">https://www.theglobeandmail.com/cannabis/article-canopy-buys-majority-stake-in-sports-drink-company-biosteel/</url> (The Canadian Press)</p><p>Building a bigger bundle: Telus acquires ADT Security's Canadian arm for $700-million: Telus Corp. is buying one of the largest home-security businesses in the country, paying $700-million in cash for ADT Security Services Inc. as telecommunications giants race to expand their product bundles. <url normalizedValue=\"https://www.theglobeandmail.com/business/article-building-a-bigger-bundle-telus-acquires-adt-securitys-canadian-arm/\">https://www.theglobeandmail.com/business/article-building-a-bigger-bundle-telus-acquires-adt-securitys-canadian-arm/</url> (Tim Kiladze)</p><p>IN CASE YOU MISSED IT</p><p>Heavy Lifting: Seven reasons why voters should worry more about big government and red ink: Barely 3.5 per cent of Canadians named debt and deficits as the most important issue of national concern in the most recent polling done by Nanos Research. That trails the environment (21.7 per cent) and jobs/economy (18.2 per cent) by a hefty margin, and in fact, the number has never exceeded 10 per cent during the last five years of Nanos surveys. <url normalizedValue=\"https://www.theglobeandmail.com/business/article-heavy-lifting-seven-reasons-why-voters-should-worry-more-about-big/\">https://www.theglobeandmail.com/business/article-heavy-lifting-seven-reasons-why-voters-should-worry-more-about-big/</url> (Nicolas Van Praet, David Parkinson and Bill Curry)</p><p>The Streetwise newsletter is Monday to Friday. If you're reading this on the web, or if someone forwarded this e-mail to you, you can sign up for Streetwise and all Globe newsletters on our <url normalizedValue=\"https://www.theglobeandmail.com/newsletters/?utm_source=Arcnewsletter&amp;utm_medium=email&amp;utm_campaign=fixed_positions&amp;utm_term=signuppage&amp;utm_content=streetwise_promo#newsletter-group-2\">https://www.theglobeandmail.com/newsletters/?utm_source=Arcnewsletter&amp;utm_medium=email&amp;utm_campaign=fixed_positions&amp;utm_term=signuppage&amp;utm_content=streetwise_promo#newsletter-group-2</url> .</p><p>Follow this link to view this story on globeandmail.com: <url normalizedValue=\"https://www.theglobeandmail.com/business/streetwise/article-streetwise-newsletter-best-reads-of-the-week-49/\">https://www.theglobeandmail.com/business/streetwise/article-streetwise-newsletter-best-reads-of-the-week-49/</url> The viewing of this article is only available to Globe Unlimited subscribers.</p></bodyText></nitf:body.content></nitf:body><metadata><dc:metadata xmlns:dc=\"http://purl.org/dc/elements/1.1/\"><dc:identifier identifierScheme=\"DOC-ID\">BRNWGM-RTGAM20191004ellipsis_SNK4YDNAQ5GTREIRSQUWZQJUGU</dc:identifier><dc:source sourceScheme=\"royaltyReportingKey\">BRNWGM2019</dc:source><dc:identifier identifierScheme=\"PGUID\">urn:contentItem:5X6F-SP61-JCS0-V223-00000-00</dc:identifier><dc:source sourceScheme=\"productContentSetIdentifier\">302564</dc:source><dc:date dateType=\"last-updated\">2019-10-04</dc:date></dc:metadata><wordCount number=\"1743\"/><timeReceived>8:03 PM GMT</timeReceived><publicationInfo><copyright>Copyright 2019 The Globe and Mail, a division of CTVglobemedia Publishing Inc. All Rights Reserved</copyright><publicationName>Breaking News from globeandmail.com</publicationName><publicationDate day=\"04\" month=\"10\" year=\"2019\"><dateText>October 4, 2019 Friday</dateText></publicationDate><classification classificationScheme=\"publicationtype\"><classificationItem><className>Web Publication</className></classificationItem></classification><classification classificationScheme=\"publicationtype\"><classificationItem><className>Newspapers</className></classificationItem></classification></publicationInfo><classification classificationScheme=\"language\"><classificationItem classificationScheme=\"lang.english\"><className>ENGLISH</className></classificationItem></classification><classificationGroup classificationScheme=\"indexing-terms\"><classification classificationScheme=\"company\"><classificationItem score=\"84\"><classCode>CC0001YQR</classCode><className>ROYAL BANK OF CANADA</className></classificationItem><classificationItem score=\"54\"><classCode>CC0008B2C</classCode><className>RBC DOMINION SECURITIES INC</className></classificationItem><classificationItem score=\"54\"><classCode>CC0001NUE</classCode><className>RBC WEALTH MANAGEMENT</className></classificationItem><classificationItem score=\"52\"><classCode>CC0002DVV</classCode><className>COMMODITY FUTURES TRADING COMMISSION</className></classificationItem><classificationItem score=\"51\"><classCode>CC0003XBP</classCode><className>MOUVEMENT DES CAISSES DESJARDINS</className></classificationItem></classification><classification classificationScheme=\"industry\"><classificationItem score=\"84\"><className>NAICS522293 INTERNATIONAL TRADE FINANCING</className></classificationItem><classificationItem score=\"84\"><className>NAICS522110 COMMERCIAL BANKING</className></classificationItem><classificationItem score=\"84\"><className>SIC6029 COMMERCIAL BANKS, NEC</className></classificationItem><classificationItem score=\"54\"><className>NAICS523110 INVESTMENT BANKING &amp; SECURITIES DEALING</className></classificationItem><classificationItem score=\"54\"><className>SIC6211 SECURITY BROKERS, DEALERS, &amp; FLOTATION COMPANIES</className></classificationItem><classificationItem score=\"54\"><className>NAICS541611 ADMINISTRATIVE MANAGEMENT &amp; GENERAL MANAGEMENT CONSULTING SERVICES</className></classificationItem><classificationItem score=\"54\"><className>NAICS523120 SECURITIES BROKERAGE</className></classificationItem><classificationItem score=\"51\"><className>NAICS522130 CREDIT UNIONS</className></classificationItem><classificationItem score=\"51\"><className>SIC6062 CREDIT UNIONS, NOT FEDERALLY CHARTERED</className></classificationItem></classification><classification classificationScheme=\"ticker\"><classificationItem score=\"84\"><className>RY (TSX)</className></classificationItem><classificationItem score=\"84\"><className>RY (SWX)</className></classificationItem><classificationItem score=\"84\"><className>RY (NYSE)</className></classificationItem></classification></classificationGroup><classificationGroup classificationScheme=\"indexing-terms\"><classification classificationScheme=\"legal\"><classificationItem><className>Business &amp; Corporate Compliance</className><classCode>Z3VpZD11cm46dG9waWM6MUFEMUQ2QTA1OUZCNEE5RjkzNTA2RERFMUNEOTk1RTI7cGFyZW50Z3VpZD0</classCode><classificationItem score=\"50\"><className>US Commodity Futures Trading Commission</className><classCode>Z3VpZD11cm46dG9waWM6Njg1Q0QzNkVGODQ3NEIwMjhFN0M1OEE5QjE2N0RFRkE7cGFyZW50Z3VpZD11cm46dG9waWM6RkQxQjQ4OEIyMUE0NDVEQjk2QkFDMUQ3MEMyOTEwNTY</classCode></classificationItem></classificationItem><classificationItem><className>Real Property Law</className><classCode>Z3VpZD11cm46dG9waWM6QUUyRTcxRURBNEY2NEE2MDk3QzBCNzRDOEY0NTZDQzk7cGFyZW50Z3VpZD0</classCode><classificationItem score=\"50\"><className>Real Estate Investment Trusts</className><classCode>Z3VpZD11cm46dG9waWM6M0VBOTBEMUNGMjA5NEMxN0JBRTE1M0MxQzM4QzE1Nzc7cGFyZW50Z3VpZD11cm46dG9waWM6MDA0QjAwN0E3NDgwNDhBRjgxMDIzRUFDQkNERDc0ODQ</classCode></classificationItem></classificationItem><classificationItem><className>Securities Law</className><classCode>Z3VpZD11cm46dG9waWM6RkFFMTQ3ODhCRDYyNDkyN0IwQkEyQzRCRDlFMEM5ODc7cGFyZW50Z3VpZD0</classCode><classificationItem score=\"50\"><className>Authorities &amp; Powers</className><classCode>Z3VpZD11cm46dG9waWM6RTlDOEFBQUE1NEQ0NDMxRDlDRjc4RkY3MkQwNjcyQzg7cGFyZW50Z3VpZD11cm46dG9waWM6Njg1Q0QzNkVGODQ3NEIwMjhFN0M1OEE5QjE2N0RFRkE</classCode></classificationItem><classificationItem score=\"89\"><className>General Overview</className><classCode>Z3VpZD11cm46dG9waWM6NDI0M0I0QjVFQjkwNDdCMzgwQUIyNTU4RUE4NTkyQUY7cGFyZW50Z3VpZD11cm46dG9waWM6NjRFNjIwMDZBQ0FBNDdBRkFGRTMxMkE0RUNGMEVEMkQ</classCode></classificationItem><classificationItem score=\"50\"><className>General Overview</className><classCode>Z3VpZD11cm46dG9waWM6MkNBQzUwNTRGRkY1NDdFNzk3QzJGNTA3RjMzNDA3RTI7cGFyZW50Z3VpZD11cm46dG9waWM6QUE5REYwNEVDOTM1NDI1MUI4MzI5RkQzQzcyRDYzRjM</classCode></classificationItem><classificationItem score=\"50\"><className>US Commodity Futures Trading Commission</className><classCode>Z3VpZD11cm46dG9waWM6Njg1Q0QzNkVGODQ3NEIwMjhFN0M1OEE5QjE2N0RFRkE7cGFyZW50Z3VpZD11cm46dG9waWM6RkQxQjQ4OEIyMUE0NDVEQjk2QkFDMUQ3MEMyOTEwNTY</classCode></classificationItem></classificationItem></classification><classification classificationScheme=\"subject\"><classificationItem score=\"92\"><classCode>STX001976</classCode><className>SECURITIES &amp; OTHER INVESTMENTS</className><classCode/><className/></classificationItem><classificationItem score=\"91\"><classCode>N926150GC</classCode><className>BANKING &amp; FINANCE REGULATION</className><classCode/><className/></classificationItem><classificationItem score=\"90\"><classCode>STX000108</classCode><className>APPROVALS</className><classCode/><className/></classificationItem><classificationItem score=\"90\"><classCode>N522130MM</classCode><className>CREDIT UNIONS</className><classCode/><className/></classificationItem><classificationItem score=\"90\"><classCode>STX000722</classCode><className>FINES &amp; PENALTIES</className><classCode/><className/></classificationItem><classificationItem score=\"90\"><classCode>N522293CC</classCode><className>INTERNATIONAL TRADE FINANCING</className><classCode/><className/></classificationItem><classificationItem score=\"90\"><classCode>N541611MM</classCode><className>MANAGEMENT CONSULTING</className><classCode/><className/></classificationItem><classificationItem score=\"90\"><classCode>STX001159</classCode><className>MONEY LAUNDERING</className><classCode>Z3VpZD11cm46dG9waWM6QzBDQzA4NEVCN0Q0NEZCRkEwNjY3Qzk3MDA3NzlCMjU7cGFyZW50Z3VpZD11cm46dG9waWM6NkUzNTQ1QUZBM0Y5NDcyQjk4N0I5Mjg0QzU3NDk0MDI</classCode><className>Money Laundering</className></classificationItem><classificationItem score=\"90\"><classCode>ST0009FJK</classCode><className>NEGATIVE PERSONAL NEWS</className><classCode/><className/></classificationItem><classificationItem score=\"90\"><classCode>STX001209</classCode><className>NEW ISSUES</className><classCode/><className/></classificationItem><classificationItem score=\"90\"><classCode>STX001462</classCode><className>REGULATORY COMPLIANCE</className><classCode/><className/></classificationItem><classificationItem score=\"90\"><classCode>N926150GM</classCode><className>SECURITIES LAW</className><classCode>Z3VpZD11cm46dG9waWM6RkFFMTQ3ODhCRDYyNDkyN0IwQkEyQzRCRDlFMEM5ODc7cGFyZW50Z3VpZD11cm46dG9waWM6MUFEMUQ2QTA1OUZCNEE5RjkzNTA2RERFMUNEOTk1RTI</classCode><className>Securities</className></classificationItem><classificationItem score=\"90\"><classCode>N523110GM</classCode><className>SECURITIES TRADING</className><classCode/><className/></classificationItem><classificationItem score=\"90\"><classCode>STX001632</classCode><className>STOCK OFFERINGS</className><classCode/><className/></classificationItem><classificationItem score=\"89\"><classCode>ST00014380</classCode><className>BUSINESS COOPERATIVES</className><classCode>Z3VpZD11cm46dG9waWM6QTNCQUY4MUFBQzI2NEY1QzhENjQzNDZDRjRERTcwNDQ7cGFyZW50Z3VpZD11cm46dG9waWM6QjA4OEVGODBENzY4NDcxM0IyQzA1OTEwQzVDODRBOUE</classCode><className>Cooperatives</className></classificationItem><classificationItem score=\"89\"><classCode>N521100MM</classCode><className>CENTRAL BANKS</className><classCode/><className/></classificationItem><classificationItem score=\"89\"><classCode>ST000D1BY</classCode><className>EXECUTIVES</className><classCode/><className/></classificationItem><classificationItem score=\"89\"><classCode>STX000770</classCode><className>FUTURES</className><classCode/><className/></classificationItem><classificationItem score=\"89\"><classCode>N551112MM</classCode><className>HOLDING COMPANIES</className><classCode/><className/></classificationItem><classificationItem score=\"89\"><classCode>ST0008X0J</classCode><className>OFFICE MANAGEMENT</className><classCode/><className/></classificationItem><classificationItem score=\"89\"><classCode>ST000CMR7</classCode><className>PARENT COMPANIES</className><classCode/><className/></classificationItem><classificationItem score=\"88\"><classCode>N523120MC</classCode><className>SECURITIES BROKERS</className><classCode/><className/></classificationItem><classificationItem score=\"78\"><classCode>ST000DH0Q</classCode><className>AGREEMENTS</className><classCode/><className/></classificationItem><classificationItem score=\"78\"><classCode>ST000A4CY</classCode><className>BANKING &amp; FINANCE REGULATORY COMPLIANCE</className><classCode/><className/></classificationItem><classificationItem score=\"72\"><classCode>STX000713</classCode><className>FINANCIAL CRIME COUNTERMEASURES</className><classCode/><className/></classificationItem><classificationItem score=\"71\"><classCode>ST000DA9H</classCode><className>CONFIDENTIALITY AGREEMENTS</className><classCode/><className/></classificationItem></classification><classification classificationScheme=\"industry\"><classificationItem score=\"92\"><classCode>N520000CC</classCode><className>BANKING &amp; FINANCE</className><classCode/><className/></classificationItem><classificationItem score=\"92\"><classCode>STX001976</classCode><className>SECURITIES &amp; OTHER INVESTMENTS</className><classCode/><className/></classificationItem><classificationItem score=\"92\"><classCode>ST0009RX6</classCode><classCode/><className/></classificationItem><classificationItem score=\"91\"><classCode>N926150GC</classCode><className>BANKING &amp; FINANCE REGULATION</className><classCode/><className/></classificationItem><classificationItem score=\"90\"><classCode>N522110DC</classCode><className>COMMERCIAL BANKING</className><classCode>Z3VpZD11cm46dG9waWM6NDIyQTAxOUNERDI4NDdFNjkyMEFDOTFFM0MwMTQzNjQ7cGFyZW50Z3VpZD11cm46dG9waWM6QjQyMUFCOUJBNURBNEFDREE3MTNCNDk5QkQ4NUM3RjI</classCode><className>Commercial Banks</className></classificationItem><classificationItem score=\"90\"><classCode>N522130MM</classCode><className>CREDIT UNIONS</className><classCode/><className/></classificationItem><classificationItem score=\"90\"><classCode>N522120FD</classCode><className>FRIENDLY &amp; PROVIDENT SOCIETIES</className><classCode/><className/></classificationItem><classificationItem score=\"90\"><classCode>N522293CC</classCode><className>INTERNATIONAL TRADE FINANCING</className><classCode/><className/></classificationItem><classificationItem score=\"90\"><classCode>N523110EC</classCode><className>INVESTMENT BANKING</className><classCode/><className/></classificationItem><classificationItem score=\"90\"><classCode>N541611MM</classCode><className>MANAGEMENT CONSULTING</className><classCode/><className/></classificationItem><classificationItem score=\"90\"><classCode>STX001209</classCode><className>NEW ISSUES</className><classCode/><className/></classificationItem><classificationItem score=\"90\"><classCode>N926150GM</classCode><className>SECURITIES LAW</className><classCode>Z3VpZD11cm46dG9waWM6RkFFMTQ3ODhCRDYyNDkyN0IwQkEyQzRCRDlFMEM5ODc7cGFyZW50Z3VpZD11cm46dG9waWM6MUFEMUQ2QTA1OUZCNEE5RjkzNTA2RERFMUNEOTk1RTI</classCode><className>Securities</className></classificationItem><classificationItem score=\"90\"><classCode>N523110GM</classCode><className>SECURITIES TRADING</className><classCode/><className/></classificationItem><classificationItem score=\"90\"><classCode>STX001632</classCode><className>STOCK OFFERINGS</className><classCode/><className/></classificationItem><classificationItem score=\"90\"><classCode>STX001821</classCode><className>WEALTH MANAGEMENT</className><classCode/><className/></classificationItem><classificationItem score=\"89\"><classCode>N521100MM</classCode><className>CENTRAL BANKS</className><classCode/><className/></classificationItem><classificationItem score=\"89\"><classCode>STX000770</classCode><className>FUTURES</className><classCode/><className/></classificationItem><classificationItem score=\"88\"><classCode>N523120MC</classCode><className>SECURITIES BROKERS</className><classCode/><className/></classificationItem><classificationItem score=\"78\"><classCode>ST0008WZ9</classCode><className>BANK HOLDING COMPANIES</className><classCode>Z3VpZD11cm46dG9waWM6QTExQjk4M0RBNjUyNDBDNTgwNjI4MUIzRUU0RDBEMzI7cGFyZW50Z3VpZD11cm46dG9waWM6RTc3MUQ5Rjg4MjYzNENDQzk2QjQ0NzA5RjFDNzY0RDk</classCode><className>Bank Holding Companies</className></classificationItem><classificationItem score=\"78\"><classCode>ST000A4CY</classCode><className>BANKING &amp; FINANCE REGULATORY COMPLIANCE</className><classCode/><className/></classificationItem><classificationItem score=\"78\"><classCode>N524000CC</classCode><className>INSURANCE</className><classCode/><className/></classificationItem><classificationItem score=\"78\"><classCode>ST000A2VZ</classCode><classCode/><className/></classificationItem><classificationItem score=\"77\"><classCode>STX000373</classCode><className>CONSULTING SERVICES</className><classCode/><className/></classificationItem><classificationItem score=\"74\"><classCode>N511000CC</classCode><className>PUBLISHING</className><classCode/><className/></classificationItem><classificationItem score=\"60\"><classCode>STX000834</classCode><className>HEALTH INSURANCE</className><classCode/><className/></classificationItem><classificationItem score=\"60\"><classCode>STX001033</classCode><className>LIFE INSURANCE</className><classCode>Z3VpZD11cm46dG9waWM6MzFEOTQ4RjM2RDk4NDJDNEJERDY1NjREOEVGMTRCOTA7cGFyZW50Z3VpZD11cm46dG9waWM6NTUxRjY2QkZCMjhBNDJENTg2QzJGQUQ1MTAyMEI5RkI</classCode><className>Life Insurance</className></classificationItem><classificationItem score=\"60\"><classCode>STX001888</classCode><className>PROPERTY &amp; CASUALTY INSURANCE</className><classCode>Z3VpZD11cm46dG9waWM6Q0IxRTFGMjc4NUEzNDI4MEIzMzIxNzNDQTU4NEQwODY7cGFyZW50Z3VpZD11cm46dG9waWM6NTUxRjY2QkZCMjhBNDJENTg2QzJGQUQ1MTAyMEI5RkI</classCode><className>Property Insurance</className></classificationItem></classification><classification classificationScheme=\"country\"><classificationItem score=\"97\"><classCode>GC339</classCode><className>CANADA</className><classCode/><className/></classificationItem></classification></classificationGroup></metadata></articleDoc></content></entry>"}