{"prediction_class": "Fraud Embezzlement Misappropriation", "prediction_score": "0.84", "name": "Manulife", "title": "Canada: Securities Litigation Snapshot (April 2014)", "published": "2014-04-25T00:00:00Z", "updated": "2020-11-16T03:38:40Z", "cleaned_article": "[TITLE] Canada: Securities Litigation Snapshot (April 2014) [TITLE] \n\nShoppers Drug Mart Inc. v. 6470360 Canada Inc., [2014] O.J. No. 476 (C.A.) In Shoppers Drug Mart Inc. v. 6470360 Canada Inc., the Ontario Court of Appeal considered appeals of two cross motions for summary judgment brought by 6470360 Canada Inc. (\"647\") and Shoppers Drug Mart Inc. (\"Shoppers\"). One of the issues considered by the Court was the circumstances in which it is appropriate to pierce the corporate veil to find a director of a corporation personally liable. The Court of Appeal again confirmed that a corporate veil may be pierced where those in control expressly direct a wrongful thing to be done. A more detailed summary of the case can be found here. On appeal, Manulife argued that the motions judge had erred in certifying the common law negligent misrepresentation claims because he ignored the underlying premise of Part XXIII.1 of the Securities Act, namely the unsuitability of common law misrepresentation claims for certification. Sanderson M.A. disagreed and dismissed the motion for leave, finding that the motions judge had not erred in certifying the negligent misrepresentation claims because in the case at bar there was a core misrepresentation alleged and the common issues trial judge would not be required to deal with multiple representations over a multi-year timeframe. The Court of Appeal's decision is somewhat in contrast to the recent decision of  Perell J. in Millwright Regional Council of Ontario Pension Trust Fund (Trustees of) v. Celestica Inc., released on February 19, 2014, where Perell J. found that where there is a statutory misrepresentation claim and a common law misrepresentation claim for the same misrepresentation, the statutory claim is the \"preferable way to resolve the Class Members' claims\". Perell J.commented that the statutory claim was introduced precisely to overcome the difficulties of a class action for negligent misrepresentation with respect to the distribution of debt and equity instruments in the primary and secondary market for securities. Perell J.declined to certify the common law negligent misrepresentation claims in that matter as a result, finding they did not  meet the preferrable procedure test under the Class Proceedings Act.  About BLG", "raw_cleaned_article": "<h2>Canada: Securities Litigation Snapshot (April 2014)</h2><p>Shoppers Drug Mart Inc. v. 6470360 Canada Inc., [2014] O.J. No. 476 (C.A.) In Shoppers Drug Mart Inc. v. 6470360 Canada Inc., the Ontario Court of Appeal considered appeals of two cross motions for summary judgment brought by 6470360 Canada Inc. (\"647\") and Shoppers Drug Mart Inc. (\"Shoppers\"). One of the issues considered by the Court was the circumstances in which it is appropriate to pierce the corporate veil to find a director of a corporation personally liable. The Court of Appeal again confirmed that a corporate veil may be pierced where those in control expressly direct a wrongful thing to be done. A more detailed summary of the case can be found here. <b>On appeal, Manulife argued that the motions judge had erred in certifying the common law negligent misrepresentation claims because he ignored the underlying premise of Part XXIII.1 of the Securities Act, namely the unsuitability of common law misrepresentation claims for certification. Sanderson M.A. disagreed and dismissed the motion for leave, finding that the motions judge had not erred in certifying the negligent misrepresentation claims because in the case at bar there was a core misrepresentation alleged and the common issues trial judge would not be required to deal with multiple representations over a multi-year timeframe.</b> The Court of Appeal's decision is somewhat in contrast to the recent decision of  Perell J. in Millwright Regional Council of Ontario Pension Trust Fund (Trustees of) v. Celestica Inc., released on February 19, 2014, where Perell J. found that where there is a statutory misrepresentation claim and a common law misrepresentation claim for the same misrepresentation, the statutory claim is the \"preferable way to resolve the Class Members' claims\". Perell J.commented that the statutory claim was introduced precisely to overcome the difficulties of a class action for negligent misrepresentation with respect to the distribution of debt and equity instruments in the primary and secondary market for securities. Perell J.declined to certify the common law negligent misrepresentation claims in that matter as a result, finding they did not  meet the preferrable procedure test under the Class Proceedings Act.  About BLG</p>", "original_content": "<entry xmlns=\"http://www.w3.org/2005/Atom\"><id>urn:contentItem:5C2D-X251-DYX7-J42D-00000-00</id><title>Canada: Securities Litigation Snapshot (April 2014)</title><published>2014-04-25T00:00:00Z</published><updated>2020-11-16T03:38:40Z</updated><author><name>LexisNexis</name></author><content type=\"application/xml\"><!--Transformation version 1.23--><articleDoc xmlns=\"\" xmlns:xsi=\"http://www.w3.org/2001/XMLSchema-instance\" xsi:noNamespaceSchemaLocation=\"http://www.lexisnexis.com/xmlschemas/content/public/articledoc/1/\" schemaVersion=\"1.8\" xml:lang=\"en\"><articleDocHead><itemInfo/></articleDocHead><nitf:body xmlns:nitf=\"http://iptc.org/std/NITF/2006-10-18/\"><nitf:body.head><nitf:hedline><nitf:hl1>Canada: Securities Litigation Snapshot (April 2014)</nitf:hl1></nitf:hedline><nitf:byline><author><person><nameText>Caitlin Sainsbury</nameText></person></author></nitf:byline></nitf:body.head><nitf:body.content><bodyText><p nitf:lede=\"true\">New Enforcement Initiatives</p><p nitf:lede=\"true\">On March 10, 2014, the Commission released OSC Staff Notice 15-702 - Revised Credit for Cooperation Program. Most notably, the Notice introduced no-contest settlements, whereby Staff would enter into settlement agreements with respondents without admissions of fact or liability and non-prosecution agreements for market participants deemed to be satisfactorily cooperative by OSC Staff. To read more about the OSC's Revised Credit for Cooperation Program please  click here.</p><p nitf:lede=\"true\">OSC Enforcement Proceedings</p><p nitf:lede=\"true\">Research Reports</p><p>Alka Singh and Mine2Capital Inc. (Re)</p><p>On March 27, 2014, the Commission approved a settlement agreement entered into with Alka Singh and Mine2Capital Inc. (\"Mine2Capital\") regarding the sale by Singh and Mine2Capital of research reports in which they made recommendations to buy certain securities. It was agreed that they  were engaging in the business of advising while not registered to do so and while not qualifying for any exemption from registration. A more detailed description of the settlement agreement can be found  here.</p><p>IIROC</p><p>IIROC Enforcement Proceedings</p><p>Failure to Adequately Supervise</p><p>Dickson (Re)</p><p>An IIROC Hearing Panel approved a settlement agreement between IIROC Staff and Gordon Bruce Dickson on February 27, 2014 whereby Dickson acknowledged that, as a Branch Manager, he failed to adequately supervise three Registered Representatives and client accounts. One Registered Representatives purchased junior exploration companies in two accounts in excess of the stated risk tolerance on the new client application forms. Two Registered Representatives recommended, but failed to adhere to, an unsuitable index option strategy. The Hearing Panel imposed a five year prohibition on Dickson being registered as a Branch Manager or in any supervisory capacity and a fine of $60,000. A summary of the settlement agreement can be found  here.</p><p>Off-Book  Investments</p><p>Dubois (Re)</p><p>An IIROC Hearing Panel accepted a settlement agreement that imposed a one month suspension, a fine of $20,000, and disgorgement of $10,724 on Daniel Dubois as a sanction for executing trades in offshore accounts of five clients held by Cr\u00e8dit Agricole Suisse Bahamas while he was employed by Desjardins Securities Inc., off-book and without the knowledge of his dealer, Desjardins. A summary of the settlement agreement can be found  here.</p><p>Pariak-Lukic (Re)</p><p>On March 6, 2014 an IIROC Hearing Panel imposed penalties on Lucy Marie Pariak-Lucic related to her recommendation and facilitation of off-book investments for clients without the approval or knowledge of her employer firm and without ensuring that a prospectus had been filed or that the investment qualified for a prospectus exemption. A summary of the Hearing Panel's decision was previously reported in the January 20th edition of Securities Snapshot and can be found  here. The Hearing Panel ordered that Pariak-Lukic pay a fine of $50,000, and costs of $45,000 and that she rewrite the Canadian Securities Course and the Conduct and Practices Handbook examinations.</p><p>Proposed Guidance on Underwriting Due Diligence Published for Comment</p><p>On March 6, 2014, IIROC published for comment proposed guidance outlining common due diligence practices and suggestions for IIROC dealers involved in the offering of securities to the public as underwriters. The proposed guidance includes the expectation that every Dealer Member have written policies and procedures in place relating to all aspects of the underwriting process, due diligence plans that reflect the context of the offering and are sufficient to ensure the Dealer Member understands the business of the issuer and key factors affecting the issuer's business. The proposed guidance also notes that Dealer Members should clearly understand the boundary between business due diligence and legal due diligence such that matters that should be reviewed by the underwriter are not delegated to underwriter's counsel. Comments are due June 4, 2014.</p><p>Final Guidance Issued on the Use of Business Titles and Financial Designation</p><p>IIROC issued Guidance Note 14-0073 on March 24, 2014 on the Use of Business Titles and Financial Designations. The Guidance Note indicates that IIROC expects all firms to have policies and procedures relating to the use of business titles and financial designations that may be used by Approved Persons who deal with retail clients, the restrictions or prohibitions on these titles and pre-approval requirements. The Guidance Note further provides that particular scrutiny should be given to the use of business titles that convey an expertise in senior's issues or retirement planning. For a summary of the Guidance Note please  click here.</p><p>MFDA</p><p>2013 Enforcement Report</p><p>The MFDA released its 2013 Enforcement Report on March 27, 2014. The MFDA's priorities continue to be suitability, outside business activities, signature irregularities, matters of a serious nature including theft and fraud, and matters involving seniors and other vulnerable groups. Member supervision of Approved Persons is assessed in each of the above cases. The highlights of the report can be found here.</p><p>MFDA Enforcement Proceedings</p><p>Blank/Pre-Signed  Forms</p><p>Roy (Re)</p><p>An MFDA Hearing Panel approved a settlement agreement between Duane Roy and MFDA Staff on March 24, 2014 whereby Roy acknowledged using 57 blank or partially completed account forms to complete transactions involving 21 clients between 2007 and 2012, contrary to MFDA Rule 2.1.1. Roy agreed to a fine of $5000 and costs of $2500.</p><p>Unsuitable Leveraged Investments</p><p>Sarker (Re)</p><p>An MFDA Hearing Panel considered the appropriate penalty to be imposed on Saifur Sarker in a case involving unsuitable leveraged investments. Sarker admitted that he induced two clients to borrow, while he infl ted their assets and investments knowledge on their application forms and had a poor understanding of leveraging as an investment strategy. The Hearing Panel ordered a three year prohibition on registration, a fine of $20,000 and costs of $2500 against Sarker, taking into account personal mitigating circumstances. A more detailed description of the case can be found here.</p><p>Directors And Officers</p><p>Shoppers Drug Mart Inc. v. 6470360 Canada Inc.,<br/> [2014] O.J. No. 476 (C.A.)</p><p>In Shoppers Drug Mart Inc. v. 6470360 Canada Inc., the Ontario Court of Appeal considered appeals of two cross motions for summary judgment brought by 6470360 Canada Inc. (\"647\") and Shoppers Drug Mart Inc. (\"Shoppers\"). One of the issues considered by the Court was the circumstances in which it is appropriate to pierce the corporate veil to find a director of a corporation personally liable. The Court of Appeal again confirmed that a corporate veil may be pierced where those in control expressly direct a wrongful thing to be done. A more detailed summary of the case can be found here.</p><p>Class Actions</p><p>Dugal v. Manulife Financial Corp. et al.,<br/> [2014] O.J. No. 981 (Div. Ct.)</p><p>Manulife Financial Corporation (\"Manulife\") and the individual defendants brought a motion for leave to appeal a decision granting the plaintiffs leave to pursue claims under Part XXIII.1 (civil liability for secondary market disclosure) of the Ontario Securities Act and certifying the action as a class proceeding. The plaintiffs alleged that during the class period, Manulife misrepresented its equity market risk arising from its segregated fund/guaranteed products when it consistently advised class members that it had \"effective, rigorous, disciplined and prudent\" risk management systems, policies and practices.</p><p>On appeal, Manulife argued that the motions judge had erred in certifying the common law negligent misrepresentation claims because he ignored the underlying premise of Part XXIII.1 of the Securities Act, namely the unsuitability of common law misrepresentation claims for certification. Sanderson M.A. disagreed and dismissed the motion for leave, finding that the motions judge had not erred in certifying the negligent misrepresentation claims because in the case at bar there was a core misrepresentation alleged and the common issues trial judge would not be required to deal with multiple representations over a multi-year timeframe.</p><p>The Court of Appeal's decision is somewhat in contrast to the recent decision of  Perell J. in Millwright Regional Council of Ontario Pension Trust Fund (Trustees of) v. Celestica Inc., released on February 19, 2014, where Perell J. found that where there is a statutory misrepresentation claim and a common law misrepresentation claim for the same misrepresentation, the statutory claim is the \"preferable way to resolve the Class Members' claims\". Perell J.commented that the statutory claim was introduced precisely to overcome the difficulties of a class action for negligent misrepresentation with respect to the distribution of debt and equity instruments in the primary and secondary market for securities. Perell J.declined to certify the common law negligent misrepresentation claims in that matter as a result, finding they did not  meet the preferrable procedure test under the Class Proceedings Act.</p><p> About BLG</p><p>The content of this article is intended to provide a general guide to the subject matter. Specialist advice should be sought about your specific circumstances.</p><p><br/> Ms Caitlin Sainsbury<br/>Borden Ladner Gervais LLP<br/> Scotia Plaza<br/> 40 King Street West<br/>Toronto<br/>Ontario<br/> M5H 3Y4<br/> CANADA<br/> Tel: 4163676000<br/> Fax: 4163676749<br/>E-mail: <email normalizedValue=\"mailto:info@blg.com\">info@blg.com</email><br/> URL: <url normalizedValue=\"http://www.blg.com\">www.blg.com</url></p></bodyText></nitf:body.content></nitf:body><metadata><dc:metadata xmlns:dc=\"http://purl.org/dc/elements/1.1/\"><dc:identifier identifierScheme=\"DOC-ID\">MONDAQ-10309376</dc:identifier><dc:source sourceScheme=\"royaltyReportingKey\">MONDAQ2014</dc:source><dc:identifier identifierScheme=\"PGUID\">urn:contentItem:5C2D-X251-DYX7-J42D-00000-00</dc:identifier><dc:source sourceScheme=\"productContentSetIdentifier\">149522</dc:source><dc:date dateType=\"last-updated\">2019-10-01</dc:date></dc:metadata><wordCount number=\"1574\"/><publicationInfo><copyright>Copyright 2014 Mondaq Ltd. All Rights Reserved</copyright><publicationName>Mondaq Business Briefing</publicationName><publicationLogo><logo><inlineObject><locator><locatorKey><keyName name=\"object-key\"/><keyValue value=\"33716\"/></locatorKey><locatorParameters><parameter name=\"object-type\" value=\"201\"/><parameter name=\"object-smi\" value=\"LOGOS\"/><parameter name=\"componentseq\" value=\"1\"/></locatorParameters></locator></inlineObject></logo></publicationLogo><publicationDate day=\"25\" month=\"04\" year=\"2014\"><dateText>April 25, 2014 Friday</dateText></publicationDate><classification classificationScheme=\"publicationtype\"><classificationItem><className>Newswire</className></classificationItem></classification><classification classificationScheme=\"publicationtype\"><classificationItem><className>Newswires &amp; Press Releases</className></classificationItem></classification></publicationInfo><classification classificationScheme=\"language\"><classificationItem classificationScheme=\"lang.english\"><className>ENGLISH</className></classificationItem></classification><classificationGroup classificationScheme=\"indexing-terms\"><classification classificationScheme=\"company\"><classificationItem score=\"63\"><classCode>CC0002XVC</classCode><className>DESJARDINS SECURITIES INC</className></classificationItem></classification><classification classificationScheme=\"industry\"><classificationItem score=\"63\"><className>SIC6211 SECURITY BROKERS, DEALERS, &amp; FLOTATION COMPANIES</className></classificationItem></classification></classificationGroup><classificationGroup classificationScheme=\"licensor.indexing-terms\"><classification classificationScheme=\"licensor.company\"><classificationItem><className>Borden Ladner Gervais LLP</className></classificationItem></classification><classification classificationScheme=\"licensor.country\"><classificationItem><className>Canada</className></classificationItem></classification><classification classificationScheme=\"licensor.subject\"><classificationItem><className>Corporate/Commercial Law</className></classificationItem><classificationItem><className>Litigation</className></classificationItem><classificationItem><className>Mediation &amp; Arbitration</className></classificationItem><classificationItem><className>Trials ; Appeals ; Compensation</className></classificationItem><classificationItem><className>Securities</className></classificationItem></classification></classificationGroup><classificationGroup classificationScheme=\"indexing-terms\"><classification classificationScheme=\"legal\"><classificationItem><className>Business &amp; Corporate Law</className><classCode>Z3VpZD11cm46dG9waWM6QjA4OEVGODBENzY4NDcxM0IyQzA1OTEwQzVDODRBOUE7cGFyZW50Z3VpZD0</classCode><classificationItem score=\"50\"><className>General Overview</className><classCode>Z3VpZD11cm46dG9waWM6MDJCOEVBODU5RDkyNDQ3QUE5MkU4MzNFNjFBQzhEMkY7cGFyZW50Z3VpZD11cm46dG9waWM6RDM5QjhDMDc5QkE2NDM4QkJBMThEMkUxRDZCMUY1MzU</classCode></classificationItem><classificationItem score=\"50\"><className>Management Duties &amp; Liabilities</className><classCode>Z3VpZD11cm46dG9waWM6RTE2RDlGMDE2NzEwNDgxMDk4MDM1QUUxODdGMDQwNTg7cGFyZW50Z3VpZD11cm46dG9waWM6NDY4MDk1M0I4ODA0NEFDMUEzMjgxOEYxRkIyQ0Y1Q0M</classCode></classificationItem></classificationItem><classificationItem><className>Contracts Law</className><classCode>Z3VpZD11cm46dG9waWM6QzY0RTZFMzE0RjkwNDdFQUI5M0U5N0ZFMjYyREMyQzU7cGFyZW50Z3VpZD0</classCode><classificationItem score=\"88\"><className>Settlement Agreements</className><classCode>Z3VpZD11cm46dG9waWM6MzU1MzU2QzQ0NDFGNDg3QzgxRjVDRjYxQkFFMDdCMzk7cGFyZW50Z3VpZD11cm46dG9waWM6Qjg1NzgyRDNGQzg1NEM5Nzg3RjA3MEUwRTA1QUI0NkU</classCode></classificationItem></classificationItem><classificationItem><className>Securities Law</className><classCode>Z3VpZD11cm46dG9waWM6RkFFMTQ3ODhCRDYyNDkyN0IwQkEyQzRCRDlFMEM5ODc7cGFyZW50Z3VpZD0</classCode><classificationItem score=\"50\"><className>Class Actions</className><classCode>Z3VpZD11cm46dG9waWM6MTE2NjQ1MkIzOEJENDI5RDg5RUExRjY2Mjc5NUQyMDY7cGFyZW50Z3VpZD11cm46dG9waWM6QjMxRDFBMTgwMDFFNEFBQTlCNTgzMTY0MzY4QkU4QUQ</classCode></classificationItem><classificationItem score=\"62\"><className>Class Determinations</className><classCode>Z3VpZD11cm46dG9waWM6QTNCMDQ0QjQ3RDlDNDYxNzk2MjM2MkVBNzlDMzBBQjc7cGFyZW50Z3VpZD11cm46dG9waWM6N0U3NzgxQzgwRkVFNDI4OTg4QTcyNjk5QTA3RkQxNTM</classCode></classificationItem></classificationItem></classification><classification classificationScheme=\"subject\"><classificationItem score=\"92\"><classCode>ST000DH0Q</classCode><className>AGREEMENTS</className><classCode/><className/></classificationItem><classificationItem score=\"92\"><classCode>STX001040</classCode><className>LITIGATION</className><classCode/><className/></classificationItem><classificationItem score=\"90\"><classCode>STX000073</classCode><className>ALTERNATIVE DISPUTE RESOLUTION</className><classCode>Z3VpZD11cm46dG9waWM6MERFNEVCMTA5NUZFNDc2NzhGQzM2ODA0M0JGQTRFOEU7cGFyZW50Z3VpZD11cm46dG9waWM6MTdEQ0JDNDEyM0VFNDlCMjg5MjFGNTQ3QURFNTJCMTE</classCode><className>Alternative Dispute Resolution</className></classificationItem><classificationItem score=\"90\"><classCode>ST0009FJK</classCode><className>NEGATIVE PERSONAL NEWS</className><classCode/><className/></classificationItem><classificationItem score=\"90\"><classCode>STX001209</classCode><className>NEW ISSUES</className><classCode/><className/></classificationItem><classificationItem score=\"90\"><classCode>STX001477</classCode><className>RESEARCH REPORTS</className><classCode/><className/></classificationItem><classificationItem score=\"90\"><classCode>STX001976</classCode><className>SECURITIES &amp; OTHER INVESTMENTS</className><classCode/><className/></classificationItem><classificationItem score=\"89\"><classCode>STX000108</classCode><className>APPROVALS</className><classCode/><className/></classificationItem><classificationItem score=\"89\"><classCode>STX000722</classCode><className>FINES &amp; PENALTIES</className><classCode/><className/></classificationItem><classificationItem score=\"89\"><classCode>STX001632</classCode><className>STOCK OFFERINGS</className><classCode/><className/></classificationItem><classificationItem score=\"88\"><classCode>STX001066</classCode><className>MANAGERS &amp; SUPERVISORS</className><classCode/><className/></classificationItem><classificationItem score=\"78\"><classCode>ST0009J09</classCode><className>COMMERCIAL LAW</className><classCode/><className/></classificationItem><classificationItem score=\"73\"><classCode>ST000DMKX</classCode><className>BUSINESS REPORTS &amp; FORECASTS</className><classCode/><className/></classificationItem></classification><classification classificationScheme=\"industry\"><classificationItem score=\"90\"><classCode>STX001209</classCode><className>NEW ISSUES</className><classCode/><className/></classificationItem><classificationItem score=\"90\"><classCode>STX001976</classCode><className>SECURITIES &amp; OTHER INVESTMENTS</className><classCode/><className/></classificationItem><classificationItem score=\"89\"><classCode>STX001632</classCode><className>STOCK OFFERINGS</className><classCode/><className/></classificationItem></classification><classification classificationScheme=\"country\"><classificationItem score=\"88\"><classCode>GC339</classCode><className>CANADA</className><classCode/><className/></classificationItem><classificationItem score=\"67\"><classCode>GC512</classCode><className>BAHAMAS</className><classCode/><className/></classificationItem></classification></classificationGroup></metadata></articleDoc></content></entry>"}