{"prediction_class": "Money laundering", "prediction_score": "1.0", "name": "Manulife", "title": "Bermuda names bank fined for laundering;Public shaming of Sun Life a sharp contrast to Canada's secrecy surrounding breaches", "published": "2017-03-03T00:00:00Z", "updated": "2020-11-16T03:38:41Z", "cleaned_article": "[TITLE] Bermuda names bank fined for laundering;Public shaming of Sun Life a sharp contrast to Canada's secrecy surrounding breaches [TITLE] \n\nIt took more than 10 months for Canadians to learn the name of the bank that had been fined for about 1,200 breaches of money-laundering laws last year. The decision to keep Manulife anonymous sparked outcry across Canada, according to internal FINTRAC records showing public comments submitted to the agency. \"The Canadian public is really agitated and wants people to go to jail for financial crimes like tax evasion. But in government, there isn't that same drive to go after white-collar crime. It's a real disconnect,\" said Christine Duhaime, a Vancouver lawyer and anti-money-laundering expert.", "raw_cleaned_article": "<h2>Bermuda names bank fined for laundering;Public shaming of Sun Life a sharp contrast to Canada's secrecy surrounding breaches</h2><p>It took more than 10 months for Canadians to learn the name of the bank that had been fined for about 1,200 breaches of money-laundering laws last year. <b>The decision to keep Manulife anonymous sparked outcry across Canada, according to internal FINTRAC records showing public comments submitted to the agency.</b> \"The Canadian public is really agitated and wants people to go to jail for financial crimes like tax evasion. But in government, there isn't that same drive to go after white-collar crime. It's a real disconnect,\" said Christine Duhaime, a Vancouver lawyer and anti-money-laundering expert.</p>", "original_content": "<entry xmlns=\"http://www.w3.org/2005/Atom\"><id>urn:contentItem:5N0S-WKM1-DY91-K0MW-00000-00</id><title>Bermuda names bank fined for laundering;Public shaming of Sun Life a sharp contrast to Canada's secrecy surrounding breaches</title><published>2017-03-03T00:00:00Z</published><updated>2020-11-16T03:38:41Z</updated><author><name>LexisNexis</name></author><content type=\"application/xml\"><!--Transformation version 1.23--><articleDoc xmlns=\"\" xmlns:xsi=\"http://www.w3.org/2001/XMLSchema-instance\" xsi:noNamespaceSchemaLocation=\"http://www.lexisnexis.com/xmlschemas/content/public/articledoc/1/\" schemaVersion=\"1.8\" xml:lang=\"en\"><articleDocHead><itemInfo><sourceSectionInfo><positionSection>NEWS</positionSection><positionSequence>Pg. A8</positionSequence></sourceSectionInfo></itemInfo></articleDocHead><nitf:body xmlns:nitf=\"http://iptc.org/std/NITF/2006-10-18/\"><nitf:body.head><nitf:hedline><nitf:hl1>Bermuda names bank fined for laundering</nitf:hl1><nitf:hl2>Public shaming of Sun Life a sharp contrast to Canada's secrecy surrounding breaches</nitf:hl2></nitf:hedline><nitf:byline><author><person><nameText>Marco Chown Oved Toronto Star</nameText></person></author></nitf:byline></nitf:body.head><nitf:body.content><bodyText><p nitf:lede=\"true\">It took more than 10 months for Canadians to learn the name of the bank that had been fined for about 1,200 breaches of money-laundering laws last year.</p><p nitf:lede=\"true\">The same day Manulife Bank admitted to being the culprit, Bermudan authorities named and shamed a Canadian investment firm for similar infractions, saying it always identifies offending businesses because it makes them publicly accountable for their actions.</p><p nitf:lede=\"true\">On Monday, the Bermuda Monetary Authority announced a $2-million fine against the local division of Sun Life Financial for five breaches of money-laundering laws, and froze the company's business by prohibiting deposits and withdrawals.</p><p>It's the largest fine ever handed out by the Bermudan financial regulator, confirmed spokesperson Stuart Roberts, who added that since last year all financial institutions found to have breached the law are named publicly.</p><p>\"This increased transparency was critical to the reputation of the jurisdiction,\" Roberts wrote in an email.</p><p>The case has strong parallels to Manulife's penalty, which was also a record fine for Canada's anti-money-laundering agency, FINTRAC. But last April, when the fine was made public, FINTRAC refused to name Manulife, stating that the announcement of the $1.5-million penalty alone would be deterrence enough for the banking industry.</p><p>The decision to keep Manulife anonymous sparked outcry across Canada, according to internal FINTRAC records showing public comments submitted to the agency.</p><p>\"The Canadian public is really agitated and wants people to go to jail for financial crimes like tax evasion. But in government, there isn't that same drive to go after white-collar crime. It's a real disconnect,\" said Christine Duhaime, a Vancouver lawyer and anti-money-laundering expert.</p><p>After Manulife came forward and admitted it was the anonymous bank, FINTRAC director G#233;rald Cossette committed to reviewing the naming policy. Duhaime believes the agency has been chastened by the public outcry.</p><p>\"The hidden message is this isn't going to happen again,\" said Duhaime. \"What he's really saying is they're going to change the policy going forward. I don't think they want to get put in this position again.\"</p><p>Financial regulators around the world are moving toward default transparency, Duhaime said, and Canada is falling behind.</p><p>Since its establishment in 2008, FINTRAC has kept anonymous more than half of the institutions it has fined. Bermuda Monetary Authority (BMA), on the other hand, did away with all secrecy last year.</p><p>Bermuda Monetary Authority CEO Jeremy Cox announced Bermuda's new transparency policy in January 2016. Once the offending business has exhausted its right to appeal, the BMA issues a release detailing the nature of its penalty, the names of the business and any employees involved, and the circumstances of the breach of the law, according to the agency's 2016 business plan.</p><p>\"(Increased transparency) is intended to demonstrate to those who rely on our supervisory adjudications that their trust is not misplaced and that Bermuda-based entities found to be deficient in meeting their obligations run the risk of being required to account publicly for their actions,\" said Cox.</p><p>Niall O'Hare, president of Sun Life Financial Investments (Bermuda) Ltd., issued a statement responding to Monday's penalty announcement.</p><p>\"We are working co-operatively with the Bermuda Monetary Authority and have agreed to implement appropriate controls to ensure that we are in compliance with both the license restrictions and applicable regulations moving forward,\" he said.</p><p>Sun Life Financial in Canada did not return a request for comment.</p></bodyText></nitf:body.content></nitf:body><metadata><dc:metadata xmlns:dc=\"http://purl.org/dc/elements/1.1/\"><dc:identifier identifierScheme=\"DOC-ID\">TSTAR-2017030341664912</dc:identifier><dc:source sourceScheme=\"royaltyReportingKey\">TSTAR2017</dc:source><dc:identifier identifierScheme=\"PGUID\">urn:contentItem:5N0S-WKM1-DY91-K0MW-00000-00</dc:identifier><dc:source sourceScheme=\"productContentSetIdentifier\">8286</dc:source><dc:date dateType=\"last-updated\">2017-06-25</dc:date></dc:metadata><wordCount number=\"602\"/><publicationInfo><copyright>Copyright 2017 Toronto Star Newspapers Limited</copyright><publicationName>The Toronto Star</publicationName><publicationDate day=\"03\" month=\"03\" year=\"2017\"><dateText>March 3, 2017 Friday</dateText></publicationDate><classification classificationScheme=\"publicationtype\"><classificationItem><className>NEWSPAPER</className></classificationItem></classification><classification classificationScheme=\"publicationtype\"><classificationItem><className>Newspapers</className></classificationItem></classification></publicationInfo><classification classificationScheme=\"language\"><classificationItem classificationScheme=\"lang.english\"><className>ENGLISH</className></classificationItem></classification><classification classificationScheme=\"typeofdoc\"><classificationItem><className>COLUMN</className></classificationItem></classification><classificationGroup classificationScheme=\"indexing-terms\"><classification classificationScheme=\"company\"><classificationItem score=\"91\"><classCode>CC0001WGL</classCode><className>MANULIFE FINANCIAL CORP</className></classificationItem><classificationItem score=\"74\"><classCode>CC00020UN</classCode><className>SUN LIFE FINANCIAL INC</className></classificationItem></classification><classification classificationScheme=\"ticker\"><classificationItem score=\"91\"><className>MFC (TSX)</className></classificationItem><classificationItem score=\"91\"><className>MFC (NYSE)</className></classificationItem><classificationItem score=\"91\"><className>0945 (HKSE)</className></classificationItem><classificationItem score=\"74\"><className>SLF (TSX)</className></classificationItem><classificationItem score=\"74\"><className>SLF (NYSE)</className></classificationItem></classification></classificationGroup><classificationGroup classificationScheme=\"indexing-terms\"><classification classificationScheme=\"legal\"><classificationItem><className>Criminal Law &amp; Procedure</className><classCode>Z3VpZD11cm46dG9waWM6NEU0RkE1OUQwNUQwNDgxODhEODZCMjkzOTg3NThBNzk7cGFyZW50Z3VpZD0</classCode><classificationItem score=\"95\"><className>General Overview</className><classCode>Z3VpZD11cm46dG9waWM6MUM4RjZFOEE4MDc3NDE4QjhCMkQwNzc2QTM0OUQ5NjI7cGFyZW50Z3VpZD11cm46dG9waWM6QzBDQzA4NEVCN0Q0NEZCRkEwNjY3Qzk3MDA3NzlCMjU</classCode></classificationItem></classificationItem></classification><classification classificationScheme=\"subject\"><classificationItem score=\"94\"><classCode>STX000722</classCode><className>FINES &amp; PENALTIES</className><classCode/><className/></classificationItem><classificationItem score=\"90\"><classCode>N926150GC</classCode><className>BANKING &amp; FINANCE REGULATION</className><classCode/><className/></classificationItem><classificationItem score=\"90\"><classCode>STX001159</classCode><className>MONEY LAUNDERING</className><classCode>Z3VpZD11cm46dG9waWM6QzBDQzA4NEVCN0Q0NEZCRkEwNjY3Qzk3MDA3NzlCMjU7cGFyZW50Z3VpZD11cm46dG9waWM6NkUzNTQ1QUZBM0Y5NDcyQjk4N0I5Mjg0QzU3NDk0MDI</classCode><className>Money Laundering</className></classificationItem><classificationItem score=\"90\"><classCode>STX000713</classCode><className>FINANCIAL CRIME COUNTERMEASURES</className><classCode/><className/></classificationItem><classificationItem score=\"89\"><classCode>STX000759</classCode><className>FRAUD &amp; FINANCIAL CRIME</className><classCode/><className/></classificationItem><classificationItem score=\"70\"><classCode>STX000104</classCode><className>APPEALS</className><classCode/><className/></classificationItem><classificationItem score=\"69\"><classCode>STX001688</classCode><className>TAXES &amp; TAXATION</className><classCode/><className/></classificationItem><classificationItem score=\"67\"><classCode>STX001678</classCode><className>TAX FRAUD</className><classCode>Z3VpZD11cm46dG9waWM6QUQ3NTEzQ0ZENTYxNEY1MDgwREQ3OTcwNUIyRjczNDY7cGFyZW50Z3VpZD11cm46dG9waWM6QjUxMzkyMTA2MTNDNDhDOUJDMkY5MkRGRDY1NjZBQjg</classCode><className>Tax Fraud</className></classificationItem></classification><classification classificationScheme=\"industry\"><classificationItem score=\"90\"><classCode>N926150GC</classCode><className>BANKING &amp; FINANCE REGULATION</className><classCode/><className/></classificationItem><classificationItem score=\"90\"><classCode>N520000CC</classCode><className>BANKING &amp; FINANCE</className><classCode/><className/></classificationItem><classificationItem score=\"78\"><classCode>ST0009RX6</classCode><classCode/><className/></classificationItem></classification><classification classificationScheme=\"city\"><classificationItem score=\"58\"><classCode>GX055</classCode><className>VANCOUVER, BC, CANADA</className><classCode/><className/></classificationItem></classification><classification classificationScheme=\"state\"><classificationItem score=\"58\"><classCode>GS168</classCode><className>BRITISH COLUMBIA, CANADA</className><classCode/><className/></classificationItem></classification><classification classificationScheme=\"country\"><classificationItem score=\"94\"><classCode>GC339</classCode><className>CANADA</className><classCode/><className/></classificationItem><classificationItem score=\"94\"><classCode>GC518</classCode><className>BERMUDA</className><classCode/><className/></classificationItem></classification></classificationGroup></metadata></articleDoc></content></entry>"}