{"prediction_class": "Regulatory Breaches Tax Evasion Smuggling of goods", "prediction_score": "0.87", "name": "Manulife", "title": "Recent Quebec Manulife Decision \u00c2ndash; Canary In The Coalmine?", "published": "2014-05-15T00:00:00Z", "updated": "2020-11-16T03:54:19Z", "cleaned_article": "[TITLE] Recent Quebec Manulife Decision \u00c2ndash; Canary In The Coalmine? [TITLE] \n\nMay 15, 2014 (Mondaq:http://mondaq.com/ Delivered by Newstex) Last week (on May 7, 2014), Justice Soldevida, J.S.C. of the Quebec Superior Court released her judgment in the Manulife case.1 She ordered Manulife Financial to release without redaction all 63 documents sought by the plaintiffs in a class action law suit that related to interactions and interventions by Manulife's federal regulator (OSFI) respecting risk assessments and capital adequacy concerns leading up to and following the economic crisis of 2008. Manulife argued that the documents, which included Audit and Risk Committee minutes, Executive Committee minutes and presumably communications between the company and OSFI, were protected by statutory confidentiality provisions imposed by Regulations2 under the Insurance Companies Act (ICA) and the Office of Superintendent of Financial Institutions Act (OSFI Act).", "raw_cleaned_article": "<h2>Recent Quebec Manulife Decision \u00c2ndash; Canary In The Coalmine?</h2><p><b>May 15, 2014 (Mondaq:http://mondaq.com/ Delivered by Newstex) Last week (on May 7, 2014), Justice Soldevida, J.S.C. of the Quebec Superior Court released her judgment in the Manulife case.1 She ordered Manulife Financial to release without redaction all 63 documents sought by the plaintiffs in a class action law suit that related to interactions and interventions by Manulife's federal regulator (OSFI) respecting risk assessments and capital adequacy concerns leading up to and following the economic crisis of 2008. Manulife argued that the documents, which included Audit and Risk Committee minutes, Executive Committee minutes and presumably communications between the company and OSFI, were protected by statutory confidentiality provisions imposed by Regulations2 under the Insurance Companies Act (ICA) and the Office of Superintendent of Financial Institutions Act (OSFI Act).</b></p>", "original_content": "<entry xmlns=\"http://www.w3.org/2005/Atom\"><id>urn:contentItem:5C6M-VV41-F03R-N306-00000-00</id><title>Recent Quebec Manulife Decision \u00c2ndash; Canary In The Coalmine?</title><published>2014-05-15T00:00:00Z</published><updated>2020-11-16T03:54:19Z</updated><author><name>LexisNexis</name></author><content type=\"application/xml\"><!--Transformation version 1.23--><articleDoc xmlns=\"\" xmlns:xsi=\"http://www.w3.org/2001/XMLSchema-instance\" xsi:noNamespaceSchemaLocation=\"http://www.lexisnexis.com/xmlschemas/content/public/articledoc/1/\" schemaVersion=\"1.8\" xml:lang=\"en\"><articleDocHead><itemInfo/></articleDocHead><nitf:body xmlns:nitf=\"http://iptc.org/std/NITF/2006-10-18/\"><nitf:body.head><nitf:hedline><nitf:hl1>Recent Quebec Manulife Decision \u00c2ndash; Canary In The Coalmine?</nitf:hl1></nitf:hedline><nitf:byline><author><person><nameText>Mr Frank Palmay and Carol Lyons</nameText></person></author></nitf:byline></nitf:body.head><nitf:body.content><bodyText><p nitf:lede=\"true\"/><p nitf:lede=\"true\">May 15, 2014 (Mondaq:<url normalizedValue=\"http://mondaq.com\">http://mondaq.com</url>/ Delivered by Newstex)<br/> Last week (on May 7, 2014), Justice Soldevida, J.S.C. of the Quebec Superior Court released her judgment in the Manulife case.1 She ordered Manulife Financial to release without redaction all 63 documents sought by the plaintiffs in a class action law suit that related to interactions and interventions by Manulife's federal regulator (OSFI) respecting risk assessments and capital adequacy concerns leading up to and following the economic crisis of 2008. Manulife argued that the documents, which included Audit and Risk Committee minutes, Executive Committee minutes and presumably communications between the company and OSFI, were protected by statutory confidentiality provisions imposed by Regulations2 under the Insurance Companies Act (ICA) and the Office of Superintendent of Financial Institutions Act (OSFI Act).</p><p><br/><br/>Whether or not the case is successfully appealed, it highlights a question that all companies and I would suggest Parliament, Provincial Legislatures and regulators should be concerned about, namely, under what circumstances should interactions between the regulator and regulated entities, including self-assessment and corporate governance documents of the regulated entities, be shielded from use by plaintiffs in law suits against the regulated entities? This paper examines the issues, the proposed balancing that the Canadian Council of Insurance Regulators (CCIR) has proposed and the provisions that two provinces to date have enacted.<br/><br/>First, back to the Manulife case. The Quebec Court (a civil law jurisdiction), as other Canadian courts have done in the past, has acted vigilantly in allowing parties to litigation obtain information and facts from the opposing party. This is because the information is considered to be essential for the integrity and proper functioning of our adversarial system of dispute resolution. As a result, confidentiality of the information, whether voluntary, by contract or even mandated by statute will be narrowly interpreted. The courts prefer to allow the party seeking the information for purposes of litigation to have access, either under terms of confidentiality agreed to by the litigants or those imposed by the Court. This is what transpired in the Manulife case at the first instance. The Court refused to construe the express confidentiality provisions contained in the Regulations as prohibiting disclosure to the plaintiff. This decision is consistent with common law decisions involving insurance companies that had previously ordered disclosure. The Quebec judge found the same reasoning applicable to the civil law jurisdiction of Quebec.<br/><br/>This case stands for the proposition that, unless Parliament or the Legislature enact specific provisions prohibiting access to information except to specific individuals, and the courts understand the reason for those restrictions, the courts will order disclosure if the information sought is relevant to the case. An example of a specific legislative provision in Quebec considered by the Court is Article 218 of Quebec's Health Services and Social Services Act which states that:<br/><br/> \"Notwithstanding the Act respecting Access to documents held by public bodies and the Protection of personal information (chapter A-2.1), the records and minutes of the council of physicians, dentists and pharmacists and of each of its committees are confidential. ... No person may have access to the minutes of a committee of the council of physicians, dentists and pharmacists except the members of the committee, the members of the executive committee of the council, the Administrative Tribunal of Qu\u00c3\u00a9bec or the representatives of a professional order in the performance of the duties assigned to it by law.\"<br/><br/> The Court appeared to be sympathetic to, and willing to enforce, the public policy reason behind shielding the minutes of committees of councils of physicians, dentists and pharmacists. Yet the Court refused to apply these principles from the medical sector to the financial services sector.<br/><br/>Regulators understandably wish to protect themselves from being dragged into civil litigation. The federal Parliament enacted legislation to prevent this for OSFI's benefit after OSFI became embroiled in litigation involving Great-West Life's acquisition of London Life.3 It passed section 39.1 of the OSFI Act in 2012 which provides:<br/><br/> The Superintendent, any Deputy Superintendent, any officer or employee of the Office or any person acting under the direction of the Superintendent, is not a compellable witness in any civil proceedings in respect of any matter coming to their knowledge as a result of exercising any of their powers or performing any of their duties or functions under this Act or the Acts listed in the schedule.<br/><br/> The difficulties Manulife faced with respect to its governance documents apply equally and perhaps even more so to the self-assessment compliance procedures and systems that financial institutions are required have in place for OSFI.4 In addition, the provisions of Anti Money Laundering and Anti Terrorism Financing5 and Privacy6 legislation all require corporate governance structures (boards or committees) to establish a system for monitoring compliance and a compliance officer to oversee the system. I have warned for years that, from a litigation perspective, this is like building an Exocet missile with the company's home address programmed in.7<br/><br/>A possible solution to this concern as well as the concern that Manulife faces may be found in the laws relating to privilege.<br/><br/>By far the strongest legislative provision is statutory \"privilege\". A number of the provincial insurance statutes contain a very limited form of privilege. The Alberta version is typical:<br/><br/> 816.1 Privileged information Any information, document, record, statement or other thing concerning a person licensed or applying for a licence under this Act that is made or disclosed to the Minister, the Superintendent, the Deputy Superintendent or an examiner by a person other than the person licensed or applying for a licence is privileged and may not be used as evidence in any civil or administrative proceeding brought by or on behalf of that person.8 [emphasis added]<br/><br/> As can be seen from the highlighted parts, this provision is quite narrow and was enacted to shield the regulator from attacks and challenges by the regulated. It would likely not have protected Manulife in resisting production sought by a plaintiff.<br/><br/>The CCIR Privilege Working Group identified protecting self-assessments by insurance companies as an issue worthy of legislative consideration and suggested statutory wording in 2008 to achieve this objective.9 Alberta adopted privilege protection in 2008 in its Insurance Act which provides as follows:<br/><br/> 816.2(1) Insurance compliance self evaluative audit In this section,<br/><br/> (a) \"insurance compliance self evaluative audit\" means an evaluation, review, assessment, audit, inspection or investigation conducted by or on behalf of a licensed insurer or fraternal society, either voluntarily or at the request of the Minister or the Superintendent, for the purpose of identifying or preventing non compliance with, or promoting compliance with or adherence to, statutes, regulations, guidelines or industry, company or professional standards;<br/><br/>(b) \"insurance compliance self evaluative audit document\" means a document with recommendations or evaluative or analytical information prepared by or on behalf of a licensed insurer or fraternal society or the Minister or the Superintendent directly as a result of or in connection with an insurance compliance self evaluative audit and includes any response to the findings of an insurance compliance self evaluative audit, but does not include documents kept or prepared in the ordinary course of business of a licensed insurer or fraternal society.<br/><br/> (2) Subject to subsection (6), an insurance compliance self evaluative audit document is privileged information and is not discoverable or admissible as evidence in any civil or administrative proceeding.<br/><br/>(3) Subject to subsection (6), no person or entity may be required to give or produce evidence relating to an insurance compliance self evaluative audit or any insurance compliance self evaluative audit document in any civil or administrative proceeding.<br/><br/>(4) Disclosure of an insurance compliance self evaluative audit document to a person reasonably requiring access to it, including to a person acting on behalf of a licensed insurer or fraternal society with respect to the insurance compliance self evaluative audit, to the external auditor of the licensed insurer or fraternal society, to the board of directors of the licensed insurer or fraternal society or a committee of the licensed insurer or fraternal society or to the Minister or the Superintendent, whether voluntarily or pursuant to law, does not constitute a waiver of the privilege with respect to any other person.<br/><br/>(5) A licensed insurer or fraternal society that prepares or causes to be prepared an insurance compliance self evaluative audit document may expressly waive privilege in respect of all or part of the insurance compliance self evaluative audit document.<br/><br/>(6) The privileges set out in subsections (2) and (3) do not apply<br/><br/> (a) to a proceeding commenced against a licensed insurer or fraternal society by the Minister or the Superintendent in which an insurance compliance self evaluative audit document has been disclosed,<br/><br/>(b) if the privilege is asserted for fraudulent purposes,<br/><br/>(c) in a proceeding in which a person who was involved in conducting an insurance compliance self evaluative audit is a party seeking admission of the insurance compliance self evaluative audit document in a dispute related to the person's participation in conducting the insurance compliance self evaluative audit, or<br/><br/>(d) to information referred to in an insurance compliance self evaluative audit document that was not prepared as a result of or in connection with an insurance compliance self evaluative audit.10<br/><br/>These provisions apply to insurance compliance systems and their output. If similar provisions had been enacted in the ICA, Manulife might have had a stronger argument for documents prepared as part of its compliance program including special efforts directed at responding to specific events arising from the 2008 crises or specific demands of OSFI. However the \"documents kept or prepared in the ordinary course of business\" carve out in the definition of \"insurance compliance self evaluative audit document\" could be an impediment to having the privilege apply to minutes of committees of the insurer if the committee meetings were in fulfillment of the mandate of the committee.<br/><br/>In the meantime, it is our practice to recommend that insurers \"ensure\" that any problems identified by their compliance programs or governance processes seek to have the protection of \"solicitor client privilege\" which the courts understand and apply with vigour.11<br/><br/>In conclusion, the Manulife decision illustrates the problems that financial institutions can face when plaintiffs, whether in the context of class actions or well funded individual law suits, seek to acquire potentially damaging internal company governance, compliance and regulatory information to further their case. In some ways this case is akin to the \"canary in the coal mine\", an early warning system used to alert miners when carbon monoxide or carbon dioxide reached unsafe levels in the mines.<br/><br/>It is time for the industry to once again pull together and lobby Parliament to amend the ICA (the next major overhaul is due in 2017) and legislatures to amend the legislation of the remaining provinces/territories to follow the lead of the CCIR, Alberta and Manitoba. In recognition that more and more of the compliance function is being placed on corporate governance, consideration might also be give to expanding the scope of the \"compliance self evaluative audit\" privilege to cover the portions of the minutes of committees and boards that deal with this.<br/><br/>A number of statutes have been diligent in addressing and shielding the regulators from becoming embroiled in civil trials. It is time to consider providing similar protection for the regulatory efforts of the regulated.<br/><br/>Footnotes<br/><br/>1 Comit\u00c3\u00a9 syndicat national de retraite B\u00c3\u00a2tirente inc. c. Soci\u00c3\u00a9t\u00c3\u00a9 financi\u00c3\u00a8re Manuvie, 2011 QCCS 3446.<br/><br/>2 Supervisory Information (Insurance Companies) Regulations SOR/2001-56 as amended.<br/><br/>3 Jeffery v London Life Insurance, 2010 ONSC 4938, 193 ACWS (3d) 971, (Trial Decision); 2011 ONCA 683, 208 ACWS (3d) 575, (Court of Appeal); and 2011 ONCA 683, leave to appeal to SCC refused, 302 OAC 398 (note). See Palmay - Dealing With Participating Funds - Round 2 Is Final - Mondaq June 2012 and McMillan publications.<br/><br/>4 See OSFI Guideline E-13 - Legislative Compliance Management (LCM).<br/><br/>5 See Proceeds of Crime (Money Laundering) and Terrorist Financing Act.<br/><br/> 6 See Personal Information Protection and Electronic Documents Act.<br/> 7 During the Falklands war, the defence systems of HMS Sheffield were unable to detect the Argentinean exocet missiles as \"hostile\" because the French had delivered them to Argentina programmed with NATO codes. See <url normalizedValue=\"http://www.telegraph.co.uk/news/uknews/defence/9767736/Thatchers-blistering-attack-on-French-over-Exocets-during-Falklands.html\">http://www.telegraph.co.uk/news/uknews/defence/9767736/Thatchers-blistering-attack-on-French-over-Exocets-during-Falklands.html</url>[1];       \u00a0    <url normalizedValue=\"http://en.wikipedia.org/wiki/Events_leading_to_the_Falklands_War\">http://en.wikipedia.org/wiki/Events_leading_to_the_Falklands_War</url>[2];       \u00a0    <url normalizedValue=\"http://www.dailymail.co.uk/news/article-2253942/Margaret-Thatchers-war-treacherous-Francois-Mitterrand-Exocet-missile.html\">http://www.dailymail.co.uk/news/article-2253942/Margaret-Thatchers-war-treacherous-Francois-Mitterrand-Exocet-missile.html</url>[3].<br/><br/>8 See comparable provisions of Section 116 of the Ontario Insurance Act; Section 462 of the Saskatchewan Insurance Act; Section 90 of the Newfoundland Labrador Insurance Companies Act; Subsection 7(2)of the New Brunswick Insurance Act; and Subsection 350(2) of the Insurance Act of Prince Edward Island.<br/><br/>9 See       \u00a0    <url normalizedValue=\"http://www.ccir-ccrra.org/en/init/Privilege/Final_Report_on_Privilege_Model_July08.pdfhttp://www.ccir-ccrra.org/en/init/Privilege/Final_Report_on_Privilege_Model_July08.pdf\">http://www.ccir-ccrra.org/en/init/Privilege/Final_Report_on_Privilege_Model_July08.pdfhttp://www.ccir-ccrra.org/en/init/Privilege/Final_Report_on_Privilege_Model_July08.pdf</url>. Also see Waterman and Palmay - Compliance databases and the issue of privilege Lexology April, 2010.<br/><br/>10 See Palmay - Alberta Provides Privilege for Self-Assessment Programs - McMillan (Lang Michener) publication Spring 2009.Manitoba introduced a similar provision in Section 84.1 of the Insurance Amendment Act, assented to June 14, 2012.<br/><br/>11 See Palmay - Insurance Self-assessment Programmes and the Issue of Privilege - International Law Office 2008; Waterman and Palmay - A privilege primer - Lexology 2010; and Palmay and Waterman - Risk/Compliance Management Systems and Privilege - Martindale (copy here[4]) or from the author.<br/><br/>The foregoing provides only an overview and does not constitute legal advice. Readers are cautioned against making any decisions based on this material alone. Rather, specific legal advice should be obtained.<br/><br/>\u00c2\u00a9 McMillan LLP 2014<br/><br/> Mr Frank Palmay<br/>McMillan LLP<br/>Brookfield Place, Suite 4400<br/>181 Bay Street<br/>Toronto<br/>Ontario M5J 2T3<br/>CANADA<br/> Tel: 4168657000<br/>Fax: 4168657048<br/><br/>E-mail: <email normalizedValue=\"mailto:Allison.Cary@mcmillan.ca\">Allison.Cary@mcmillan.ca</email><br/>URL:       \u00a0    <url normalizedValue=\"http://www.mcmillan.ca\">www.mcmillan.ca</url><br/><br/>Click Here [5] for related articles (c) Mondaq Ltd, 2014 - Tel. +44 (0)20 8544 8300 -       \u00a0    <url normalizedValue=\"http://www.mondaq.com\">http://www.mondaq.com</url>[6]<br/> [1]:       \u00a0    <url normalizedValue=\"http://www.telegraph.co.uk/news/uknews/defence/9767736/Thatchers-blistering-attack-on-French-over-Exocets-during-Falklands.html\">http://www.telegraph.co.uk/news/uknews/defence/9767736/Thatchers-blistering-attack-on-French-over-Exocets-during-Falklands.html</url> [2]:       \u00a0    <url normalizedValue=\"http://en.wikipedia.org/wiki/Events_leading_to_the_Falklands_War\">http://en.wikipedia.org/wiki/Events_leading_to_the_Falklands_War</url> [3]:       \u00a0    <url normalizedValue=\"http://www.dailymail.co.uk/news/article-2253942/Margaret-Thatchers-war-treacherous-Francois-Mitterrand-Exocet-missile.html\">http://www.dailymail.co.uk/news/article-2253942/Margaret-Thatchers-war-treacherous-Francois-Mitterrand-Exocet-missile.html</url> [4]:       \u00a0    <url normalizedValue=\"https://www.google.com/search?sourceid=navclientaq=oq=Palmay+Risk%2FCompliance+Management+Systems+and+Privilegeie=UTF-8rlz=1T4ADRA_enUS456CA460q=Palmay+Risk%2FCompliance+Management+Systems+and+Privilegegs_l=hp....0.0.4.18962...........0.NmNh8gAOR9s\">https://www.google.com/search?sourceid=navclientaq=oq=Palmay+Risk%2FCompliance+Management+Systems+and+Privilegeie=UTF-8rlz=1T4ADRA_enUS456CA460q=Palmay+Risk%2FCompliance+Management+Systems+and+Privilegegs_l=hp....0.0.4.18962...........0.NmNh8gAOR9s</url> [5]:       \u00a0    <url normalizedValue=\"http://www.mondaq.com/search/relate.asp?article_id=313802online_host_id=0\">http://www.mondaq.com/search/relate.asp?article_id=313802online_host_id=0</url> [6]:       \u00a0    <url normalizedValue=\"http://www.mondaq.com/default.asp?online_host_id=22id=313802\">http://www.mondaq.com/default.asp?online_host_id=22id=313802</url></p><p/></bodyText></nitf:body.content></nitf:body><metadata><dc:metadata xmlns:dc=\"http://purl.org/dc/elements/1.1/\"><dc:identifier identifierScheme=\"DOC-ID\">NEWSTX-MNDQ10638714001486522652983200</dc:identifier><dc:source sourceScheme=\"royaltyReportingKey\">MNDQ-5508</dc:source><dc:identifier identifierScheme=\"PGUID\">urn:contentItem:5C6M-VV41-F03R-N306-00000-00</dc:identifier><dc:source sourceScheme=\"productContentSetIdentifier\">299488</dc:source><dc:date dateType=\"last-updated\">2020-04-08</dc:date></dc:metadata><wordCount number=\"2676\"/><timeReceived>10:10 AM EST</timeReceived><publicationInfo><copyright>Copyright 2014 Newstex LLC All Rights Reserved</copyright><publicationName>Mondaq</publicationName><publicationDate day=\"15\" month=\"05\" year=\"2014\"><dateText>May 15, 2014 Thursday</dateText></publicationDate><classification classificationScheme=\"publicationtype\"><classificationItem><className>Web Blog</className></classificationItem></classification><classification classificationScheme=\"publicationtype\"><classificationItem><className>Blogs</className></classificationItem></classification></publicationInfo><classification classificationScheme=\"language\"><classificationItem classificationScheme=\"lang.english\"><className>English</className></classificationItem></classification><classificationGroup classificationScheme=\"indexing-terms\"><classification classificationScheme=\"company\"><classificationItem score=\"92\"><classCode>CC0001WGL</classCode><className>MANULIFE FINANCIAL CORP</className></classificationItem></classification><classification classificationScheme=\"industry\"><classificationItem score=\"92\"><className>NAICS524130 REINSURANCE CARRIERS</className></classificationItem><classificationItem score=\"92\"><className>NAICS524114 DIRECT HEALTH &amp; MEDICAL INSURANCE CARRIERS</className></classificationItem><classificationItem score=\"92\"><className>NAICS524113 DIRECT LIFE INSURANCE CARRIERS</className></classificationItem><classificationItem score=\"92\"><className>NAICS522292 REAL ESTATE CREDIT</className></classificationItem><classificationItem score=\"92\"><className>SIC6321 ACCIDENT &amp; HEALTH INSURANCE</className></classificationItem><classificationItem score=\"92\"><className>SIC6311 LIFE INSURANCE</className></classificationItem><classificationItem score=\"92\"><className>SIC6162 MORTGAGE BANKERS &amp; LOAN CORRESPONDENTS</className></classificationItem></classification><classification classificationScheme=\"ticker\"><classificationItem score=\"92\"><className>MFC (TSX)</className></classificationItem><classificationItem score=\"92\"><className>MFC (NYSE)</className></classificationItem><classificationItem score=\"92\"><className>0945 (HKSE)</className></classificationItem></classification></classificationGroup><classificationGroup classificationScheme=\"licensor.indexing-terms\"><classification classificationScheme=\"licensor.organization\"><classificationItem><className>Health Services</className></classificationItem><classificationItem><className>ICA</className></classificationItem><classificationItem><className>Manulife Financial</className></classificationItem><classificationItem><className>WBAT</className></classificationItem></classification><classification classificationScheme=\"licensor.subject\"><classificationItem><className>Insurance, Insurance Laws and Products</className></classificationItem></classification><classification classificationScheme=\"licensor.general-terms\"><classificationItem><className>Quebec</className></classificationItem></classification></classificationGroup><classificationGroup classificationScheme=\"indexing-terms\"><classification classificationScheme=\"legal\"/><classification classificationScheme=\"subject\"><classificationItem score=\"90\"><classCode>N921120CC</classCode><className>LEGISLATIVE BODIES</className><classCode/><className/></classificationItem><classificationItem score=\"90\"><classCode>STX001040</classCode><className>LITIGATION</className><classCode/><className/></classificationItem><classificationItem score=\"90\"><classCode>ST000DMT1</classCode><className>PATENT COURTS</className><classCode/><className/></classificationItem><classificationItem score=\"90\"><classCode>STX001462</classCode><className>REGULATORY COMPLIANCE</className><classCode/><className/></classificationItem><classificationItem score=\"90\"><classCode>STX001648</classCode><className>SUITS &amp; CLAIMS</className><classCode/><className/></classificationItem><classificationItem score=\"89\"><classCode>STX000988</classCode><className>JURISDICTION</className><classCode/><className/></classificationItem><classificationItem score=\"89\"><classCode>ST0008XMR</classCode><className>LAW &amp; LEGAL SYSTEM</className><classCode/><className/></classificationItem><classificationItem score=\"89\"><classCode>ST0009FJK</classCode><className>NEGATIVE PERSONAL NEWS</className><classCode/><className/></classificationItem><classificationItem score=\"89\"><classCode>ST000DB12</classCode><className>PATIENT PRIVACY</className><classCode>Z3VpZD11cm46dG9waWM6NTg4RTkyNjk5MUY0NEU4Q0FBMDg2MzI1ODBCRUQ3OEY7cGFyZW50Z3VpZD11cm46dG9waWM6NjM2NTg4ODQ2MEU0NENDOUE4NzlDN0E2QjM5MjJFQjg</classCode><className>Patient Confidentiality</className></classificationItem><classificationItem score=\"88\"><classCode>ST000DA9H</classCode><className>CONFIDENTIALITY AGREEMENTS</className><classCode/><className/></classificationItem><classificationItem score=\"78\"><classCode>STX000404</classCode><className>CORPORATE GOVERNANCE</className><classCode>Z3VpZD11cm46dG9waWM6MDQ3M0RFODczN0I4NDg2RjlFRDNFMUNBODRDQTU0Q0E7cGFyZW50Z3VpZD11cm46dG9waWM6RTJGRkVBNjc4MzI3NDA5MTlEMDI1NjU2NzMyNkYzNTc</classCode><className>Corporate Governance</className></classificationItem><classificationItem score=\"78\"><classCode>STX000927</classCode><className>INSURANCE ASSOCIATIONS</className><classCode/><className/></classificationItem><classificationItem score=\"78\"><classCode>STX000984</classCode><className>JUDGES</className><classCode>Z3VpZD11cm46dG9waWM6OTg1QUIzNkIwNzk5NDQ4NzhGMDdDQjVGNEYyRjY5OTI7cGFyZW50Z3VpZD11cm46dG9waWM6NURENzJGNTEyQzM0NEREQUI2RkVCRTM4RTc1RTZBREU</classCode><className>Judges</className></classificationItem><classificationItem score=\"78\"><classCode>N922110CC</classCode><className>LAW COURTS &amp; TRIBUNALS</className><classCode/><className/></classificationItem><classificationItem score=\"78\"><classCode>ST0009EVK</classCode><className>MEDICINE &amp; HEALTH</className><classCode/><className/></classificationItem><classificationItem score=\"78\"><classCode>STX001500</classCode><className>RISK MANAGEMENT</className><classCode/><className/></classificationItem><classificationItem score=\"77\"><classCode>ST000A2SV</classCode><className>INSURANCE REGULATORY COMPLIANCE</className><classCode/><className/></classificationItem><classificationItem score=\"73\"><classCode>ST000DD8C</classCode><className>BUSINESS &amp; CORPORATE ENTITIES LAW</className><classCode>Z3VpZD11cm46dG9waWM6QjA4OEVGODBENzY4NDcxM0IyQzA1OTEwQzVDODRBOUE7cGFyZW50Z3VpZD11cm46dG9waWM6MUFEMUQ2QTA1OUZCNEE5RjkzNTA2RERFMUNEOTk1RTI</classCode><className>Businesses &amp; Corporations</className></classificationItem><classificationItem score=\"73\"><classCode>ST000A51F</classCode><className>ECONOMIC CRISIS</className><classCode/><className/></classificationItem></classification><classification classificationScheme=\"industry\"><classificationItem score=\"94\"><classCode>N524000CC</classCode><className>INSURANCE</className><classCode/><className/></classificationItem><classificationItem score=\"94\"><classCode>ST000A2VZ</classCode><classCode/><className/></classificationItem><classificationItem score=\"90\"><classCode>N520000CC</classCode><className>BANKING &amp; FINANCE</className><classCode/><className/></classificationItem><classificationItem score=\"90\"><classCode>STX000932</classCode><className>INSURANCE REGULATION &amp; POLICY</className><classCode/><className/></classificationItem><classificationItem score=\"90\"><classCode>STX002011</classCode><className>MORTGAGE BANKING</className><classCode/><className/></classificationItem><classificationItem score=\"90\"><classCode>STX001455</classCode><className>REAL ESTATE</className><classCode/><className/></classificationItem><classificationItem score=\"90\"><classCode>ST000A2W7</classCode><classCode/><className/></classificationItem><classificationItem score=\"89\"><classCode>ST000DB12</classCode><className>PATIENT PRIVACY</className><classCode>Z3VpZD11cm46dG9waWM6NTg4RTkyNjk5MUY0NEU4Q0FBMDg2MzI1ODBCRUQ3OEY7cGFyZW50Z3VpZD11cm46dG9waWM6NjM2NTg4ODQ2MEU0NENDOUE4NzlDN0E2QjM5MjJFQjg</classCode><className>Patient Confidentiality</className></classificationItem><classificationItem score=\"78\"><classCode>STX000927</classCode><className>INSURANCE ASSOCIATIONS</className><classCode/><className/></classificationItem><classificationItem score=\"78\"><classCode>N926150MM</classCode><className>INSURANCE COMMISSIONS</className><classCode>Z3VpZD11cm46dG9waWM6MEFDQTNCQjMxQjJDNEYwOTlEMUEwRUUzNDI5RUY3RjI7cGFyZW50Z3VpZD11cm46dG9waWM6NTk2QzZCOTc1QzgxNEI0REFDNjYwM0UxMzNDOEEwQUE</classCode><className>State Insurance Commissioners &amp; Departments</className></classificationItem><classificationItem score=\"78\"><classCode>ST0008WTK</classCode><className>INSURANCE REGULATORY BODIES</className><classCode>Z3VpZD11cm46dG9waWM6NTk2QzZCOTc1QzgxNEI0REFDNjYwM0UxMzNDOEEwQUE7cGFyZW50Z3VpZD11cm46dG9waWM6MDM4MzQ2QUYzMTY0NDQzQTkxRDQwRUUzRUM5RDg0OEM</classCode><className>Regulators</className></classificationItem><classificationItem score=\"78\"><classCode>STX001500</classCode><className>RISK MANAGEMENT</className><classCode/><className/></classificationItem><classificationItem score=\"77\"><classCode>ST000A2SV</classCode><className>INSURANCE REGULATORY COMPLIANCE</className><classCode/><className/></classificationItem><classificationItem score=\"76\"><classCode>N522292GC</classCode><className>MORTGAGE BANKING &amp; FINANCE</className><classCode/><className/></classificationItem><classificationItem score=\"74\"><classCode>ST000D7DY</classCode><className>INFORMATION SECURITY &amp; PRIVACY</className><classCode/><className/></classificationItem></classification><classification classificationScheme=\"state\"><classificationItem score=\"90\"><classCode>GS176</classCode><className>QUEBEC, CANADA</className><classCode/><className/></classificationItem></classification><classification classificationScheme=\"country\"><classificationItem score=\"93\"><classCode>GC339</classCode><className>CANADA</className><classCode/><className/></classificationItem></classification></classificationGroup></metadata></articleDoc></content></entry>"}