{"prediction_class": "Regulatory Breaches Tax Evasion Smuggling of goods", "prediction_score": "0.57", "name": "Manulife", "title": "Canada: Ontario Court Approves Litigation Funding Agreement Prior To Certification In Proposed Class Action", "published": "2011-04-08T00:00:00Z", "updated": "2020-11-16T03:56:34Z", "cleaned_article": "[TITLE] Canada: Ontario Court Approves Litigation Funding Agreement Prior To Certification In Proposed Class Action [TITLE] \n\nOn March 21, 2011, Justice Strathy of the Ontario Superior Court of Justice released interim reasons in Dugal v. Manulife Financial Corporation1Dugal v. Manulife Financial Corporation, 2011 ONSC 1785 [Dugal] conditionally approving a litigation funding agreement entered into between the plaintiffs and a foreign third party corporation. This is the second time that such an agreement has been considered in Ontario and the first time that one has been approved.The plaintiffs in the proposed class action allege that Manulife Financial Corporationmade misrepresentations regarding its risk management practices in public disclosure documents, which had the effect of artificially inflating the value of its stock. Subsequently, when the market became aware of Manulife's actual practices, the value of Manulife's securities plummeted, causing damages to the plaintiffs who had purchased Manulife's securities during the class period. Prior to concluding that the funding agreement should be approved, Justice Strathy considered: a. Whether or not the court had jurisdiction to approve an agreement where the class had not yet been certified; and", "raw_cleaned_article": "<h2>Canada: Ontario Court Approves Litigation Funding Agreement Prior To Certification In Proposed Class Action</h2><p><b>On March 21, 2011, Justice Strathy of the Ontario Superior Court of Justice released interim reasons in Dugal v. Manulife Financial Corporation1Dugal v. Manulife Financial Corporation, 2011 ONSC 1785 [Dugal] conditionally approving a litigation funding agreement entered into between the plaintiffs and a foreign third party corporation. This is the second time that such an agreement has been considered in Ontario and the first time that one has been approved.</b><b>Dugal v. Manulife Financial Corporation, 2011 ONSC 1785 [Dugal]</b><b>The plaintiffs in the proposed class action allege that Manulife Financial Corporationmade misrepresentations regarding its risk management practices in public disclosure documents, which had the effect of artificially inflating the value of its stock. Subsequently, when the market became aware of Manulife's actual practices, the value of Manulife's securities plummeted, causing damages to the plaintiffs who had purchased Manulife's securities during the class period.</b> Prior to concluding that the funding agreement should be approved, Justice Strathy considered: a. Whether or not the court had jurisdiction to approve an agreement where the class had not yet been certified; and</p>", "original_content": "<entry xmlns=\"http://www.w3.org/2005/Atom\"><id>urn:contentItem:52K3-BC21-DYX7-J3KT-00000-00</id><title>Canada: Ontario Court Approves Litigation Funding Agreement Prior To Certification In Proposed Class Action</title><published>2011-04-08T00:00:00Z</published><updated>2020-11-16T03:56:34Z</updated><author><name>LexisNexis</name></author><content type=\"application/xml\"><!--Transformation version 1.23--><articleDoc xmlns=\"\" xmlns:xsi=\"http://www.w3.org/2001/XMLSchema-instance\" xsi:noNamespaceSchemaLocation=\"http://www.lexisnexis.com/xmlschemas/content/public/articledoc/1/\" schemaVersion=\"1.8\" xml:lang=\"en\"><articleDocHead><itemInfo/></articleDocHead><nitf:body xmlns:nitf=\"http://iptc.org/std/NITF/2006-10-18/\"><nitf:body.head><nitf:hedline><nitf:hl1>Canada: Ontario Court Approves Litigation Funding Agreement Prior To Certification In Proposed Class Action</nitf:hl1></nitf:hedline><nitf:byline><author><person><nameText>Michael Eizenga</nameText></person></author></nitf:byline></nitf:body.head><nitf:body.content><bodyText><p nitf:lede=\"true\">On March 21, 2011, Justice Strathy of the Ontario Superior Court of Justice released interim reasons in Dugal v. Manulife Financial Corporation<footnote><anchor id=\"fnote1\"/><label>1</label><bodyText><p>Dugal v. Manulife Financial Corporation, 2011 ONSC 1785 [Dugal]</p></bodyText></footnote> conditionally approving a litigation funding agreement entered into between the plaintiffs and a foreign third party corporation. This is the second time that such an agreement has been considered in Ontario and the first time that one has been approved.</p><p nitf:lede=\"true\">The plaintiffs in the proposed class action allege that Manulife Financial Corporationmade misrepresentations regarding its risk management practices in public disclosure documents, which had the effect of artificially inflating the value of its stock. Subsequently, when the market became aware of Manulife's actual practices, the value of Manulife's securities plummeted, causing damages to the plaintiffs who had purchased Manulife's securities during the class period.</p><p nitf:lede=\"true\">Prior to concluding that the funding agreement should be approved, Justice Strathy considered:</p><p>a. Whether or not the court had jurisdiction to approve an agreement where the class had not yet been certified; and</p><p>b. Whether or not a litigation funding agreement offended the law of champerty and maintenance, by making the administration of justice more easily subject to abuse.</p><p>Jurisdiction</p><p>In an earlier decision, Metzler Investment GMBH v. Gildan Activewear Inc.,<footnote><anchor id=\"fnote2\"/><label>2</label><bodyText><p>Metzler Investment GMBH v. Gildan Activewear Inc., [2009] O.J. No. 3315 (S.C.J.) [Metzler]</p></bodyText></footnote> Justice Leitch concluded that the court should not exercise its discretion when an action had not yet been certified and class members have not been given an opportunity to present their views.</p><p>The court in Dugal disagreed and found that its broad jurisdiction under section 12 of the Class Proceedings Act, \"to make any order it considers appropriate respecting the conduct of a class proceeding to ensure its fair and expeditious determination\" was not dependent on an action having been certified. The court took a practical approach in its analysis of this issue when it recognized that part of the court's responsibility in a class action is to protect the rights of prospective class members, where the most important right is the right to advance a class proceeding.</p><p>Thus, Justice Strathy concluded that to postpone the decision to after the certification hearing and seek the views of all class members, could well result in the end of the proceeding, because the plaintiffs would not be able to withstand an adverse costs award on certification.<footnote><anchor id=\"fnote3\"/><label>3</label><bodyText><p>Dugal, supra note 1 at 17</p></bodyText></footnote> Accordingly, noting that the funding agreement in this case was at least acceptable to a representative group of class members, the court found that it had jurisdiction to assess whether the funding agreement was fair and reasonable.</p><p>Funding Agreements Not Necessarily Champertous</p><p>The funding agreement entered into between the plaintiffs and Claims Funding International PLC (CFI) provided that CFI would indemnify the plaintiffs against their exposure to an adverse costs award in return for a seven-percent share of the proceeds of any recovery in litigation, subject to a variable cap based on the timing of any settlement. The defendants argued that such an agreement was contrary to public policy and champertous (e.g., unlawful on the basis that CFI was moving a lawsuit in order to take part in the gains).</p><p>The court determined that a litigation funding agreement was not necessarily champertous after considering the jurisprudence with respect to contingency fee agreements, the acceptance of funding agreements in other jurisdictions and the goals of the CPA.</p><p>Justice Strathy likened litigation funding agreements to contingency fee agreements, which have previously been found not to be prohibited by the law of champerty and maintenance and which have been recognized to improve access to justice for litigants. Given that contingency fee agreements must be reviewed by the courts for the reasonableness and fairness of the fee structure, the court determined that this should also be the case with respect to litigation funding agreements. An assessment of fairness would therefore require an examination of the percentage of recovery payable to the funder and whether or not there was a cap on the amount that was payable. Indeed, in Metzler, the only other case in Ontario to consider the funding agreement issue, the court declined to approve a funding agreement on the basis that it was too early to determine whether or not it was reasonable (because there was no cap on the amount of the award).</p><p>Additionally, the court took note of the fact that litigation funding agreements have been approved in other Canadian jurisdictions (e.g., Alberta and Nova Scotia), England and Australia.</p><p>Most importantly, Justice Strathy recognized that one of the main goals of the CPA is to provide access to justice to large groups of claims that cannot economically be pursued individually. Because \"no rational person would risk an adverse costs award of several million dollars to recover several thousand dollars,\"<footnote><anchor id=\"fnote4\"/><label>4</label><bodyText><p>Dugal, supra note 1 at 28.</p></bodyText></footnote> the reality is that potential representative plaintiffs still face a significant barrier to litigation. Currently, aside from a litigation funding agreement to address one's exposure to costs consequences, plaintiffs are left with only two options - attempt to obtain an indemnity from class counsel, or apply for funding from the Class Proceedings Fund, the former of which is not always an option and the latter of which may be rejected.</p><p>Based on the above considerations, the court in Dugal conditionally approved the agreement between the plaintiffs and CFI because:</p><p>a. It promotes the goals of access to justice;</p><p>b. It leaves control of the litigation in the hands of the representative plaintiff;</p><p>c. The specified commission payable was reasonable (Seven percent is less than the 10 percent the Class Proceedings Fund would take);</p><p>d. It includes a reasonable commission cap that reflects the downside risk to CFI;</p><p>e. The commission is acceptable to both the representative plaintiffs, who are sophisticated investors, and a large cross-section of class members;</p><p>f. There is no evidence that CFI provoked the litigation; and</p><p>g. The plaintiffs are represented by experienced and highly reputable counsel.</p><p>The court imposed two conditions on its approval of the agreement - that CFI provide evidence it has the capacity to satisfy any costs award that might be made and the parties to the agreement develop guidelines as to how they will ensure confidential information is treated appropriately.</p><p>Through Justice Strathy's decision in Dugal, Ontario courts have opened the door to litigation funding agreements. This may be a significant benefit for class action plaintiffs and their counsel who, to-date, have tended to indemnify representative plaintiffs against adverse costs awards. Practical questions remain, however, such as whether such funding will only be available to those plaintiffs with the very best prospects of success and whether such an arrangement will be a consideration for the court in making an award of costs or class counsel fees. Presumably, the appropriateness of the funder's rate of return will need to be determined on a case by case basis.</p><p>In any event, parties seeking to take advantage of this new development in Ontario should be mindful that only carefully drafted litigation funding agreements, which are fair and reasonable, and which safeguard the administration of justice, will be approved by the courts. The importance of engaging experienced and reputable counsel in this regard cannot be overstated.</p><p>Footnotes</p><p>The content of this article is intended to provide a general guide to the subject matter. Specialist advice should be sought about your specific circumstances.</p><p><br/> Mr Michael Eizenga<br/>Bennett Jones LLP<br/> 3400 One First Canadian Place<br/> P.O. Box 130<br/> Toronto<br/>Ontario<br/> M5X 1A4<br/> CANADA<br/> Tel: 4168631200<br/> Fax: 4168631716<br/><br/>E-mail: <email normalizedValue=\"mailto:DuqueL@bennettjones.com\">DuqueL@bennettjones.com</email><br/> URL: <url normalizedValue=\"http://www.bennettjones.com\">www.bennettjones.com</url></p></bodyText></nitf:body.content></nitf:body><metadata><dc:metadata xmlns:dc=\"http://purl.org/dc/elements/1.1/\"><dc:identifier identifierScheme=\"DOC-ID\">MONDAQ-10128794</dc:identifier><dc:source sourceScheme=\"royaltyReportingKey\">MONDAQ2011</dc:source><dc:identifier identifierScheme=\"PGUID\">urn:contentItem:52K3-BC21-DYX7-J3KT-00000-00</dc:identifier><dc:source sourceScheme=\"productContentSetIdentifier\">149522</dc:source><dc:date dateType=\"last-updated\">2019-10-01</dc:date></dc:metadata><wordCount number=\"1335\"/><publicationInfo><copyright>Copyright 2011 Mondaq Ltd. All Rights Reserved</copyright><publicationName>Mondaq Business Briefing</publicationName><publicationLogo><logo><inlineObject><locator><locatorKey><keyName name=\"object-key\"/><keyValue value=\"33716\"/></locatorKey><locatorParameters><parameter name=\"object-type\" value=\"201\"/><parameter name=\"object-smi\" value=\"LOGOS\"/><parameter name=\"componentseq\" value=\"1\"/></locatorParameters></locator></inlineObject></logo></publicationLogo><publicationDate day=\"08\" month=\"04\" year=\"2011\"><dateText>April 8, 2011</dateText></publicationDate><classification classificationScheme=\"publicationtype\"><classificationItem><className>Newswire</className></classificationItem></classification><classification classificationScheme=\"publicationtype\"><classificationItem><className>Newswires &amp; Press Releases</className></classificationItem></classification></publicationInfo><classification classificationScheme=\"language\"><classificationItem classificationScheme=\"lang.english\"><className>ENGLISH</className></classificationItem></classification><classificationGroup classificationScheme=\"indexing-terms\"><classification classificationScheme=\"company\"><classificationItem score=\"96\"><classCode>CC0001WGL</classCode><className>MANULIFE FINANCIAL CORP</className></classificationItem><classificationItem score=\"68\"><classCode>CC00023IO</classCode><className>GILDAN ACTIVEWEAR INC</className></classificationItem></classification><classification classificationScheme=\"industry\"><classificationItem score=\"96\"><className>NAICS524130 REINSURANCE CARRIERS</className></classificationItem><classificationItem score=\"96\"><className>NAICS524114 DIRECT HEALTH &amp; MEDICAL INSURANCE CARRIERS</className></classificationItem><classificationItem score=\"96\"><className>NAICS524113 DIRECT LIFE INSURANCE CARRIERS</className></classificationItem><classificationItem score=\"96\"><className>NAICS522292 REAL ESTATE CREDIT</className></classificationItem><classificationItem score=\"96\"><className>SIC6321 ACCIDENT &amp; HEALTH INSURANCE</className></classificationItem><classificationItem score=\"96\"><className>SIC6311 LIFE INSURANCE</className></classificationItem><classificationItem score=\"96\"><className>SIC6162 MORTGAGE BANKERS &amp; LOAN CORRESPONDENTS</className></classificationItem><classificationItem score=\"68\"><className>NAICS315190 OTHER APPAREL KNITTING MILLS</className></classificationItem><classificationItem score=\"68\"><className>SIC2253 KNIT OUTERWEAR MILLS</className></classificationItem></classification><classification classificationScheme=\"ticker\"><classificationItem score=\"96\"><className>MFC (TSX)</className></classificationItem><classificationItem score=\"96\"><className>MFC (NYSE)</className></classificationItem><classificationItem score=\"96\"><className>0945 (HKSE)</className></classificationItem><classificationItem score=\"68\"><className>GIL (TSX)</className></classificationItem><classificationItem score=\"68\"><className>GIL (NYSE)</className></classificationItem></classification></classificationGroup><classificationGroup classificationScheme=\"licensor.indexing-terms\"><classification classificationScheme=\"licensor.company\"><classificationItem><className>Bennett Jones LLP</className></classificationItem></classification><classification classificationScheme=\"licensor.country\"><classificationItem><className>Canada</className></classificationItem></classification><classification classificationScheme=\"licensor.subject\"><classificationItem><className>Litigation</className></classificationItem><classificationItem><className>Mediation &amp; Arbitration</className></classificationItem><classificationItem><className>Class Actions</className></classificationItem></classification></classificationGroup><classificationGroup classificationScheme=\"indexing-terms\"><classification classificationScheme=\"subject\"><classificationItem score=\"94\"><classCode>STX001040</classCode><className>LITIGATION</className><classCode/><className/></classificationItem><classificationItem score=\"92\"><classCode>ST000DH0Q</classCode><className>AGREEMENTS</className><classCode/><className/></classificationItem><classificationItem score=\"92\"><classCode>STX000108</classCode><className>APPROVALS</className><classCode/><className/></classificationItem><classificationItem score=\"90\"><classCode>N922110CC</classCode><className>LAW COURTS &amp; TRIBUNALS</className><classCode/><className/></classificationItem><classificationItem score=\"90\"><classCode>ST0009EVK</classCode><className>MEDICINE &amp; HEALTH</className><classCode/><className/></classificationItem><classificationItem score=\"90\"><classCode>ST0009QD4</classCode><className>NEGATIVE BUSINESS NEWS</className><classCode/><className/></classificationItem><classificationItem score=\"90\"><classCode>ST000DMT1</classCode><className>PATENT COURTS</className><classCode/><className/></classificationItem><classificationItem score=\"90\"><classCode>STX001976</classCode><className>SECURITIES &amp; OTHER INVESTMENTS</className><classCode/><className/></classificationItem><classificationItem score=\"90\"><classCode>STX001648</classCode><className>SUITS &amp; CLAIMS</className><classCode/><className/></classificationItem><classificationItem score=\"89\"><classCode>STX000988</classCode><className>JURISDICTION</className><classCode/><className/></classificationItem><classificationItem score=\"78\"><classCode>STX000073</classCode><className>ALTERNATIVE DISPUTE RESOLUTION</className><classCode>Z3VpZD11cm46dG9waWM6MERFNEVCMTA5NUZFNDc2NzhGQzM2ODA0M0JGQTRFOEU7cGFyZW50Z3VpZD11cm46dG9waWM6MTdEQ0JDNDEyM0VFNDlCMjg5MjFGNTQ3QURFNTJCMTE</classCode><className>Alternative Dispute Resolution</className></classificationItem><classificationItem score=\"78\"><classCode>STX001883</classCode><className>DECISIONS &amp; RULINGS</className><classCode/><className/></classificationItem><classificationItem score=\"78\"><classCode>STX001500</classCode><className>RISK MANAGEMENT</className><classCode/><className/></classificationItem><classificationItem score=\"77\"><classCode>STX000898</classCode><className>INDEMNITY AGREEMENTS</className><classCode/><className/></classificationItem><classificationItem score=\"63\"><classCode>STX000466</classCode><className>DELAYS &amp; POSTPONEMENTS</className><classCode/><className/></classificationItem></classification><classification classificationScheme=\"industry\"><classificationItem score=\"93\"><classCode>N315100CC</classCode><className>APPAREL KNITTING MILLS</className><classCode/><className/></classificationItem><classificationItem score=\"91\"><classCode>N520000CC</classCode><className>BANKING &amp; FINANCE</className><classCode/><className/></classificationItem><classificationItem score=\"91\"><classCode>STX000834</classCode><className>HEALTH INSURANCE</className><classCode/><className/></classificationItem><classificationItem score=\"91\"><classCode>N524000CC</classCode><className>INSURANCE</className><classCode/><className/></classificationItem><classificationItem score=\"91\"><classCode>ST000A2VZ</classCode><classCode/><className/></classificationItem><classificationItem score=\"90\"><classCode>STX002011</classCode><className>MORTGAGE BANKING</className><classCode/><className/></classificationItem><classificationItem score=\"90\"><classCode>STX001455</classCode><className>REAL ESTATE</className><classCode/><className/></classificationItem><classificationItem score=\"90\"><classCode>N524130CC</classCode><className>REINSURANCE</className><classCode>Z3VpZD11cm46dG9waWM6NDI3MjQ3NDBDODZENDNCNUJCNzgwNzgwQTBGNDkxRTQ7cGFyZW50Z3VpZD11cm46dG9waWM6NTUxRjY2QkZCMjhBNDJENTg2QzJGQUQ1MTAyMEI5RkI</classCode><className>Reinsurance</className></classificationItem><classificationItem score=\"90\"><classCode>STX001976</classCode><className>SECURITIES &amp; OTHER INVESTMENTS</className><classCode/><className/></classificationItem><classificationItem score=\"90\"><classCode>ST000A2W7</classCode><classCode/><className/></classificationItem><classificationItem score=\"78\"><classCode>STX001500</classCode><className>RISK MANAGEMENT</className><classCode/><className/></classificationItem><classificationItem score=\"75\"><classCode>N522292GC</classCode><className>MORTGAGE BANKING &amp; FINANCE</className><classCode/><className/></classificationItem><classificationItem score=\"75\"><classCode>STX001714</classCode><className>TEXTILE MFG</className><classCode/><className/></classificationItem><classificationItem score=\"75\"><classCode>N313000CC</classCode><className>TEXTILE MILLS</className><classCode/><className/></classificationItem></classification><classification classificationScheme=\"person\"><classificationItem score=\"51\"><classCode>PE000DNAW</classCode><className>ABBY FINKENAUER</className><classCode/><className/></classificationItem></classification><classification classificationScheme=\"state\"><classificationItem score=\"88\"><classCode>GS174</classCode><className>ONTARIO, CANADA</className><classCode/><className/></classificationItem></classification><classification classificationScheme=\"country\"><classificationItem score=\"93\"><classCode>GC339</classCode><className>CANADA</className><classCode/><className/></classificationItem></classification></classificationGroup></metadata></articleDoc></content></entry>"}