{"prediction_class": "Regulatory Breaches Tax Evasion Smuggling of goods", "prediction_score": "0.65", "name": "Manulife", "title": "Crawford report a worthy effort", "published": "2002-05-30T00:00:00Z", "updated": "2020-11-16T03:35:14Z", "cleaned_article": "[TITLE] Crawford report a worthy effort [TITLE] \n\n Although the report agrees that the current system \"allows each legislature . . . to develop and administer securities laws in a manner that best serves its local market,\" it says that the price is \"a balkanized approach.\" While the Canadian Securities Administrators (CSA) has been trying to harmonize rules, it has no actual power, and so, in cases of disagreement, different regions often wind up simply going their own way.   One of the other areas the committee focuses on is the Ontario Securities Commission's ability to impose penalties. This is something securities industry players have complained about for years - the fact that, even if the commission prosecutes someone, the penalty is often too weak to do much good.   As Manulife CEO Dominic D'Alessandro said recently: \"If they put some of these people in jail in orange suits . . . that would do more for killing the occurrence of future Enrons than writing 1,000 laws.\"   Unlike most other securities commissions, including those in British Columbia and Alberta, the Ontario regulator does not have the authority to impose fines. Casual observers may be under the impression that it does, since most stories about illegal insider trading or other offences give the impression that the offender was forced to pay a fine. But these are \"voluntary\" payments that the OSC has convinced them to make as part of a deal, one that usually involves no admission of guilt by the offender.   Former Yorkton Securities CEO Scott Paterson, for example, agreed to a settlement of $1-million and that he had acted \"contrary to the public interest.\" Former Corel CEO Michael Cowpland cut a deal that would have seen him pay $500,000 in an insider trading case - although the settlement was later withdrawn because the OSC felt it was too lenient. RT Capital paid $3-million and $75,000 in costs to settle a \"high-closing\" case two years ago, while individual traders paid fines of $15,000 to $55,000. ", "raw_cleaned_article": "<h2>Crawford report a worthy effort</h2><p> Although the report agrees that the current system \"allows each legislature . . . to develop and administer securities laws in a manner that best serves its local market,\" it says that the price is \"a balkanized approach.\" While the Canadian Securities Administrators (CSA) has been trying to harmonize rules, it has no actual power, and so, in cases of disagreement, different regions often wind up simply going their own way.   One of the other areas the committee focuses on is the Ontario Securities Commission's ability to impose penalties. This is something securities industry players have complained about for years - the fact that, even if the commission prosecutes someone, the penalty is often too weak to do much good.  <b> As Manulife CEO Dominic D'Alessandro said recently: \"If they put some of these people in jail in orange suits . . . that would do more for killing the occurrence of future Enrons than writing 1,000 laws.\" </b>  Unlike most other securities commissions, including those in British Columbia and Alberta, the Ontario regulator does not have the authority to impose fines. Casual observers may be under the impression that it does, since most stories about illegal insider trading or other offences give the impression that the offender was forced to pay a fine. But these are \"voluntary\" payments that the OSC has convinced them to make as part of a deal, one that usually involves no admission of guilt by the offender.   Former Yorkton Securities CEO Scott Paterson, for example, agreed to a settlement of $1-million and that he had acted \"contrary to the public interest.\" Former Corel CEO Michael Cowpland cut a deal that would have seen him pay $500,000 in an insider trading case - although the settlement was later withdrawn because the OSC felt it was too lenient. RT Capital paid $3-million and $75,000 in costs to settle a \"high-closing\" case two years ago, while individual traders paid fines of $15,000 to $55,000. </p>", "original_content": "<entry xmlns=\"http://www.w3.org/2005/Atom\"><id>urn:contentItem:4KY9-W590-TXJ2-N3DK-00000-00</id><title>Crawford report a worthy effort</title><published>2002-05-30T00:00:00Z</published><updated>2020-11-16T03:35:14Z</updated><author><name>LexisNexis</name></author><content type=\"application/xml\"><!--Transformation version 1.23--><articleDoc xmlns=\"\" xmlns:xsi=\"http://www.w3.org/2001/XMLSchema-instance\" xsi:noNamespaceSchemaLocation=\"http://www.lexisnexis.com/xmlschemas/content/public/articledoc/1/\" schemaVersion=\"1.8\" xml:lang=\"en\"><articleDocHead><itemInfo><sourceSectionInfo><positionSection>REPORT ON BUSINESS COLUMN</positionSection><positionSequence>Pg. B14</positionSequence></sourceSectionInfo></itemInfo></articleDocHead><nitf:body xmlns:nitf=\"http://iptc.org/std/NITF/2006-10-18/\"><nitf:body.head><nitf:hedline><nitf:hl1>Crawford report a worthy effort</nitf:hl1></nitf:hedline><nitf:byline><author><person><nameText>MATHEW INGRAM</nameText></person></author></nitf:byline></nitf:body.head><nitf:body.content><bodyText><p nitf:lede=\"true\"> Canadians may have been gloating a bit at the various investment debacles taking place south of the border, as companies face accusations that they lied to regulators or defrauded investors. But we have our own shabby record when it comes to market surveillance and enforcement - not just a lack of activity and a Balkanized regulatory system, but an inability to take strong action in order to send a message to potential wrongdoers. </p><p nitf:lede=\"true\"> Those are just a few of the areas that the Crawford report on Ontario's securities laws tries to address. </p><p> The report, released yesterday, is part of a regular, five-year review of securities regulation in the province. Chaired by former Imasco chairman Purdy Crawford, the report involved two years of hearings, and runs to 148 pages. </p><p> Right off the top, the report - drawn up by a committee including shareholder advocate William Reidl - joins the chorus calling for a national regulator, which it calls \"the most pressing securities regulation issue in Ontario and across Canada.\" A country that makes up just 2 per cent of the global economy \"suffers daily from a regulatory regime which is comprised of 13 separate regulators,\" the committee says. </p><p> Although the report agrees that the current system \"allows each legislature . . . to develop and administer securities laws in a manner that best serves its local market,\" it says that the price is \"a balkanized approach.\" While the Canadian Securities Administrators (CSA) has been trying to harmonize rules, it has no actual power, and so, in cases of disagreement, different regions often wind up simply going their own way. </p><p> One of the other areas the committee focuses on is the Ontario Securities Commission's ability to impose penalties. This is something securities industry players have complained about for years - the fact that, even if the commission prosecutes someone, the penalty is often too weak to do much good. </p><p> As Manulife CEO Dominic D'Alessandro said recently: \"If they put some of these people in jail in orange suits . . . that would do more for killing the occurrence of future Enrons than writing 1,000 laws.\" </p><p> Unlike most other securities commissions, including those in British Columbia and Alberta, the Ontario regulator does not have the authority to impose fines. Casual observers may be under the impression that it does, since most stories about illegal insider trading or other offences give the impression that the offender was forced to pay a fine. But these are \"voluntary\" payments that the OSC has convinced them to make as part of a deal, one that usually involves no admission of guilt by the offender. </p><p> Former Yorkton Securities CEO Scott Paterson, for example, agreed to a settlement of $1-million and that he had acted \"contrary to the public interest.\" Former Corel CEO Michael Cowpland cut a deal that would have seen him pay $500,000 in an insider trading case - although the settlement was later withdrawn because the OSC felt it was too lenient. RT Capital paid $3-million and $75,000 in costs to settle a \"high-closing\" case two years ago, while individual traders paid fines of $15,000 to $55,000. </p><p> The Crawford committee recommends that the Ontario Securities Act be amended \"so that the commission is authorized to order a person or company to pay an administrative fine of up to $1,000,000 per contravention of Ontario securities law\" and that it also have the power to require a person or company \"to disgorge profits made as a result of its contravention of Ontario securities law.\" The committee also says that, in some cases, the OSC should consider applying to the court for a restitution order. </p><p> In cases where the commission proceeds with a criminal trial, the report says the act should be changed so that the maximum fine is quintupled to $5-million from $1-million, or to \"triple the profit made, or loss avoided, by the person or company by reason of the contravention\" of the legislation. </p><p> Instead of the current maximum prison term of two years, the committee recommends a maximum of five years less a day, and says that restitution orders should also be allowed in such cases. </p><p> There is much more in the report as well, some of it more administrative in nature. For example, the committee points out that the 57-year-old act is less than 150 pages long but has more than 2,000 pages of associated rules, exemptions and interpretative policies, some of which conflict with each other. </p><p> And some things that should appear in the act - such as a clause expressly forbidding market manipulation and fraudulent activity, for example - are nowhere to be found. The report also deals with questions of generally accepted accounting principles and rules for mutual fund regulation. </p><p> Such issues aside, however, the Crawford report's major recommendations would go a long way toward giving Ontario's securities laws the kind of teeth the commission needs to make a real impact.<br/><emphasis typeStyle=\"it\">Mathew Ingram writes analysis and commentary for globeandmail.com</emphasis><br/><emphasis typeStyle=\"it\">mingram@globeandmail.ca</emphasis></p></bodyText></nitf:body.content></nitf:body><metadata><dc:metadata xmlns:dc=\"http://purl.org/dc/elements/1.1/\"><dc:identifier identifierScheme=\"DOC-ID\">GLOBML-GAM20020530RMATH</dc:identifier><dc:source sourceScheme=\"royaltyReportingKey\">GLOBML2002</dc:source><dc:identifier identifierScheme=\"PGUID\">urn:contentItem:4KY9-W590-TXJ2-N3DK-00000-00</dc:identifier><dc:source sourceScheme=\"productContentSetIdentifier\">303830</dc:source><dc:date dateType=\"last-updated\">2015-09-05</dc:date></dc:metadata><wordCount number=\"835\"/><publicationInfo><copyright>Copyright 2002 The Globe and Mail, a division of CTVglobemedia Publishing Inc. All Rights Reserved</copyright><publicationName>The Globe and Mail (Canada)</publicationName><publicationDate day=\"30\" month=\"05\" year=\"2002\"><dateText>May 30, 2002 Thursday</dateText></publicationDate><classification classificationScheme=\"publicationtype\"><classificationItem><className>Newspaper</className></classificationItem></classification><classification classificationScheme=\"publicationtype\"><classificationItem><className>Newspapers</className></classificationItem></classification></publicationInfo><classification classificationScheme=\"language\"><classificationItem classificationScheme=\"lang.english\"><className>ENGLISH</className></classificationItem></classification><classificationGroup classificationScheme=\"licensor.indexing-terms\"><classification classificationScheme=\"licensor.organization\"><classificationItem><className>Ontario Securities Commission</className></classificationItem></classification><classification classificationScheme=\"licensor.person\"><classificationItem><className>Purdy Crawford</className></classificationItem></classification><classification classificationScheme=\"licensor.region\"><classificationItem><className>Canada</className></classificationItem><classificationItem><className>Ontario</className></classificationItem></classification><classification classificationScheme=\"licensor.subject\"><classificationItem><className>securities industry</className></classificationItem><classificationItem><className>regulation</className></classificationItem></classification></classificationGroup><classificationGroup classificationScheme=\"indexing-terms\"><classification classificationScheme=\"legal\"><classificationItem><className>Criminal Law &amp; Procedure</className><classCode>Z3VpZD11cm46dG9waWM6NEU0RkE1OUQwNUQwNDgxODhEODZCMjkzOTg3NThBNzk7cGFyZW50Z3VpZD0</classCode><classificationItem score=\"50\"><className>Restitution</className><classCode>Z3VpZD11cm46dG9waWM6M0VGNERFRUFCODk4NEIwNTg1OTNENjk4OEUxRkNGNDA7cGFyZW50Z3VpZD11cm46dG9waWM6MUIzQ0NGRDZERUU3NERCODg2MEZFMDI2RTI0RTA3RTc</classCode></classificationItem></classificationItem><classificationItem><className>Securities Law</className><classCode>Z3VpZD11cm46dG9waWM6RkFFMTQ3ODhCRDYyNDkyN0IwQkEyQzRCRDlFMEM5ODc7cGFyZW50Z3VpZD0</classCode><classificationItem score=\"50\"><className>Restitution</className><classCode>Z3VpZD11cm46dG9waWM6NUJDRTE3MDJCQUJGNEQyNjg0NTZERkEwNjEwNjAxQUE7cGFyZW50Z3VpZD11cm46dG9waWM6MUQ3NjIxRjg1MDkzNEYwOUE5OEQ0RUNDQzQzMjAwQjE</classCode></classificationItem></classificationItem></classification><classification classificationScheme=\"subject\"><classificationItem score=\"96\"><classCode>N926150GM</classCode><className>SECURITIES LAW</className><classCode>Z3VpZD11cm46dG9waWM6RkFFMTQ3ODhCRDYyNDkyN0IwQkEyQzRCRDlFMEM5ODc7cGFyZW50Z3VpZD11cm46dG9waWM6MUFEMUQ2QTA1OUZCNEE5RjkzNTA2RERFMUNEOTk1RTI</classCode><className>Securities</className></classificationItem><classificationItem score=\"93\"><classCode>N926150GC</classCode><className>BANKING &amp; FINANCE REGULATION</className><classCode/><className/></classificationItem><classificationItem score=\"92\"><classCode>STX001976</classCode><className>SECURITIES &amp; OTHER INVESTMENTS</className><classCode/><className/></classificationItem><classificationItem score=\"89\"><classCode>STX000722</classCode><className>FINES &amp; PENALTIES</className><classCode/><className/></classificationItem><classificationItem score=\"89\"><classCode>ST0009FJK</classCode><className>NEGATIVE PERSONAL NEWS</className><classCode/><className/></classificationItem><classificationItem score=\"89\"><classCode>STX001462</classCode><className>REGULATORY COMPLIANCE</className><classCode/><className/></classificationItem><classificationItem score=\"87\"><classCode>ST000D1BY</classCode><className>EXECUTIVES</className><classCode/><className/></classificationItem><classificationItem score=\"78\"><classCode>ST000DM8Y</classCode><className>BUSINESS NEWS</className><classCode/><className/></classificationItem><classificationItem score=\"78\"><classCode>ST0009QD4</classCode><className>NEGATIVE BUSINESS NEWS</className><classCode/><className/></classificationItem><classificationItem score=\"78\"><classCode>STX001561</classCode><className>SHAREHOLDERS</className><classCode>Z3VpZD11cm46dG9waWM6NEI2QjYxNjkwMTkzNDhFRUExNjlFRjVFRUU3NDhBQkE7cGFyZW50Z3VpZD11cm46dG9waWM6MDQ3M0RFODczN0I4NDg2RjlFRDNFMUNBODRDQTU0Q0E</classCode><className>Shareholders</className></classificationItem><classificationItem score=\"75\"><classCode>N921120CC</classCode><className>LEGISLATIVE BODIES</className><classCode/><className/></classificationItem><classificationItem score=\"74\"><classCode>ST000A4JJ</classCode><className>GUILTY PLEAS</className><classCode>Z3VpZD11cm46dG9waWM6OUFCRjAwOERDM0JGNDQ4QjhEODU0MDYxOUE3QUY2RjM7cGFyZW50Z3VpZD11cm46dG9waWM6Qjc1MDBENkU0ODJCNDQ5MzkxNEFERjkzQTYwODQzRDA</classCode><className>Guilty Pleas</className></classificationItem><classificationItem score=\"73\"><classCode>ST000CEAQ</classCode><className>ADMISSIONS &amp; CONFESSIONS</className><classCode/><className/></classificationItem><classificationItem score=\"73\"><classCode>STX000797</classCode><className>GLOBALIZATION</className><classCode/><className/></classificationItem><classificationItem score=\"73\"><classCode>STX000924</classCode><className>INSIDER TRADING</className><classCode>Z3VpZD11cm46dG9waWM6OEI5MDhDNzIzREUxNDczRjkyNDlDQUQ0NTY4REJBNzU7cGFyZW50Z3VpZD11cm46dG9waWM6QzI0MUY3RDMxMTg0NDQxNzlGRTk4NTEzM0IyNDhFODQ</classCode><className>Insider Trading</className></classificationItem><classificationItem score=\"66\"><classCode>STX001937</classCode><className>ECONOMY &amp; ECONOMIC INDICATORS</className><classCode/><className/></classificationItem><classificationItem score=\"57\"><classCode>ST000DKTF</classCode><className>SURVEILLANCE</className><classCode/><className/></classificationItem></classification><classification classificationScheme=\"industry\"><classificationItem score=\"96\"><classCode>N926150GM</classCode><className>SECURITIES LAW</className><classCode>Z3VpZD11cm46dG9waWM6RkFFMTQ3ODhCRDYyNDkyN0IwQkEyQzRCRDlFMEM5ODc7cGFyZW50Z3VpZD11cm46dG9waWM6MUFEMUQ2QTA1OUZCNEE5RjkzNTA2RERFMUNEOTk1RTI</classCode><className>Securities</className></classificationItem><classificationItem score=\"93\"><classCode>N926150GC</classCode><className>BANKING &amp; FINANCE REGULATION</className><classCode/><className/></classificationItem><classificationItem score=\"92\"><classCode>STX001976</classCode><className>SECURITIES &amp; OTHER INVESTMENTS</className><classCode/><className/></classificationItem><classificationItem score=\"78\"><classCode>N520000CC</classCode><className>BANKING &amp; FINANCE</className><classCode/><className/></classificationItem><classificationItem score=\"78\"><classCode>ST0009RX6</classCode><classCode/><className/></classificationItem><classificationItem score=\"74\"><classCode>N511000CC</classCode><className>PUBLISHING</className><classCode/><className/></classificationItem><classificationItem score=\"73\"><classCode>STX000924</classCode><className>INSIDER TRADING</className><classCode>Z3VpZD11cm46dG9waWM6OEI5MDhDNzIzREUxNDczRjkyNDlDQUQ0NTY4REJBNzU7cGFyZW50Z3VpZD11cm46dG9waWM6QzI0MUY3RDMxMTg0NDQxNzlGRTk4NTEzM0IyNDhFODQ</classCode><className>Insider Trading</className></classificationItem></classification><classification classificationScheme=\"state\"><classificationItem score=\"91\"><classCode>GS174</classCode><className>ONTARIO, CANADA</className><classCode/><className/></classificationItem><classificationItem score=\"59\"><classCode>GS167</classCode><className>ALBERTA, CANADA</className><classCode/><className/></classificationItem><classificationItem score=\"59\"><classCode>GS168</classCode><className>BRITISH COLUMBIA, CANADA</className><classCode/><className/></classificationItem></classification><classification classificationScheme=\"country\"><classificationItem score=\"93\"><classCode>GC339</classCode><className>CANADA</className><classCode/><className/></classificationItem></classification></classificationGroup></metadata></articleDoc></content></entry>"}