{"prediction_class": "Regulatory Breaches Tax Evasion Smuggling of goods", "prediction_score": "0.8", "name": "Manulife", "title": "Sued for complying with Ontario securities law? The scope of immunity clarified in \"Sells v. Manulife\"", "published": "2018-05-21T00:00:00Z", "updated": "2020-11-16T04:08:46Z", "cleaned_article": "[TITLE] Sued for complying with Ontario securities law? The scope of immunity clarified in \"Sells v. Manulife\" [TITLE] \n\nMay 06, 2014( McCarthy Ttrault Blog: Canadian Securities Regulatory Monitor: http://www.securitiesregulationcanada.com Delivered by Newstex)  A recent court decision provides guidance on a seldom litigated issue\u2014 when can an individual or company seek immunity from being sued for complying with Ontario securities law? In Sells v. Manulife, Manulife sought the dismissal of a lawsuit commenced by two former investment advisors (the 'IAs') based on s. 141(2) of the Securities Act, which states: Immunity of Commission and officers 141. (1) No action or other proceeding for damages shall be instituted against the Commission or any member thereof, or any employee or agent of the Commission for any act done in good faith in the performance or intended performance of any duty or in the exercise or the intended exercise of any power under Ontario securities law, or for any neglect or default in the performance or exercise in good faith of such duty or power. ", "raw_cleaned_article": "<h2>Sued for complying with Ontario securities law? The scope of immunity clarified in \"Sells v. Manulife\"</h2><p><b>May 06, 2014( McCarthy Ttrault Blog: Canadian Securities Regulatory Monitor: http://www.securitiesregulationcanada.com Delivered by Newstex)  A recent court decision provides guidance on a seldom litigated issue\u2014 when can an individual or company seek immunity from being sued for complying with Ontario securities law? In Sells v. Manulife, Manulife sought the dismissal of a lawsuit commenced by two former investment advisors (the 'IAs') based on s. 141(2) of the Securities Act, which states: Immunity of Commission and officers 141. (1) No action or other proceeding for damages shall be instituted against the Commission or any member thereof, or any employee or agent of the Commission for any act done in good faith in the performance or intended performance of any duty or in the exercise or the intended exercise of any power under Ontario securities law, or for any neglect or default in the performance or exercise in good faith of such duty or power. </b></p>", "original_content": "<entry xmlns=\"http://www.w3.org/2005/Atom\"><id>urn:contentItem:5SCH-SH31-JCMN-Y3W9-00000-00</id><title>Sued for complying with Ontario securities law? The scope of immunity clarified in \"Sells v. Manulife\"</title><published>2018-05-21T00:00:00Z</published><updated>2020-11-16T04:08:46Z</updated><author><name>LexisNexis</name></author><content type=\"application/xml\"><!--Transformation version 1.23--><articleDoc xmlns=\"\" xmlns:xsi=\"http://www.w3.org/2001/XMLSchema-instance\" xsi:noNamespaceSchemaLocation=\"http://www.lexisnexis.com/xmlschemas/content/public/articledoc/1/\" schemaVersion=\"1.8\" xml:lang=\"en\"><articleDocHead><itemInfo/></articleDocHead><nitf:body xmlns:nitf=\"http://iptc.org/std/NITF/2006-10-18/\"><nitf:body.head><nitf:hedline><nitf:hl1>Sued for complying with Ontario securities law? The scope of immunity clarified in \"Sells v. Manulife\"</nitf:hl1></nitf:hedline></nitf:body.head><nitf:body.content><bodyText><p nitf:lede=\"true\"/><p nitf:lede=\"true\">May 06, 2014( McCarthy Ttrault Blog: Canadian Securities Regulatory Monitor: <url normalizedValue=\"http://www.securitiesregulationcanada.com\">http://www.securitiesregulationcanada.com</url> Delivered by Newstex)  A recent court decision provides guidance on a seldom litigated issue\u2014 when can an individual or company seek immunity from being sued for complying with Ontario securities law? In Sells v. Manulife[1], Manulife sought the dismissal of a lawsuit commenced by two former investment advisors (the 'IAs') based on s. 141(2) of the Securities Act, which states: Immunity of Commission and officers 141. (1) No action or other proceeding for damages shall be instituted against the Commission or any member thereof, or any employee or agent of the Commission for any act done in good faith in the performance or intended performance of any duty or in the exercise or the intended exercise of any power under Ontario securities law, or for any neglect or default in the performance or exercise in good faith of such duty or power. </p><p>Immunity re intended compliance (2) No person or company has any rights or remedies and no proceedings lie or shall be brought against any person or company for any act or omission of the last-mentioned person or company done or omitted in compliance with Ontario securities law. On its face, s. 141(2) immunizes any person or company for complying with Ontario securities law, but does not explicitly include the pre-requisite requirement of good faith as required in s. 141(1), which immunizes the Ontario Securities Commission and its actors. The IAs in Sells, whose registration had been sponsored by Manulife, alleged that Manulife had filed misleading uniform termination notices (the 'UTNs') about the IAs with Investment Industry Regulatory Organization of Canada ('IIROC'), thereby sabotaging their employment with other investment dealers and causing the loss of their book of business. It is an offense under securities law to give false or misleading information on a UTN. Manulife was required under Ontario securities law to submit the UTNs to notify IIROC that its agency agreements with the IAs had been terminated. Among other things, the UTNs required Manulife to specify the reasons for the IAs' termination and to provide related details. Manulife argued that the lawsuit should be dismissed as a matter of law because in filing the UTNs it complied with Ontario securities law and its conduct was accordingly protected by s. 141(2) regardless of whether it acted in good faith. The court rejected Manulife's argument, holding that a trial was necessary to determine whether Manulife had filed a compliant UTN and could be shielded by s. 141(2). The key takeaway from Sells is that s. 141(2) does not operate automatically where there is an unresolved dispute as to whether the party seeking to rely on it did or did not comply with securities law. The underlying facts are important\u2014 a party cannot comply with securities law by filing a misleading document. [ 1]: <url normalizedValue=\"http://www.canlii.org/en/on/onsc/doc/2014/2014onsc715/2014onsc715.html\">http://www.canlii.org/en/on/onsc/doc/2014/2014onsc715/2014onsc715.html</url></p><p/></bodyText></nitf:body.content></nitf:body><metadata><dc:metadata xmlns:dc=\"http://purl.org/dc/elements/1.1/\"><dc:identifier identifierScheme=\"DOC-ID\">NEWSTX-MCCT100092611526918884109251762500138</dc:identifier><dc:source sourceScheme=\"royaltyReportingKey\">MCCT-10009261</dc:source><dc:identifier identifierScheme=\"PGUID\">urn:contentItem:5SCH-SH31-JCMN-Y3W9-00000-00</dc:identifier><dc:source sourceScheme=\"productContentSetIdentifier\">299488</dc:source><dc:date dateType=\"last-updated\">2020-04-10</dc:date></dc:metadata><wordCount number=\"504\"/><timeReceived>4:08 PM EST</timeReceived><publicationInfo><copyright>Copyright 2018 Newstex LLC All Rights Reserved</copyright><publicationName>McCarthy Ttrault Blog: Canadian Securities Regulatory Monitor</publicationName><publicationDate day=\"21\" month=\"05\" year=\"2018\"><dateText>May 21, 2018 Monday</dateText></publicationDate><classification classificationScheme=\"publicationtype\"><classificationItem><className>Web Blog</className></classificationItem></classification><classification classificationScheme=\"publicationtype\"><classificationItem><className>Blogs</className></classificationItem></classification></publicationInfo><classification classificationScheme=\"language\"><classificationItem classificationScheme=\"lang.english\"><className>English</className></classificationItem></classification><classificationGroup classificationScheme=\"indexing-terms\"><classification classificationScheme=\"company\"><classificationItem score=\"91\"><classCode>CC0001WGL</classCode><className>MANULIFE FINANCIAL CORP</className></classificationItem></classification><classification classificationScheme=\"industry\"><classificationItem score=\"91\"><className>NAICS524130 REINSURANCE CARRIERS</className></classificationItem><classificationItem score=\"91\"><className>NAICS524114 DIRECT HEALTH &amp; MEDICAL INSURANCE CARRIERS</className></classificationItem><classificationItem score=\"91\"><className>NAICS524113 DIRECT LIFE INSURANCE CARRIERS</className></classificationItem><classificationItem score=\"91\"><className>NAICS522292 REAL ESTATE CREDIT</className></classificationItem><classificationItem score=\"91\"><className>SIC6321 ACCIDENT &amp; HEALTH INSURANCE</className></classificationItem><classificationItem score=\"91\"><className>SIC6311 LIFE INSURANCE</className></classificationItem><classificationItem score=\"91\"><className>SIC6162 MORTGAGE BANKERS &amp; LOAN CORRESPONDENTS</className></classificationItem></classification><classification classificationScheme=\"ticker\"><classificationItem score=\"91\"><className>MFC (TSX)</className></classificationItem><classificationItem score=\"91\"><className>MFC (NYSE)</className></classificationItem><classificationItem score=\"91\"><className>0945 (HKSE)</className></classificationItem></classification></classificationGroup><classificationGroup classificationScheme=\"licensor.indexing-terms\"><classification classificationScheme=\"licensor.subject\"><classificationItem><className>Securities Regulation and Investment Products</className></classificationItem></classification></classificationGroup><classificationGroup classificationScheme=\"indexing-terms\"><classification classificationScheme=\"subject\"><classificationItem score=\"95\"><classCode>N926150GC</classCode><className>BANKING &amp; FINANCE REGULATION</className><classCode/><className/></classificationItem><classificationItem score=\"92\"><classCode>N926150GM</classCode><className>SECURITIES LAW</className><classCode>Z3VpZD11cm46dG9waWM6RkFFMTQ3ODhCRDYyNDkyN0IwQkEyQzRCRDlFMEM5ODc7cGFyZW50Z3VpZD11cm46dG9waWM6MUFEMUQ2QTA1OUZCNEE5RjkzNTA2RERFMUNEOTk1RTI</classCode><className>Securities</className></classificationItem><classificationItem score=\"91\"><classCode>STX001040</classCode><className>LITIGATION</className><classCode/><className/></classificationItem><classificationItem score=\"91\"><classCode>STX001976</classCode><className>SECURITIES &amp; OTHER INVESTMENTS</className><classCode/><className/></classificationItem><classificationItem score=\"90\"><classCode>ST000A4CY</classCode><className>BANKING &amp; FINANCE REGULATORY COMPLIANCE</className><classCode/><className/></classificationItem><classificationItem score=\"90\"><classCode>ST0009EVK</classCode><className>MEDICINE &amp; HEALTH</className><classCode/><className/></classificationItem><classificationItem score=\"90\"><classCode>ST0009FJK</classCode><className>NEGATIVE PERSONAL NEWS</className><classCode/><className/></classificationItem><classificationItem score=\"90\"><classCode>STX001648</classCode><className>SUITS &amp; CLAIMS</className><classCode/><className/></classificationItem><classificationItem score=\"89\"><classCode>STX001883</classCode><className>DECISIONS &amp; RULINGS</className><classCode/><className/></classificationItem><classificationItem score=\"89\"><classCode>N922110CC</classCode><className>LAW COURTS &amp; TRIBUNALS</className><classCode/><className/></classificationItem><classificationItem score=\"78\"><classCode>ST000DH0Q</classCode><className>AGREEMENTS</className><classCode/><className/></classificationItem><classificationItem score=\"78\"><classCode>ST0009SVL</classCode><className>BANKING &amp; FINANCE SECTOR PERFORMANCE</className><classCode/><className/></classificationItem><classificationItem score=\"78\"><classCode>STX000890</classCode><className>IMMUNITY</className><classCode/><className/></classificationItem><classificationItem score=\"77\"><classCode>STX000442</classCode><className>DAMAGES</className><classCode>Z3VpZD11cm46dG9waWM6QzQyQ0JFRkFDNDIzNDU3RjhFMkE1N0JEOTFGNzIwQzE7cGFyZW50Z3VpZD11cm46dG9waWM6NEY5RDZFNTJBQzJGNERFQjg0MEIyMEVBRUU4NjI0RjU</classCode><className>Damages</className></classificationItem><classificationItem score=\"77\"><classCode>ST000DANR</classCode><className>FALSE STATEMENTS</className><classCode/><className/></classificationItem><classificationItem score=\"73\"><classCode>N523930MC</classCode><className>INVESTMENT ADVISERS</className><classCode>Z3VpZD11cm46dG9waWM6ODQ2M0Q5NUExRUZENEY2NDkzMzlDMDVFNjFCNTY3MTQ7cGFyZW50Z3VpZD11cm46dG9waWM6RkFFMTQ3ODhCRDYyNDkyN0IwQkEyQzRCRDlFMEM5ODc</classCode><className>Investment Advisers</className></classificationItem></classification><classification classificationScheme=\"industry\"><classificationItem score=\"95\"><classCode>N926150GC</classCode><className>BANKING &amp; FINANCE REGULATION</className><classCode/><className/></classificationItem><classificationItem score=\"92\"><classCode>N926150GM</classCode><className>SECURITIES LAW</className><classCode>Z3VpZD11cm46dG9waWM6RkFFMTQ3ODhCRDYyNDkyN0IwQkEyQzRCRDlFMEM5ODc7cGFyZW50Z3VpZD11cm46dG9waWM6MUFEMUQ2QTA1OUZCNEE5RjkzNTA2RERFMUNEOTk1RTI</classCode><className>Securities</className></classificationItem><classificationItem score=\"91\"><classCode>N520000CC</classCode><className>BANKING &amp; FINANCE</className><classCode/><className/></classificationItem><classificationItem score=\"91\"><classCode>N524000CC</classCode><className>INSURANCE</className><classCode/><className/></classificationItem><classificationItem score=\"91\"><classCode>STX001976</classCode><className>SECURITIES &amp; OTHER INVESTMENTS</className><classCode/><className/></classificationItem><classificationItem score=\"91\"><classCode>ST000A2VZ</classCode><classCode/><className/></classificationItem><classificationItem score=\"91\"><classCode>ST0009RX6</classCode><classCode/><className/></classificationItem><classificationItem score=\"90\"><classCode>ST000A4CY</classCode><className>BANKING &amp; FINANCE REGULATORY COMPLIANCE</className><classCode/><className/></classificationItem><classificationItem score=\"90\"><classCode>STX002011</classCode><className>MORTGAGE BANKING</className><classCode/><className/></classificationItem><classificationItem score=\"90\"><classCode>N522292GC</classCode><className>MORTGAGE BANKING &amp; FINANCE</className><classCode/><className/></classificationItem><classificationItem score=\"90\"><classCode>STX001455</classCode><className>REAL ESTATE</className><classCode/><className/></classificationItem><classificationItem score=\"90\"><classCode>ST000A2W7</classCode><classCode/><className/></classificationItem><classificationItem score=\"78\"><classCode>ST0009SVL</classCode><className>BANKING &amp; FINANCE SECTOR PERFORMANCE</className><classCode/><className/></classificationItem><classificationItem score=\"73\"><classCode>N523930MC</classCode><className>INVESTMENT ADVISERS</className><classCode>Z3VpZD11cm46dG9waWM6ODQ2M0Q5NUExRUZENEY2NDkzMzlDMDVFNjFCNTY3MTQ7cGFyZW50Z3VpZD11cm46dG9waWM6RkFFMTQ3ODhCRDYyNDkyN0IwQkEyQzRCRDlFMEM5ODc</classCode><className>Investment Advisers</className></classificationItem></classification><classification classificationScheme=\"state\"><classificationItem score=\"90\"><classCode>GS174</classCode><className>ONTARIO, CANADA</className><classCode/><className/></classificationItem></classification><classification classificationScheme=\"country\"><classificationItem score=\"94\"><classCode>GC339</classCode><className>CANADA</className><classCode/><className/></classificationItem></classification></classificationGroup></metadata></articleDoc></content></entry>"}