{"prediction_class": "Money laundering", "prediction_score": "1.0", "name": "Manulife", "title": "Canada: Forex regulations", "published": "2019-10-31T00:00:00Z", "updated": "2020-11-16T03:35:21Z", "cleaned_article": "[TITLE] Canada: Forex regulations [TITLE] \n\nUnder revised guidelines that came into force in 2014, Fintrac requires that entities subject to the law's reporting requirements must conduct continuous monitoring of client transactions. The agency added new guidelines in January 2019 on how to identify and report suspicious transactions. Fintrac receives about 25m financial transactions a year. In fiscal year 2017/18 (ending March 31st), it conducted 500 compliance examinations, down from 661 the previous year. About a third of the investigations (172) in 2017/18 centred on the real-estate sector, followed by financial entities (66) and money-services businesses (64). The three main crimes stemming from financial intelligence disclosures were fraud, illicit drugs and tax evasion. Fintrac reported 2,466 cases of \"actionable financial intelligence\" on money-laundering, terrorism financing and national security fraud, up from 2,015 in the previous year. Some large transactions do not need to be reported, such as those by securities dealers with large foreign subsidiaries, where the transactions take place outside Canada. Penalties for not filing reports under the PCMLTFA are severe: up to five years in prison and/or a fine up to C$2m for failing to report a suspicious transaction, fines of C$500,000 (first offence) to C$1m (subsequent offences) for failing to report large cash transactions and five years in prison and/or a fine up to C$500,000 for failing to keep records. Since 2008, Fintrac has had the legislative authority to issue additional administrative monetary penalties to individuals or entities that fail to comply with the act; these can amount to C$1,000-500,000. Fintrac imposed its largest penalty to date in 2015/16, totalling C$1.2m against Manulife Bank. The infraction also marked the first time Fintrac acted against a bank since it was given the authority to issue administrative monetary penalties in 2008. However, financial penalties were suspended in May 2016 when a court ruled that the way fines were calculated was not sufficiently transparent. Following a review of its policies, Fintrac issued new guidelines in February 2019 for levying penalties against businesses for noncompliance and said it would resume imposing fines. To avoid breaching client confidentiality in trust accounts, clients, rather than lawyers, are responsible for PCMLTFA compliance. However, lawyers must explain that responsibility. Exchange controls: Repatriation of capital", "raw_cleaned_article": "<h2>Canada: Forex regulations</h2><p>Under revised guidelines that came into force in 2014, Fintrac requires that entities subject to the law's reporting requirements must conduct continuous monitoring of client transactions. The agency added new guidelines in January 2019 on how to identify and report suspicious transactions. Fintrac receives about 25m financial transactions a year. In fiscal year 2017/18 (ending March 31st), it conducted 500 compliance examinations, down from 661 the previous year. About a third of the investigations (172) in 2017/18 centred on the real-estate sector, followed by financial entities (66) and money-services businesses (64). The three main crimes stemming from financial intelligence disclosures were fraud, illicit drugs and tax evasion. Fintrac reported 2,466 cases of \"actionable financial intelligence\" on money-laundering, terrorism financing and national security fraud, up from 2,015 in the previous year. Some large transactions do not need to be reported, such as those by securities dealers with large foreign subsidiaries, where the transactions take place outside Canada. <b>Penalties for not filing reports under the PCMLTFA are severe: up to five years in prison and/or a fine up to C$2m for failing to report a suspicious transaction, fines of C$500,000 (first offence) to C$1m (subsequent offences) for failing to report large cash transactions and five years in prison and/or a fine up to C$500,000 for failing to keep records. Since 2008, Fintrac has had the legislative authority to issue additional administrative monetary penalties to individuals or entities that fail to comply with the act; these can amount to C$1,000-500,000. Fintrac imposed its largest penalty to date in 2015/16, totalling C$1.2m against Manulife Bank. The infraction also marked the first time Fintrac acted against a bank since it was given the authority to issue administrative monetary penalties in 2008. However, financial penalties were suspended in May 2016 when a court ruled that the way fines were calculated was not sufficiently transparent. Following a review of its policies, Fintrac issued new guidelines in February 2019 for levying penalties against businesses for noncompliance and said it would resume imposing fines.</b> To avoid breaching client confidentiality in trust accounts, clients, rather than lawyers, are responsible for PCMLTFA compliance. However, lawyers must explain that responsibility. Exchange controls: Repatriation of capital</p>", "original_content": "<entry xmlns=\"http://www.w3.org/2005/Atom\"><id>urn:contentItem:5XFP-M9Y1-JCDS-32WR-00000-00</id><title>Canada: Forex regulations</title><published>2019-10-31T00:00:00Z</published><updated>2020-11-16T03:35:21Z</updated><author><name>LexisNexis</name></author><content type=\"application/xml\"><!--Transformation version 1.23--><articleDoc xmlns=\"\" xmlns:xsi=\"http://www.w3.org/2001/XMLSchema-instance\" xsi:noNamespaceSchemaLocation=\"http://www.lexisnexis.com/xmlschemas/content/public/articledoc/1/\" schemaVersion=\"1.8\" xml:lang=\"en\"><articleDocHead><itemInfo><sourceSectionInfo><positionSequence>Pg. 16</positionSequence></sourceSectionInfo></itemInfo></articleDocHead><nitf:body xmlns:nitf=\"http://iptc.org/std/NITF/2006-10-18/\"><nitf:body.head><nitf:hedline><nitf:hl1>Canada: Forex regulations</nitf:hl1></nitf:hedline><nitf:series nitf:series.part=\"16\" nitf:series.totalpart=\"36\">Part 16 of 36</nitf:series></nitf:body.head><nitf:body.content><bodyText><h>Exchange controls: Overview</h><p nitf:lede=\"true\">Canada does not normally restrict the movement of capital or other payments into or out of the country. Starting in 2008, however, the federal government has strengthened its anti-money-laundering regime to deal with the increased threat of terrorism and to align itself with international best practices. Even so, concern has grown in recent years that Canada has become a haven for money-laundering, with much of it flowing through the real estate market and helping to push up property prices, especially in Toronto and Vancouver. A panel of experts set by the British Columbia government issued a report in May 2019 estimating that more than C$7bn in dirty money was laundered through the province in 2018, with C$800m-5.3bn flowing through the real estate market and pushing up housing prices by about 5%.</p><p>The federal government has been monitoring currency flows since 2001 under the Proceeds of Crime (Money-Laundering) and Terrorist Financing Act (PCMLTFA). The act, originally passed in 2000, became more pertinent after the terrorist attacks on the US on September 11th 2001. The legislation also aligned Canada with international standards as outlined by the Financial Action Task-Force, an inter-governmental body based in Paris. Money-laundering includes such acts as concealing or converting property (or the monetary proceeds of property) while knowing that the proceeds were derived from committing an offence under the Canadian Criminal Code, Section 462.31. Money-laundering can take the form of placement (injecting proceeds of crime into the financial system), layering (a complex series of transactions to disguise an illegal source of income) or integration (using illegal proceeds for a legitimate business).</p><p>Financial institutions and intermediaries (including accountants, casinos, estate agents or brokers, money-services businesses and securities dealers) must enrol with the Financial Transactions and Reports Analysis Centre of Canada (Fintrac), a federal agency set up to prevent money-laundering and terrorism financing. The required institutions must report specific exchanges, which can be done online at Fintrac's website (<url normalizedValue=\"http://www.fintrac-canafe.gc.ca/intro-eng.asp\">http://www.fintrac-canafe.gc.ca/intro-eng.asp</url>). The following types of transactions, completed in either cash or electronic form, must be reported:</p><p>cash transactions of C$10,000 or more;</p><p>international electronic funds transfers of C$10,000 or more;</p><p>transactions where there are reasonable grounds to suspect money-laundering or terrorism financing;</p><p>crossborder movements of large amounts of currency or monetary instruments if the rate of exchange exceeds the posted rate;</p><p>payments of C$10,000 or more in a single casino transaction; and</p><p>two or more casino disbursements within a 24-hour period, each for less than C$10,000 but totalling at least C$10,000.</p><p>Under revised guidelines that came into force in 2014, Fintrac requires that entities subject to the law's reporting requirements must conduct continuous monitoring of client transactions. The agency added new guidelines in January 2019 on how to identify and report suspicious transactions.</p><p>Fintrac receives about 25m financial transactions a year. In fiscal year 2017/18 (ending March 31st), it conducted 500 compliance examinations, down from 661 the previous year. About a third of the investigations (172) in 2017/18 centred on the real-estate sector, followed by financial entities (66) and money-services businesses (64). The three main crimes stemming from financial intelligence disclosures were fraud, illicit drugs and tax evasion. Fintrac reported 2,466 cases of \"actionable financial intelligence\" on money-laundering, terrorism financing and national security fraud, up from 2,015 in the previous year. Some large transactions do not need to be reported, such as those by securities dealers with large foreign subsidiaries, where the transactions take place outside Canada.</p><p>Penalties for not filing reports under the PCMLTFA are severe: up to five years in prison and/or a fine up to C$2m for failing to report a suspicious transaction, fines of C$500,000 (first offence) to C$1m (subsequent offences) for failing to report large cash transactions and five years in prison and/or a fine up to C$500,000 for failing to keep records. Since 2008, Fintrac has had the legislative authority to issue additional administrative monetary penalties to individuals or entities that fail to comply with the act; these can amount to C$1,000-500,000. Fintrac imposed its largest penalty to date in 2015/16, totalling C$1.2m against Manulife Bank. The infraction also marked the first time Fintrac acted against a bank since it was given the authority to issue administrative monetary penalties in 2008. However, financial penalties were suspended in May 2016 when a court ruled that the way fines were calculated was not sufficiently transparent. Following a review of its policies, Fintrac issued new guidelines in February 2019 for levying penalties against businesses for noncompliance and said it would resume imposing fines.</p><p>To avoid breaching client confidentiality in trust accounts, clients, rather than lawyers, are responsible for PCMLTFA compliance. However, lawyers must explain that responsibility.</p><h>Exchange controls: Repatriation of capital</h><p>The Canadian government does not impose restrictions on repatriating capital.</p><h>Exchange controls: Profit remittances</h><p>Transfers of profits and dividends are not restricted, but they do face withholding taxes.</p><h>Exchange controls: Loan inflows and repayment</h><p>There are no restrictions on loans, payment of interest (though withholding taxes apply) or repayment of principal. Canada has thin-capitalisation rules, however, that limit the deductibility of pre-tax interest payments to a 2:1 debt/equity ratio.</p><h>Exchange controls: Remittance of royalties and fees</h><p>The transfer of royalties and fees is unrestricted, though withholding taxes apply. Some jurisdictions, notably the province of Ontario, limit the amounts that can be deducted for tax purposes.</p><h>Exchange controls: Restrictions on trade-related payments</h><p>There are no restrictions on foreign exchange obtained from exports, but it is a source of taxable income. The federal government has given higher priority in recent years to monitoring transfer pricing.</p><p>Arm's-length export transactions may be conducted at mutually beneficial exchange rates. There are no restrictions on delayed payments or pre-payments for exports or on delayed payments or pre-payments for imports.</p><p><link service=\"ATTACHMENT\"><marker>Retrieve Image</marker><locator><locatorParameters><parameter name=\"componentseq\" value=\"1\"/><parameter name=\"object-key\" value=\"vw201910310020\"/><parameter name=\"object-smi\" value=\"26393\"/><parameter name=\"object-type\" value=\"201\"/></locatorParameters></locator></link></p></bodyText></nitf:body.content><nitf:body.end><graphic/></nitf:body.end></nitf:body><metadata><dc:metadata xmlns:dc=\"http://purl.org/dc/elements/1.1/\"><dc:identifier identifierScheme=\"DOC-ID\">EIUVWS-vwvwmain20191031t1405000016xmlxml</dc:identifier><dc:source sourceScheme=\"royaltyReportingKey\">EIUVWS2019</dc:source><dc:identifier identifierScheme=\"PGUID\">urn:contentItem:5XFP-M9Y1-JCDS-32WR-00000-00</dc:identifier><dc:source sourceScheme=\"productContentSetIdentifier\">253486</dc:source><dc:date dateType=\"last-updated\">2020-02-07</dc:date></dc:metadata><wordCount number=\"1085\"/><publicationInfo><copyright>Copyright  2019 The Economist Intelligence Unit Ltd. All Rights Reserved</copyright><bodyText><p>Whilst every effort has been taken to verify the accuracy of this information, The Economist Intelligence Unit Ltd. cannot accept any responsibility or liability for reliance by any person on this information.</p></bodyText><publicationName>EIU ViewsWire</publicationName><issueNumber>EIU ViewsWire</issueNumber><edition>EIU ViewsWire Edition</edition><publicationDate day=\"31\" month=\"10\" year=\"2019\"><dateText>October 31, 2019 Thursday</dateText></publicationDate><classification classificationScheme=\"publicationtype\"><classificationItem><className>Newsletter</className></classificationItem></classification><classification classificationScheme=\"publicationtype\"><classificationItem><className>Country &amp; Region Reports</className></classificationItem></classification></publicationInfo><classification classificationScheme=\"language\"><classificationItem classificationScheme=\"lang.english\"><className>ENGLISH</className></classificationItem></classification><classificationGroup classificationScheme=\"licensor.indexing-terms\"><classification classificationScheme=\"licensor.country\"><classificationItem><className>Canada</className></classificationItem></classification></classificationGroup><classificationGroup classificationScheme=\"indexing-terms\"><classification classificationScheme=\"legal\"><classificationItem><className>Banking Law</className><classCode>Z3VpZD11cm46dG9waWM6QjQyMUFCOUJBNURBNEFDREE3MTNCNDk5QkQ4NUM3RjI7cGFyZW50Z3VpZD0</classCode><classificationItem score=\"50\"><className>General Overview</className><classCode>Z3VpZD11cm46dG9waWM6NDdDNUI3RDJCMEUyNDFGMTk3OUMwODYxQUJCQzU2QTc7cGFyZW50Z3VpZD11cm46dG9waWM6MzBDNzQyN0JENDRFNDYwMkEyNjVFRTgxNjNFRDExNUI</classCode></classificationItem><classificationItem score=\"50\"><className>Security &amp; Privacy  Requirements</className><classCode>Z3VpZD11cm46dG9waWM6NEZBQjU4MUZERTYyNDM5Nzg2NEU0ODExRTU5QTQwQkY7cGFyZW50Z3VpZD11cm46dG9waWM6MzBDNzQyN0JENDRFNDYwMkEyNjVFRTgxNjNFRDExNUI</classCode></classificationItem></classificationItem><classificationItem><className>Business &amp; Corporate Compliance</className><classCode>Z3VpZD11cm46dG9waWM6MUFEMUQ2QTA1OUZCNEE5RjkzNTA2RERFMUNEOTk1RTI7cGFyZW50Z3VpZD0</classCode><classificationItem score=\"50\"><className>Security &amp; Privacy  Requirements</className><classCode>Z3VpZD11cm46dG9waWM6NEZBQjU4MUZERTYyNDM5Nzg2NEU0ODExRTU5QTQwQkY7cGFyZW50Z3VpZD11cm46dG9waWM6MzBDNzQyN0JENDRFNDYwMkEyNjVFRTgxNjNFRDExNUI</classCode></classificationItem></classificationItem><classificationItem><className>Criminal Law &amp; Procedure</className><classCode>Z3VpZD11cm46dG9waWM6NEU0RkE1OUQwNUQwNDgxODhEODZCMjkzOTg3NThBNzk7cGFyZW50Z3VpZD0</classCode><classificationItem score=\"71\"><className>Elements</className><classCode>Z3VpZD11cm46dG9waWM6N0NERTc0RDUyNDQ4NDM0M0E1NTNEQTg4NzU5MEIzMUE7cGFyZW50Z3VpZD11cm46dG9waWM6QzBDQzA4NEVCN0Q0NEZCRkEwNjY3Qzk3MDA3NzlCMjU</classCode></classificationItem><classificationItem score=\"91\"><className>General Overview</className><classCode>Z3VpZD11cm46dG9waWM6MUM4RjZFOEE4MDc3NDE4QjhCMkQwNzc2QTM0OUQ5NjI7cGFyZW50Z3VpZD11cm46dG9waWM6QzBDQzA4NEVCN0Q0NEZCRkEwNjY3Qzk3MDA3NzlCMjU</classCode></classificationItem></classificationItem><classificationItem><className>Governments</className><classCode>Z3VpZD11cm46dG9waWM6MjdEQjE4OUJDMzQxNDNEMEI0RTI1QUFCMzJENjEwRTA7cGFyZW50Z3VpZD0</classCode><classificationItem score=\"60\"><className>Property</className><classCode>Z3VpZD11cm46dG9waWM6NDhDNkM0Q0Y5QTIwNDlCODhEMkJFMUY4QzQxQTA2QkI7cGFyZW50Z3VpZD11cm46dG9waWM6MkM1MTYwRDE0NkJBNEVFMEIxQjM3RUE2NDRFQUFEODY</classCode></classificationItem></classificationItem><classificationItem><className>Tax Law</className><classCode>Z3VpZD11cm46dG9waWM6OTNEM0E2OEE0RkQyNEY1MDhBQzdGMkQ4ODI4QTJDODE7cGFyZW50Z3VpZD0</classCode><classificationItem score=\"50\"><className>Transfer Pricing</className><classCode>Z3VpZD11cm46dG9waWM6MDY1OTc4NzE2NjM0NEQzOEE2OTZEODUzOENBQTc0Njk7cGFyZW50Z3VpZD11cm46dG9waWM6QkUzNUQ1QThGRkM4NENGNzg5MTdFN0VBMzFFMUFFRTg</classCode></classificationItem></classificationItem></classification><classification classificationScheme=\"subject\"><classificationItem score=\"90\"><classCode>STX000255</classCode><className>CAPITAL MOVEMENTS</className><classCode/><className/></classificationItem><classificationItem score=\"90\"><classCode>STX000713</classCode><className>FINANCIAL CRIME COUNTERMEASURES</className><classCode/><className/></classificationItem><classificationItem score=\"90\"><classCode>ST000DEZ9</classCode><className>FOREIGN EXCHANGE MARKETS</className><classCode/><className/></classificationItem><classificationItem score=\"90\"><classCode>N920000CC</classCode><className>GOVERNMENT &amp; PUBLIC ADMINISTRATION</className><classCode>Z3VpZD11cm46dG9waWM6MjdEQjE4OUJDMzQxNDNEMEI0RTI1QUFCMzJENjEwRTA7cGFyZW50Z3VpZD11cm46dG9waWM6MUFEMUQ2QTA1OUZCNEE5RjkzNTA2RERFMUNEOTk1RTI</classCode><className>Governments</className></classificationItem><classificationItem score=\"90\"><classCode>ST00096KO</classCode><className>HOUSING MARKET</className><classCode/><className/></classificationItem><classificationItem score=\"90\"><classCode>STX001159</classCode><className>MONEY LAUNDERING</className><classCode>Z3VpZD11cm46dG9waWM6QzBDQzA4NEVCN0Q0NEZCRkEwNjY3Qzk3MDA3NzlCMjU7cGFyZW50Z3VpZD11cm46dG9waWM6NkUzNTQ1QUZBM0Y5NDcyQjk4N0I5Mjg0QzU3NDk0MDI</classCode><className>Money Laundering</className></classificationItem><classificationItem score=\"90\"><classCode>ST0009FJK</classCode><className>NEGATIVE PERSONAL NEWS</className><classCode/><className/></classificationItem><classificationItem score=\"90\"><classCode>ST000DIJW</classCode><className>PRICES</className><classCode/><className/></classificationItem><classificationItem score=\"90\"><classCode>ST000DLD1</classCode><className>PROPERTY PRICES</className><classCode/><className/></classificationItem><classificationItem score=\"90\"><classCode>ST000DB9Z</classCode><className>REAL ESTATE MARKET</className><classCode/><className/></classificationItem><classificationItem score=\"90\"><classCode>STX001710</classCode><className>TERRORISM</className><classCode>Z3VpZD11cm46dG9waWM6ODg4MDhDQ0I2QkY5NDU2Rjg1RDNEREFBODk1Nzg1QTY7cGFyZW50Z3VpZD11cm46dG9waWM6RjgwNUY4MjJCMTg5NDgzRUJBMDQwNkM4NkUyNTJBMEY</classCode><className>Terrorism</className></classificationItem><classificationItem score=\"88\"><classCode>STX001932</classCode><className>CRIME, LAW ENFORCEMENT &amp; CORRECTIONS</className><classCode/><className/></classificationItem><classificationItem score=\"79\"><classCode>STX000663</classCode><className>EXCHANGE RATES</className><classCode/><className/></classificationItem><classificationItem score=\"79\"><classCode>STX001976</classCode><className>SECURITIES &amp; OTHER INVESTMENTS</className><classCode/><className/></classificationItem><classificationItem score=\"78\"><classCode>STX000175</classCode><className>BEST PRACTICES</className><classCode/><className/></classificationItem><classificationItem score=\"78\"><classCode>ST0009J0N</classCode><className>CRIMINAL LAW</className><classCode>Z3VpZD11cm46dG9waWM6NEU0RkE1OUQwNUQwNDgxODhEODZCMjkzOTg3NThBNzk7cGFyZW50Z3VpZD0</classCode><className>Criminal Law &amp; Procedure</className></classificationItem><classificationItem score=\"78\"><classCode>ST0009SP3</classCode><className>ELECTRONIC FUNDS TRANSFER</className><classCode>Z3VpZD11cm46dG9waWM6MTIyNTc4QzVERTgwNDg1MkFERTdDREZFRDQ2QjkzNDI7cGFyZW50Z3VpZD11cm46dG9waWM6MzBDNzQyN0JENDRFNDYwMkEyNjVFRTgxNjNFRDExNUI</classCode><className>Funds Transfers</className></classificationItem><classificationItem score=\"77\"><classCode>STX001020</classCode><className>LEGISLATION</className><classCode/><className/></classificationItem><classificationItem score=\"77\"><classCode>ST000D0T5</classCode><className>TERRORIST ATTACKS</className><classCode>Z3VpZD11cm46dG9waWM6MDlBOEIwQjg0OTdFNEFDQUJCRkZBMEZCNTJDMTlEQTY7cGFyZW50Z3VpZD11cm46dG9waWM6ODg4MDhDQ0I2QkY5NDU2Rjg1RDNEREFBODk1Nzg1QTY</classCode><className>Terroristic Acts</className></classificationItem><classificationItem score=\"76\"><classCode>ST000DAAS</classCode><className>REAL ESTATE VALUATIONS</className><classCode/><className/></classificationItem><classificationItem score=\"70\"><classCode>ST000A7ZV</classCode><className>HOME PRICES</className><classCode/><className/></classificationItem></classification><classification classificationScheme=\"industry\"><classificationItem score=\"91\"><classCode>STX001455</classCode><className>REAL ESTATE</className><classCode/><className/></classificationItem><classificationItem score=\"90\"><classCode>ST000DEZ9</classCode><className>FOREIGN EXCHANGE MARKETS</className><classCode/><className/></classificationItem><classificationItem score=\"90\"><classCode>ST00096KO</classCode><className>HOUSING MARKET</className><classCode/><className/></classificationItem><classificationItem score=\"90\"><classCode>ST000DLD1</classCode><className>PROPERTY PRICES</className><classCode/><className/></classificationItem><classificationItem score=\"90\"><classCode>ST000DB9Z</classCode><className>REAL ESTATE MARKET</className><classCode/><className/></classificationItem><classificationItem score=\"90\"><classCode>ST000A2W7</classCode><classCode/><className/></classificationItem><classificationItem score=\"86\"><classCode>N713210MM</classCode><className>CASINOS</className><classCode/><className/></classificationItem><classificationItem score=\"79\"><classCode>STX000663</classCode><className>EXCHANGE RATES</className><classCode/><className/></classificationItem><classificationItem score=\"79\"><classCode>STX001976</classCode><className>SECURITIES &amp; OTHER INVESTMENTS</className><classCode/><className/></classificationItem><classificationItem score=\"78\"><classCode>ST0009SP3</classCode><className>ELECTRONIC FUNDS TRANSFER</className><classCode>Z3VpZD11cm46dG9waWM6MTIyNTc4QzVERTgwNDg1MkFERTdDREZFRDQ2QjkzNDI7cGFyZW50Z3VpZD11cm46dG9waWM6MzBDNzQyN0JENDRFNDYwMkEyNjVFRTgxNjNFRDExNUI</classCode><className>Funds Transfers</className></classificationItem><classificationItem score=\"76\"><classCode>ST000DAAS</classCode><className>REAL ESTATE VALUATIONS</className><classCode/><className/></classificationItem><classificationItem score=\"74\"><classCode>N520000CC</classCode><className>BANKING &amp; FINANCE</className><classCode/><className/></classificationItem><classificationItem score=\"70\"><classCode>ST000A7ZV</classCode><className>HOME PRICES</className><classCode/><className/></classificationItem></classification><classification classificationScheme=\"city\"><classificationItem score=\"73\"><classCode>GX055</classCode><className>VANCOUVER, BC, CANADA</className><classCode/><className/></classificationItem><classificationItem score=\"58\"><classCode>GX060</classCode><className>TORONTO, ON, CANADA</className><classCode/><className/></classificationItem></classification><classification classificationScheme=\"state\"><classificationItem score=\"73\"><classCode>GS168</classCode><className>BRITISH COLUMBIA, CANADA</className><classCode/><className/></classificationItem><classificationItem score=\"58\"><classCode>GS174</classCode><className>ONTARIO, CANADA</className><classCode/><className/></classificationItem></classification><classification classificationScheme=\"country\"><classificationItem score=\"94\"><classCode>GC339</classCode><className>CANADA</className><classCode/><className/></classificationItem><classificationItem score=\"79\"><classCode>GC343</classCode><className>UNITED STATES</className><classCode/><className/></classificationItem></classification></classificationGroup></metadata></articleDoc></content></entry>"}