{"prediction_class": "Money laundering", "prediction_score": "1.0", "name": "Suncor Energy", "title": "We must improve the ethics of the business world", "published": "2012-07-26T00:00:00Z", "updated": "2020-11-16T04:20:29Z", "cleaned_article": "[TITLE] We must improve the ethics of the business world [TITLE] \n\nPharmaceutical companies are also facing huge fines for unethical and illegal behaviour, especially in the U.S. Johnson & Johnson could be facing criminal fines of up to $2.2 billion US for illegal marketing. GlaxoSmithKline was fined $3 billion earlier this month for illegal marketing, Abbott Laboratories was fined $1.5 billion for illegal activities in May, and Merck was fined $1 billion last November for similar illegal actions. In Canada, we have had other actions, though on a smaller scale. Suncor Energy and other oil companies pleaded guilty to price fixing in several Ontario communities. Bell Canada was fined $10 million, the maximum allowed under the federal competition act, for misleading advertising. Whirlpool Canada was forced to provide rebates to customers for a misleading mail-in rebate promotion, Panasonic Corp. was fined $1.5 million for price-fixing and Solvay Chemicals was also fined $2.5 million for price-fixing. But the biggest recent scandal has emerged in London, where Barclays, the big British bank, has been fined $460 million US for fraudulently fixing the London Interbank Offered Rate (Libor), which is the benchmark for loans made all over the world. Investigations could lead to 12 big banks publicly linked to the Libor scandal to face fines as high as $22 billion US, according to Morgan Stanley. Money-laundering is another ethical and legal failure. Last year, Wachovia, now part of Wells Fargo, was fined $160 million US for helping Mexican drug cartels launder money. Earlier this year ING was fined $619 million for helping Iranian and Cuban companies move billions of dollars through the U.S. financial system, contrary to U.S. sanctions. And now HSBC has been found to have helped Mexican drug cartels launder significant sums.", "raw_cleaned_article": "<h2>We must improve the ethics of the business world</h2><p>Pharmaceutical companies are also facing huge fines for unethical and illegal behaviour, especially in the U.S. Johnson & Johnson could be facing criminal fines of up to $2.2 billion US for illegal marketing. GlaxoSmithKline was fined $3 billion earlier this month for illegal marketing, Abbott Laboratories was fined $1.5 billion for illegal activities in May, and Merck was fined $1 billion last November for similar illegal actions. <b>In Canada, we have had other actions, though on a smaller scale. Suncor Energy and other oil companies pleaded guilty to price fixing in several Ontario communities. Bell Canada was fined $10 million, the maximum allowed under the federal competition act, for misleading advertising. Whirlpool Canada was forced to provide rebates to customers for a misleading mail-in rebate promotion, Panasonic Corp. was fined $1.5 million for price-fixing and Solvay Chemicals was also fined $2.5 million for price-fixing.</b> But the biggest recent scandal has emerged in London, where Barclays, the big British bank, has been fined $460 million US for fraudulently fixing the London Interbank Offered Rate (Libor), which is the benchmark for loans made all over the world. Investigations could lead to 12 big banks publicly linked to the Libor scandal to face fines as high as $22 billion US, according to Morgan Stanley. Money-laundering is another ethical and legal failure. Last year, Wachovia, now part of Wells Fargo, was fined $160 million US for helping Mexican drug cartels launder money. Earlier this year ING was fined $619 million for helping Iranian and Cuban companies move billions of dollars through the U.S. financial system, contrary to U.S. sanctions. And now HSBC has been found to have helped Mexican drug cartels launder significant sums.</p>", "original_content": "<entry xmlns=\"http://www.w3.org/2005/Atom\"><id>urn:contentItem:566G-N5N1-F197-52GJ-00000-00</id><title>We must improve the ethics of the business world</title><published>2012-07-26T00:00:00Z</published><updated>2020-11-16T04:20:29Z</updated><author><name>LexisNexis</name></author><content type=\"application/xml\"><!--Transformation version 1.23--><articleDoc xmlns=\"\" xmlns:xsi=\"http://www.w3.org/2001/XMLSchema-instance\" xsi:noNamespaceSchemaLocation=\"http://www.lexisnexis.com/xmlschemas/content/public/articledoc/1/\" schemaVersion=\"1.8\" xml:lang=\"en\"><articleDocHead><itemInfo><sourceSectionInfo><positionSection>EDITORIAL</positionSection><positionSequence>Pg. A11</positionSequence></sourceSectionInfo></itemInfo></articleDocHead><nitf:body xmlns:nitf=\"http://iptc.org/std/NITF/2006-10-18/\"><nitf:body.head><nitf:hedline><nitf:hl1>We must improve the ethics of the business world</nitf:hl1></nitf:hedline><nitf:byline><author><person><nameText>David Crane</nameText></person></author></nitf:byline></nitf:body.head><nitf:body.content><bodyText><p nitf:lede=\"true\">There is clearly something wrong with our capitalist system.</p><p nitf:lede=\"true\">The scale of unethical and illegal behaviour by corporate executives appears to be growing while rich executive compensation means business leaders are leaping ahead of the rest of society in economic gains.</p><p nitf:lede=\"true\">Much of the focus is on the behaviour of bankers in the big financial centres of London and New York. Scrutiny of the financial world is certainly needed. But the bankers are not alone in abusing public trust. Other industries, from credit cards to pharmaceuticals, are also being exposed for unethical or illegal behaviour.</p><p>In the U.S., Visa and MasterCardhave agreed to pay more than $6 billion US to scores of retailers, as well as providing temporary fee relief worth another $1.2 billion US for uncompetitive behaviour. In Canada, the federal competition tribunal last month completed a hearing on charges of anti-competitive behaviour by Visa and MasterCard, with a finding expected in the near future. The competition bureau charged that credit card fees paid by merchants in Canada are \"among the highest in the world,\" and that conditions imposed by the two companies are uncompetitive.</p><p>Pharmaceutical companies are also facing huge fines for unethical and illegal behaviour, especially in the U.S.</p><p>Johnson &amp; Johnson could be facing criminal fines of up to $2.2 billion US for illegal marketing. GlaxoSmithKline was fined $3 billion earlier this month for illegal marketing, Abbott Laboratories was fined $1.5 billion for illegal activities in May, and Merck was fined $1 billion last November for similar illegal actions.</p><p>In Canada, we have had other actions, though on a smaller scale. Suncor Energy and other oil companies pleaded guilty to price fixing in several Ontario communities. Bell Canada was fined $10 million, the maximum allowed under the federal competition act, for misleading advertising. Whirlpool Canada was forced to provide rebates to customers for a misleading mail-in rebate promotion, Panasonic Corp. was fined $1.5 million for price-fixing and Solvay Chemicals was also fined $2.5 million for price-fixing.</p><p>But the biggest recent scandal has emerged in London, where Barclays, the big British bank, has been fined $460 million US for fraudulently fixing the London Interbank Offered Rate (Libor), which is the benchmark for loans made all over the world. Investigations could lead to 12 big banks publicly linked to the Libor scandal to face fines as high as $22 billion US, according to Morgan Stanley.</p><p>Money-laundering is another ethical and legal failure. Last year, Wachovia, now part of Wells Fargo, was fined $160 million US for helping Mexican drug cartels launder money. Earlier this year ING was fined $619 million for helping Iranian and Cuban companies move billions of dollars through the U.S. financial system, contrary to U.S. sanctions. And now HSBC has been found to have helped Mexican drug cartels launder significant sums.</p><p>Now, a preliminary report from the International Organization of Securities Commissions for the G-20 has found that the price reporting agencies for benchmark oil prices, which are widely used as references for transactions in various oil markets, could be \"susceptible to manipulation or distortion.\"</p><p>One indication that capitalism is in trouble is the establishment of the Henry Jackson Initiative, a trans-atlantic group of business leaders, whose goal is to restore integrity to the capitalist system. The forum, which is co-chaired by Dominic Barton, the Canadian-born global managing director of McKinsey &amp; Co., and Lynn Forrester de Rothschild, chief executive of the investment firm E.L. Rothschild., includes two other Canadians - Robert Greenhill, managing director of the World Economic Forum, and Jim Leech, president of the Ontario Teachers' Pension Fund.</p><p>The group's starting point is that while capitalism is the best system to advance human progress, the system has spawned unethical practices and growing inequality and is in urgent need of repair.</p><p>In a recent report - Towards a More Inclusive Capitalism - the group argued that \"improving the ethics of the business world is fundamental to solving capitalism's current problems.\" The group stressed that the 2008 banking crisis, which triggered an even bigger global economic crisis, was \"mostly unethical rather than illegal.\"</p><p>Ultimately, of course, ethics are at the heart of behaviour.</p><p>But if capitalism is to regain public trust, better regulation is needed; the incentive systems that reward executives need revision so they pursue the long-term interests of their companies rather than short-termism for immediate rewards; and capitalism has to show that it can lead to a more equitable society by creating greater opportunity and fairness rather than increasing inequality.</p><p>David Crane is an award-winning journalist who writes on innovation and globalization. He can be reached @<email normalizedValue=\"mailto:crane@interlog.com\">crane@interlog.com</email></p></bodyText></nitf:body.content></nitf:body><metadata><dc:metadata xmlns:dc=\"http://purl.org/dc/elements/1.1/\"><dc:identifier identifierScheme=\"DOC-ID\">KWREC-2012072620714888</dc:identifier><dc:source sourceScheme=\"royaltyReportingKey\">KWREC2012</dc:source><dc:identifier identifierScheme=\"PGUID\">urn:contentItem:566G-N5N1-F197-52GJ-00000-00</dc:identifier><dc:source sourceScheme=\"productContentSetIdentifier\">247362</dc:source><dc:date dateType=\"last-updated\">2017-11-23</dc:date></dc:metadata><wordCount number=\"817\"/><publicationInfo><copyright>Copyright 2012 Metroland Media Group Ltd. All Rights Reserved</copyright><publicationName>The Record (Kitchener-Waterloo, Ontario</publicationName><edition>First Edition</edition><publicationDate day=\"26\" month=\"07\" year=\"2012\"><dateText>July 26, 2012 Thursday</dateText></publicationDate><classification classificationScheme=\"publicationtype\"><classificationItem><className>Newspaper</className></classificationItem></classification><classification classificationScheme=\"publicationtype\"><classificationItem><className>Newspapers</className></classificationItem></classification></publicationInfo><classification classificationScheme=\"language\"><classificationItem classificationScheme=\"lang.english\"><className>ENGLISH</className></classificationItem></classification><classificationGroup classificationScheme=\"indexing-terms\"><classification classificationScheme=\"company\"><classificationItem score=\"91\"><classCode>CC000266V</classCode><className>VISA INC</className></classificationItem><classificationItem score=\"85\"><classCode>CC0001UJF</classCode><className>WELLS FARGO &amp; CO</className></classificationItem><classificationItem score=\"84\"><classCode>CC0001WOB</classCode><className>ABBOTT LABORATORIES</className></classificationItem><classificationItem score=\"68\"><classCode>CC00027GQ</classCode><className>JOHNSON &amp; JOHNSON</className></classificationItem><classificationItem score=\"64\"><classCode>CC0002LRG</classCode><className>PANASONIC CORP</className></classificationItem><classificationItem score=\"58\"><classCode>CC0009QBX</classCode><className>MORGAN STANLEY</className></classificationItem><classificationItem score=\"57\"><classCode>CC0001QM1</classCode><className>GLAXOSMITHKLINE PLC</className></classificationItem><classificationItem score=\"54\"><classCode>CC0001U5D</classCode><className>SUNCOR ENERGY INC</className></classificationItem></classification><classification classificationScheme=\"ticker\"><classificationItem score=\"91\"><className>V (NYSE)</className></classificationItem><classificationItem score=\"85\"><className>WFC (NYSE)</className></classificationItem><classificationItem score=\"84\"><className>ABT (SWX)</className></classificationItem><classificationItem score=\"84\"><className>ABT (NYSE)</className></classificationItem><classificationItem score=\"84\"><className>ABT (LSE)</className></classificationItem><classificationItem score=\"84\"><className>ABL (FRA)</className></classificationItem><classificationItem score=\"68\"><className>JNJ (NYSE)</className></classificationItem><classificationItem score=\"64\"><className>6752 (TSE)</className></classificationItem><classificationItem score=\"58\"><className>MS (NYSE)</className></classificationItem><classificationItem score=\"57\"><className>GSK (NYSE)</className></classificationItem><classificationItem score=\"57\"><className>GSK (LSE)</className></classificationItem><classificationItem score=\"57\"><className>BIOC (EGX)</className></classificationItem><classificationItem score=\"54\"><className>SU (TSX)</className></classificationItem><classificationItem score=\"54\"><className>SU (NYSE)</className></classificationItem></classification></classificationGroup><classificationGroup classificationScheme=\"indexing-terms\"><classification classificationScheme=\"subject\"><classificationItem score=\"99\"><classCode>STX000722</classCode><className>FINES &amp; PENALTIES</className><classCode/><className/></classificationItem><classificationItem score=\"90\"><classCode>ST000D1BY</classCode><className>EXECUTIVES</className><classCode/><className/></classificationItem><classificationItem score=\"90\"><classCode>STX000667</classCode><className>EXECUTIVE COMPENSATION</className><classCode/><className/></classificationItem><classificationItem score=\"90\"><classCode>STX000654</classCode><className>ETHICS</className><classCode/><className/></classificationItem><classificationItem score=\"89\"><classCode>STX001375</classCode><className>PRICE FIXING</className><classCode/><className/></classificationItem><classificationItem score=\"89\"><classCode>STX001159</classCode><className>MONEY LAUNDERING</className><classCode>Z3VpZD11cm46dG9waWM6QzBDQzA4NEVCN0Q0NEZCRkEwNjY3Qzk3MDA3NzlCMjU7cGFyZW50Z3VpZD11cm46dG9waWM6NkUzNTQ1QUZBM0Y5NDcyQjk4N0I5Mjg0QzU3NDk0MDI</classCode><className>Money Laundering</className></classificationItem><classificationItem score=\"89\"><classCode>ST000CTIZ</classCode><className>SCANDALS</className><classCode/><className/></classificationItem><classificationItem score=\"89\"><classCode>ST0009UQC</classCode><className>LONDON INTERBANK OFFERED RATES</className><classCode/><className/></classificationItem><classificationItem score=\"88\"><classCode>STX001519</classCode><className>SALES REBATES</className><classCode/><className/></classificationItem><classificationItem score=\"78\"><classCode>STX001813</classCode><className>WAGES &amp; SALARIES</className><classCode/><className/></classificationItem><classificationItem score=\"78\"><classCode>N926150GC</classCode><className>BANKING &amp; FINANCE REGULATION</className><classCode/><className/></classificationItem><classificationItem score=\"78\"><classCode>STX000759</classCode><className>FRAUD &amp; FINANCIAL CRIME</className><classCode/><className/></classificationItem><classificationItem score=\"78\"><classCode>STX000535</classCode><className>CONTROLLED SUBSTANCES CRIME</className><classCode/><className/></classificationItem><classificationItem score=\"77\"><classCode>STX000165</classCode><className>BANKING &amp; FINANCE ASSOCIATIONS</className><classCode/><className/></classificationItem><classificationItem score=\"74\"><classCode>STX001518</classCode><className>SALES PROMOTIONS</className><classCode/><className/></classificationItem><classificationItem score=\"74\"><classCode>STX000261</classCode><className>CARTELS</className><classCode/><className/></classificationItem><classificationItem score=\"73\"><classCode>ST000A4JJ</classCode><className>GUILTY PLEAS</className><classCode>Z3VpZD11cm46dG9waWM6OUFCRjAwOERDM0JGNDQ4QjhEODU0MDYxOUE3QUY2RjM7cGFyZW50Z3VpZD11cm46dG9waWM6Qjc1MDBENkU0ODJCNDQ5MzkxNEFERjkzQTYwODQzRDA</classCode><className>Guilty Pleas</className></classificationItem><classificationItem score=\"73\"><classCode>ST00090NT</classCode><className>ECONOMIC CONDITIONS</className><classCode/><className/></classificationItem><classificationItem score=\"72\"><classCode>ST000DDG6</classCode><className>CONSUMER WATCHDOGS</className><classCode/><className/></classificationItem><classificationItem score=\"71\"><classCode>ST000A4J6</classCode><className>CRIMINAL FINES</className><classCode>Z3VpZD11cm46dG9waWM6NUY4M0RBNUNERDlGNEI1QUJFMDc4QzU5OTU4RjNDRTY7cGFyZW50Z3VpZD11cm46dG9waWM6MUIzQ0NGRDZERUU3NERCODg2MEZFMDI2RTI0RTA3RTc</classCode><className>Fines</className></classificationItem><classificationItem score=\"70\"><classCode>STX000969</classCode><className>INVESTIGATIONS</className><classCode/><className/></classificationItem><classificationItem score=\"63\"><classCode>ST000A7IS</classCode><className>ASSOCIATIONS &amp; ORGANIZATIONS</className><classCode/><className/></classificationItem></classification><classification classificationScheme=\"industry\"><classificationItem score=\"91\"><classCode>STX000424</classCode><className>CREDIT CARDS</className><classCode/><className/></classificationItem><classificationItem score=\"90\"><classCode>STX001323</classCode><className>PHARMACEUTICALS INDUSTRY</className><classCode/><className/></classificationItem><classificationItem score=\"89\"><classCode>ST0009RX6</classCode><classCode/><className/></classificationItem><classificationItem score=\"89\"><classCode>N520000CC</classCode><className>BANKING &amp; FINANCE</className><classCode/><className/></classificationItem><classificationItem score=\"89\"><classCode>ST0009UQC</classCode><className>LONDON INTERBANK OFFERED RATES</className><classCode/><className/></classificationItem><classificationItem score=\"89\"><classCode>ST0008X53</classCode><className>MARKETING &amp; ADVERTISING REGULATION</className><classCode/><className/></classificationItem><classificationItem score=\"88\"><classCode>STX001519</classCode><className>SALES REBATES</className><classCode/><className/></classificationItem><classificationItem score=\"87\"><classCode>N325412MM</classCode><className>PHARMACEUTICAL PREPARATION MFG</className><classCode/><className/></classificationItem><classificationItem score=\"78\"><classCode>N926150GC</classCode><className>BANKING &amp; FINANCE REGULATION</className><classCode/><className/></classificationItem><classificationItem score=\"78\"><classCode>STX001240</classCode><className>OIL &amp; GAS INDUSTRY</className><classCode/><className/></classificationItem><classificationItem score=\"77\"><classCode>STX000165</classCode><className>BANKING &amp; FINANCE ASSOCIATIONS</className><classCode/><className/></classificationItem><classificationItem score=\"75\"><classCode>ST0009XBL</classCode><className>CARD INTERCHANGE FEES</className><classCode/><className/></classificationItem><classificationItem score=\"74\"><classCode>STX001518</classCode><className>SALES PROMOTIONS</className><classCode/><className/></classificationItem><classificationItem score=\"69\"><classCode>ST0008XSL</classCode><className>RETAILERS</className><classCode/><className/></classificationItem><classificationItem score=\"60\"><classCode>STX000942</classCode><className>INTERBANK LENDING</className><classCode/><className/></classificationItem></classification><classification classificationScheme=\"city\"><classificationItem score=\"88\"><classCode>GX106</classCode><className>LONDON, ENGLAND</className><classCode/><className/></classificationItem><classificationItem score=\"79\"><classCode>GX601</classCode><className>NEW YORK, NY, USA</className><classCode/><className/></classificationItem></classification><classification classificationScheme=\"state\"><classificationItem score=\"79\"><classCode>GS174</classCode><className>ONTARIO, CANADA</className><classCode/><className/></classificationItem></classification><classification classificationScheme=\"country\"><classificationItem score=\"94\"><classCode>GC339</classCode><className>CANADA</className><classCode/><className/></classificationItem><classificationItem score=\"93\"><classCode>GC343</classCode><className>UNITED STATES</className><classCode/><className/></classificationItem></classification></classificationGroup></metadata></articleDoc></content></entry>"}