{"prediction_class": "Death", "prediction_score": "0.83", "name": "Telstra", "title": "Mother sues Victoria after daughter allowed to work as sex predator's cleaner", "published": "2016-06-15T00:00:00Z", "updated": "2020-11-15T23:17:45Z", "cleaned_article": "[TITLE] Mother sues Victoria after daughter allowed to work as sex predator's cleaner [TITLE] \n\nThe man had been convicted of having sex with two 14-year-old girls.  The legal action forms part of an explosive series of lawsuits launched by the families of victims of sex offenders, rapists and murderers, including five people killed by offenders released on parole. The family of one homicide victim is also taking Telstra to court, alleging that the company's triple-0 operators failed to put the desperate calls of a mother through to police on the day she was murdered. The state's beleaguered parole system is set to come under increased scrutiny as part of the proceedings, which could cost taxpayers millions of dollars if the plaintiffs are successful. The County Court civil action brings together the victims of five parolee killers - Joanne Wicking, Evan Rudd, Raechel Betts, Sarah Cafferkey and Douglas Phillips - as well as two victims of sex offenders, including the 15-year-old girl. [...] \n\nThe plaintiffs are taking action after a series of killings and rapes by violent offenders who had been given parole and then went on to commit horrific crimes. Helen Wicking, mother of murdered woman Joanne Wicking, is suing the state government and the Adult Parole Board after her daughter was stabbed to death by Sean Maraffko when he had been on parole for 18 days in 2010. Ms Wicking is also taking action against Telstra. In November 2011, Maraffko was jailed for 35 years for the murder. The Supreme Court court heard that Joanne Wicking called triple-0 crying and screaming for help three times between 4.51pm and 4.57pm on the day she was murdered.In her writ, Ms Wicking said Telstra and the Emergency Services Telecommunications Authority were responsible for \"responding to calls to police about the offender's behaviour\". The other five victims are:  Douglas Phillips: killed in 2009 by his parolee son Christopher Phillips, who had been jailed three times for bashing his father. Evan Rudd: stabbed to death in a Moe car park by Richard Devries, who had 80 criminal convictions and was on parole over assaults he committed in jail while serving time for armed robbery. Raechel Betts: strangled and dismembered in 2009 by John Leslie Coombes, who was on parole after two previous killings. Sarah Cafferkey: killed in 2012 by Steven Hunter, who had already served jail time for murder. His parole for kidnapping and assault offences ended less than two weeks before he bashed and stabbed Ms Cafferkey. Karen Harrison: violently raped at knifepoint by notorious offender Gary Collingwood, who had previously been imprisoned for multiple sex, violence and threat offences. ", "raw_cleaned_article": "<h2>Mother sues Victoria after daughter allowed to work as sex predator's cleaner</h2><p>The man had been convicted of having sex with two 14-year-old girls.  The legal action forms part of an explosive series of lawsuits launched by the families of victims of sex offenders, rapists and murderers, including five people killed by offenders released on parole. <b>The family of one homicide victim is also taking Telstra to court, alleging that the company's triple-0 operators failed to put the desperate calls of a mother through to police on the day she was murdered.</b> The state's beleaguered parole system is set to come under increased scrutiny as part of the proceedings, which could cost taxpayers millions of dollars if the plaintiffs are successful. The County Court civil action brings together the victims of five parolee killers - Joanne Wicking, Evan Rudd, Raechel Betts, Sarah Cafferkey and Douglas Phillips - as well as two victims of sex offenders, including the 15-year-old girl.</p><p>[...]</p><p>The plaintiffs are taking action after a series of killings and rapes by violent offenders who had been given parole and then went on to commit horrific crimes. Helen Wicking, mother of murdered woman Joanne Wicking, is suing the state government and the Adult Parole Board after her daughter was stabbed to death by Sean Maraffko when he had been on parole for 18 days in 2010. <b>Ms Wicking is also taking action against Telstra.</b> In November 2011, Maraffko was jailed for 35 years for the murder. The Supreme Court court heard that Joanne Wicking called triple-0 crying and screaming for help three times between 4.51pm and 4.57pm on the day she was murdered.</p><p>[...]</p><p>The plaintiffs are taking action after a series of killings and rapes by violent offenders who had been given parole and then went on to commit horrific crimes. <b>In her writ, Ms Wicking said Telstra and the Emergency Services Telecommunications Authority were responsible for \"responding to calls to police about the offender's behaviour\".</b> The other five victims are:  Douglas Phillips: killed in 2009 by his parolee son Christopher Phillips, who had been jailed three times for bashing his father. Evan Rudd: stabbed to death in a Moe car park by Richard Devries, who had 80 criminal convictions and was on parole over assaults he committed in jail while serving time for armed robbery. Raechel Betts: strangled and dismembered in 2009 by John Leslie Coombes, who was on parole after two previous killings. Sarah Cafferkey: killed in 2012 by Steven Hunter, who had already served jail time for murder. His parole for kidnapping and assault offences ended less than two weeks before he bashed and stabbed Ms Cafferkey. Karen Harrison: violently raped at knifepoint by notorious offender Gary Collingwood, who had previously been imprisoned for multiple sex, violence and threat offences. </p>", "original_content": "<entry xmlns=\"http://www.w3.org/2005/Atom\"><id>urn:contentItem:5K16-1YR1-DY19-C498-00000-00</id><title>Mother sues Victoria after daughter allowed to work as sex predator's cleaner</title><published>2016-06-15T00:00:00Z</published><updated>2020-11-15T23:17:45Z</updated><author><name>LexisNexis</name></author><content type=\"application/xml\"><!--Transformation version 1.23--><articleDoc xmlns=\"\" xmlns:xsi=\"http://www.w3.org/2001/XMLSchema-instance\" xsi:noNamespaceSchemaLocation=\"http://www.lexisnexis.com/xmlschemas/content/public/articledoc/1/\" schemaVersion=\"1.8\" xml:lang=\"en\"><articleDocHead><itemInfo/></articleDocHead><nitf:body xmlns:nitf=\"http://iptc.org/std/NITF/2006-10-18/\"><nitf:body.head><nitf:hedline><nitf:hl1>Mother sues Victoria after daughter allowed to work as sex predator's cleaner</nitf:hl1></nitf:hedline><nitf:byline><author><person><nameText>Tom Cowie and Nino Bucci</nameText></person></author></nitf:byline></nitf:body.head><nitf:body.content><bodyText><p nitf:lede=\"true\">A convicted paedophile was moved from a sex-offender facility into the same crisis housing as a 15-year-old girl, who the man then preyed on after he hired her as a cleaner.</p><p nitf:lede=\"true\">The girl's mother is suing the State of Victoria after the paedophile had regular access to her daughter, despite the offender himself believing he did not have \"the ability to cope\" outside custody.</p><p nitf:lede=\"true\">The man had been convicted of having sex with two 14-year-old girls. </p><p>The legal action forms part of an explosive series of lawsuits launched by the families of victims of sex offenders, rapists and murderers, including five people killed by offenders released on parole.</p><p>The family of one homicide victim is also taking Telstra to court, alleging that the company's triple-0 operators failed to put the desperate calls of a mother through to police on the day she was murdered.</p><p>The state's beleaguered parole system is set to come under increased scrutiny as part of the proceedings, which could cost taxpayers millions of dollars if the plaintiffs are successful.</p><p>The County Court civil action brings together the victims of five parolee killers - Joanne Wicking, Evan Rudd, Raechel Betts, Sarah Cafferkey and Douglas Phillips - as well as two victims of sex offenders, including the 15-year-old girl.</p><p>The recently released paedophile, who had been angry to leave sex-offender facility Corella Place because he believed he wasn't ready, was moved to a block of flats in regional Victoria in 2013. </p><p>Soon after, he offered a 15-year-old girl who lived with her mother in the same block of flats $10 an hour to clean his flat.</p><p>The girl was soon attending the flat regularly, once visiting when the man and another convicted sex offender were present.</p><p>Over three months, from February to April 2013, the man gave the girl a key to his flat, touched her leg, tried to hug her and touch her hair and encouraged her to come over to play Xbox.</p><p>He was jailed for eight months in November 2014 for 13 charges of breaching his supervision order.</p><p>The girl's mother is suing the State of Victoria, claiming that the registered sex offender had not been properly monitored, despite being on a supervision order.</p><p>The woman is also taking action against the accommodation provider for housing the offender in the same block of flats as herself and her daughter.</p><p>The paedophile was jailed for four years in 2006 after a Scotland Yard tip-off led the Australian Federal Police to discover his involvement in a child-pornography ring.</p><p>Under the code name \"Dreaco\", the man traded images of pre-pubescent children engaged in explicit sexual acts with a known paedophile in Britain.</p><p>He also admitted to having sex with two girls under 16.</p><p>Shine Lawyers senior solicitor Paula Shelton, who is acting for the families, said the maximum amount that they could be paid for non-economic damages, such as pain and suffering, was about $525,000, if a breach under the Wrongs Act was proven.</p><p>This did not include separate costs, such as those incurred by being unable to work, which could also be significant.</p><p>\"Some of these people haven't got back to work at all,\" Ms Shelton said.</p><p>The argument which underpins the claims is that the State, and other defendants, had a duty of care to the victims because of their unique knowledge of the offenders and their prospects of rehabilitation.</p><p>They also had a responsibility to house them or monitor their lives in the community.</p><p>While a person does not generally owe a duty of care to protect another individual from the criminal acts of a third party, Ms Shelton will argue on behalf of the families that as only the State had knowledge about these offenders, they breached a duty of care arising from a special category of relationship.</p><p>The duty of care is similar to that which can exist between a school and a student.</p><p>The plaintiffs are taking action after a series of killings and rapes by violent offenders who had been given parole and then went on to commit horrific crimes.</p><p>Helen Wicking, mother of murdered woman Joanne Wicking, is suing the state government and the Adult Parole Board after her daughter was stabbed to death by Sean Maraffko when he had been on parole for 18 days in 2010.</p><p>Ms Wicking is also taking action against Telstra.</p><p>In November 2011, Maraffko was jailed for 35 years for the murder.</p><p>The Supreme Court court heard that Joanne Wicking called triple-0 crying and screaming for help three times between 4.51pm and 4.57pm on the day she was murdered.</p><p>Each time Maraffko informed the call-taker that it had been an accidental call.</p><p>In her writ, Ms Wicking said Telstra and the Emergency Services Telecommunications Authority were responsible for \"responding to calls to police about the offender's behaviour\".</p><p>The other five victims are:</p><p> Douglas Phillips: killed in 2009 by his parolee son Christopher Phillips, who had been jailed three times for bashing his father. Evan Rudd: stabbed to death in a Moe car park by Richard Devries, who had 80 criminal convictions and was on parole over assaults he committed in jail while serving time for armed robbery. Raechel Betts: strangled and dismembered in 2009 by John Leslie Coombes, who was on parole after two previous killings. Sarah Cafferkey: killed in 2012 by Steven Hunter, who had already served jail time for murder. His parole for kidnapping and assault offences ended less than two weeks before he bashed and stabbed Ms Cafferkey. Karen Harrison: violently raped at knifepoint by notorious offender Gary Collingwood, who had previously been imprisoned for multiple sex, violence and threat offences. </p><p>Corrections Minister Steve Herbert acknowledged the \"tragic circumstances\" for the seven families involved in the legal action.</p><p>He said the parole system had been \"comprehensively reformed\" as part of a review by High Court Justice Ian Callinan in 2013.</p><p>\"One cannot begin to imagine their grief,\" he said in a statement.</p><p>Premier Daniel Andrews said that what had happened to families was a \"tragedy\" but as the matter was before the courts he wouldn't comment any further.</p><p>A Telstra spokesman said the death of Ms Wicking was a tragic situation, however they couldn't comment further due to the legal action. </p><p>An Emergency Services Telecommunications Authority spokesperson said a review into the incident had led to new guidelines for the handling of triple-0 phone calls.</p></bodyText></nitf:body.content></nitf:body><metadata><dc:metadata xmlns:dc=\"http://purl.org/dc/elements/1.1/\"><dc:identifier identifierScheme=\"DOC-ID\">AGEAUS-1010319747</dc:identifier><dc:source sourceScheme=\"royaltyReportingKey\">AGEAUS2016</dc:source><dc:identifier identifierScheme=\"PGUID\">urn:contentItem:5K16-1YR1-DY19-C498-00000-00</dc:identifier><dc:source sourceScheme=\"productContentSetIdentifier\">404060</dc:source><dc:date dateType=\"last-updated\">2016-06-18</dc:date></dc:metadata><wordCount number=\"1052\"/><timeReceived>10:30 PM GMT</timeReceived><publicationInfo><copyright>Copyright 2016 Fairfax Media Publications Pty. Limited All Rights Reserved</copyright><publicationName>The Age (Melbourne, Australia) - Online</publicationName><publicationDate day=\"15\" month=\"06\" year=\"2016\"><dateText>June 15, 2016 Wednesday</dateText></publicationDate><classification classificationScheme=\"publicationtype\"><classificationItem><className>Web Publication</className></classificationItem></classification><classification classificationScheme=\"publicationtype\"><classificationItem><className>Web-based Publications</className></classificationItem></classification></publicationInfo><classification classificationScheme=\"language\"><classificationItem classificationScheme=\"lang.english\"><className>ENGLISH</className></classificationItem></classification><classificationGroup classificationScheme=\"licensor.indexing-terms\"><classification classificationScheme=\"licensor.subject\"><classificationItem><className>Victoria</className></classificationItem></classification></classificationGroup><classificationGroup classificationScheme=\"indexing-terms\"><classification classificationScheme=\"legal\"><classificationItem><className>Criminal Law &amp; Procedure</className><classCode>Z3VpZD11cm46dG9waWM6NEU0RkE1OUQwNUQwNDgxODhEODZCMjkzOTg3NThBNzk7cGFyZW50Z3VpZD0</classCode><classificationItem score=\"50\"><className>Registration</className><classCode>Z3VpZD11cm46dG9waWM6OEE2RkVEODA3NDJENDI2RkFFNkM2RDExOEQxNzQ0QUU7cGFyZW50Z3VpZD11cm46dG9waWM6M0Y2RTk5OUZFRTgyNEU2QUJEQzY0NkIzRUIwMDU3REI</classCode></classificationItem></classificationItem><classificationItem><className>Torts</className><classCode>Z3VpZD11cm46dG9waWM6MDAwOEM2NTEzQkVDNEI4NzlGMEZERUEyRjQwODM4Njg7cGFyZW50Z3VpZD0</classCode><classificationItem score=\"80\"><className>General Overview</className><classCode>Z3VpZD11cm46dG9waWM6M0JFNzU3RTM3OTg2NEU2OEFENUZDMTQzNUU3OEJEQTM7cGFyZW50Z3VpZD11cm46dG9waWM6RTk2ODNCODdGRjVGNDRCMjk5ODZFQjkzQTNCOEEwMTg</classCode></classificationItem></classificationItem></classification><classification classificationScheme=\"subject\"><classificationItem score=\"92\"><classCode>ST000D4OZ</classCode><className>CHILD SEXUAL ABUSE</className><classCode>Z3VpZD11cm46dG9waWM6OTBBQjYwQkYwN0ZGNDQzOTlEMjIyRDEyMkE1RTAwRjc7cGFyZW50Z3VpZD11cm46dG9waWM6NzFENzYyRUI3RjFENEUwOEIyN0U0NEZBQjE5RjExMzk</classCode><className>Abuse of Children</className></classificationItem><classificationItem score=\"91\"><classCode>STX001040</classCode><className>LITIGATION</className><classCode/><className/></classificationItem><classificationItem score=\"91\"><classCode>STX001555</classCode><className>SEX OFFENSES</className><classCode>Z3VpZD11cm46dG9waWM6RkQwRTk5MUFBNjMxNDJGQUJGMDJBNjIzOTZEMUZBQTc7cGFyZW50Z3VpZD11cm46dG9waWM6RjgwNUY4MjJCMTg5NDgzRUJBMDQwNkM4NkUyNTJBMEY</classCode><className>Sex Crimes</className></classificationItem><classificationItem score=\"90\"><classCode>STX001295</classCode><className>PAROLE</className><classCode>Z3VpZD11cm46dG9waWM6MzU2NUJBMjkzQjE0NEE0OTg3MDQ1QzFDRTI2NUJCRTU7cGFyZW50Z3VpZD11cm46dG9waWM6QTFGRjg4NjA3RTg1NDA2RkIzMDk4QzdGREIyQzVGMDk</classCode><className>Parole</className></classificationItem><classificationItem score=\"90\"><classCode>STX001182</classCode><className>MURDER</className><classCode>Z3VpZD11cm46dG9waWM6NjQ5ODg4NkU4QzRDNDhFMDkzQTg0QkMxMjVBMzQyRjY7cGFyZW50Z3VpZD11cm46dG9waWM6MEY2MzZGQUY0QTIzNDk2MjkxNEQwRDBCQzc1M0RFNTY</classCode><className>Murder</className></classificationItem><classificationItem score=\"90\"><classCode>ST000A4JU</classCode><className>CRIMINAL CONVICTIONS</className><classCode/><className/></classificationItem><classificationItem score=\"90\"><classCode>ST00093QH</classCode><className>SEXUAL ASSAULT</className><classCode>Z3VpZD11cm46dG9waWM6NzFENzYyRUI3RjFENEUwOEIyN0U0NEZBQjE5RjExMzk7cGFyZW50Z3VpZD11cm46dG9waWM6RkQwRTk5MUFBNjMxNDJGQUJGMDJBNjIzOTZEMUZBQTc</classCode><className>Sexual Assault</className></classificationItem><classificationItem score=\"90\"><classCode>STX001648</classCode><className>SUITS &amp; CLAIMS</className><classCode/><className/></classificationItem><classificationItem score=\"89\"><classCode>ST000A4HE</classCode><className>SUPERVISED RELEASE</className><classCode/><className/></classificationItem><classificationItem score=\"78\"><classCode>STX000865</classCode><className>HOMICIDE</className><classCode>Z3VpZD11cm46dG9waWM6MEY2MzZGQUY0QTIzNDk2MjkxNEQwRDBCQzc1M0RFNTY7cGFyZW50Z3VpZD11cm46dG9waWM6REE3RUI5RUNDMTgyNDU3Rjk2QUMwOTVBOUI1NDNFOTY</classCode><className>Homicide, Manslaughter &amp; Murder</className></classificationItem><classificationItem score=\"78\"><classCode>N922120CC</classCode><className>LAW ENFORCEMENT</className><classCode/><className/></classificationItem><classificationItem score=\"78\"><classCode>STX000691</classCode><className>FAMILY</className><classCode/><className/></classificationItem><classificationItem score=\"78\"><classCode>ST000A4J3</classCode><className>JAIL SENTENCING</className><classCode/><className/></classificationItem><classificationItem score=\"75\"><classCode>STX000290</classCode><className>CHILDREN</className><classCode/><className/></classificationItem><classificationItem score=\"73\"><classCode>N922110CC</classCode><className>LAW COURTS &amp; TRIBUNALS</className><classCode/><className/></classificationItem><classificationItem score=\"73\"><classCode>ST00093Q7</classCode><className>CHILD PORNOGRAPHY</className><classCode>Z3VpZD11cm46dG9waWM6NDE0MDI4Mjg5QUU3NDA2NTkyQTVFMjJCRDRFNjkwRDc7cGFyZW50Z3VpZD11cm46dG9waWM6RkQwRTk5MUFBNjMxNDJGQUJGMDJBNjIzOTZEMUZBQTc</classCode><className>Child Pornography</className></classificationItem><classificationItem score=\"73\"><classCode>STX001353</classCode><className>PORNOGRAPHY</className><classCode/><className/></classificationItem><classificationItem score=\"73\"><classCode>N921100QG</classCode><className>COUNTY GOVERNMENT</className><classCode/><className/></classificationItem><classificationItem score=\"68\"><classCode>N922120QM</classCode><className>POLICE FORCES</className><classCode/><className/></classificationItem></classification><classification classificationScheme=\"state\"><classificationItem score=\"88\"><classCode>GS007</classCode><className>VICTORIA, AUSTRALIA</className><classCode/><className/></classificationItem></classification><classification classificationScheme=\"country\"><classificationItem score=\"91\"><classCode>GC329</classCode><className>UNITED KINGDOM</className><classCode/><className/></classificationItem><classificationItem score=\"79\"><classCode>GC301</classCode><className>AUSTRALIA</className><classCode/><className/></classificationItem></classification></classificationGroup></metadata></articleDoc></content></entry>"}