{"prediction_class": "Regulatory Breaches Tax Evasion Smuggling of goods", "prediction_score": "0.98", "name": "Telstra", "title": "Citigroup sued for pre-bid Patrick trades", "published": "2006-04-01T00:00:00Z", "updated": "2020-11-15T23:37:12Z", "cleaned_article": "[TITLE] Citigroup sued for pre-bid Patrick trades [TITLE] \n\nTHE Australian Securities and Investments Commission shocked the investment banking community yesterday when it sued Citigroup, the world's largest financial institution, for insider trading and conflicts of interest. The case could lead to Citigrouppaying fines of up to $1 million, but may cost it much more by endangering its key position in the planned $23 billion sale of Telstra, with the Department of Finance already signalling its interest.Citigroupis one of 11 banks included in the Institutional Selling Services Panel for the sale of the Government's 51.8 per cent stake in Telstra. ''Clearly we will be paying close attention to this matter,'' a spokesman for the Telstra sale said. The alleged offences took place last August, just before transport giant Toll Holdingslaunched its $5.3 billion hostile bid for stevedoring company Patrick Corp.Citigroupand Carnegie Wylie are acting as Toll's advisers on the merger. ''This is a significant case raising two very important issues for the securities industry: having adequate arrangements for managing inside information and dealing with conflicts of interest,'' ASIC deputy chairman Jeremy Cooper said. ''ASIC alleges that Citigrouptraded on inside information and directly against the interests of its client, Toll.'' The case centres on how investment banks resolve conflicts between their proprietary trading desks, which stand to make significant gains from trading ahead of merger deals, and corporate finance groups, whose job is to give confidential merger advice to clients.", "raw_cleaned_article": "<h2>Citigroup sued for pre-bid Patrick trades</h2><p>THE Australian Securities and Investments Commission shocked the investment banking community yesterday when it sued Citigroup, the world's largest financial institution, for insider trading and conflicts of interest. <b>The case could lead to Citigrouppaying fines of up to $1 million, but may cost it much more by endangering its key position in the planned $23 billion sale of Telstra, with the Department of Finance already signalling its interest.</b></p><p>[...]</p><p>THE Australian Securities and Investments Commission shocked the investment banking community yesterday when it sued Citigroup, the world's largest financial institution, for insider trading and conflicts of interest. <b>Citigroupis one of 11 banks included in the Institutional Selling Services Panel for the sale of the Government's 51.8 per cent stake in Telstra. ''Clearly we will be paying close attention to this matter,'' a spokesman for the Telstra sale said.</b> The alleged offences took place last August, just before transport giant Toll Holdingslaunched its $5.3 billion hostile bid for stevedoring company Patrick Corp.Citigroupand Carnegie Wylie are acting as Toll's advisers on the merger. ''This is a significant case raising two very important issues for the securities industry: having adequate arrangements for managing inside information and dealing with conflicts of interest,'' ASIC deputy chairman Jeremy Cooper said. ''ASIC alleges that Citigrouptraded on inside information and directly against the interests of its client, Toll.'' The case centres on how investment banks resolve conflicts between their proprietary trading desks, which stand to make significant gains from trading ahead of merger deals, and corporate finance groups, whose job is to give confidential merger advice to clients.</p>", "original_content": "<entry xmlns=\"http://www.w3.org/2005/Atom\"><id>urn:contentItem:4JM6-SY70-TX5J-82FP-00000-00</id><title>Citigroup sued for pre-bid Patrick trades</title><published>2006-04-01T00:00:00Z</published><updated>2020-11-15T23:37:12Z</updated><author><name>LexisNexis</name></author><content type=\"application/xml\"><!--Transformation version 1.23--><articleDoc xmlns=\"\" xmlns:xsi=\"http://www.w3.org/2001/XMLSchema-instance\" xsi:noNamespaceSchemaLocation=\"http://www.lexisnexis.com/xmlschemas/content/public/articledoc/1/\" schemaVersion=\"1.8\" xml:lang=\"en\"><articleDocHead><itemInfo><sourceSectionInfo><positionSection>FINANCE</positionSection><positionSequence>Pg. 33</positionSequence></sourceSectionInfo><otherInfo><bodyText><p>MATP</p></bodyText></otherInfo></itemInfo></articleDocHead><nitf:body xmlns:nitf=\"http://iptc.org/std/NITF/2006-10-18/\"><nitf:body.head><nitf:hedline><nitf:hl1>Citigroupsued for pre-bid Patrick trades</nitf:hl1></nitf:hedline><nitf:byline><author><person><nameText>Robert Clow, Blair Speedy, Michael Sainsbury</nameText></person></author></nitf:byline></nitf:body.head><nitf:body.content><bodyText><p nitf:lede=\"true\">Litigation</p><p nitf:lede=\"true\">THE Australian Securities and Investments Commission shocked the investment banking community yesterday when it sued Citigroup, the world's largest financial institution, for insider trading and conflicts of interest.</p><p nitf:lede=\"true\">The case could lead to Citigrouppaying fines of up to $1 million, but may cost it much more by endangering its key position in the planned $23 billion sale of Telstra, with the Department of Finance already signalling its interest.</p><p nitf:lede=\"true\">Citigroupis one of 11 banks included in the Institutional Selling Services Panel for the sale of the Government's 51.8 per cent stake in Telstra. ''Clearly we will be paying close attention to this matter,'' a spokesman for the Telstra sale said.</p><p>The alleged offences took place last August, just before transport giant Toll Holdingslaunched its $5.3 billion hostile bid for stevedoring company Patrick Corp.Citigroupand Carnegie Wylie are acting as Toll's advisers on the merger. ''This is a significant case raising two very important issues for the securities industry: having adequate arrangements for managing inside information and dealing with conflicts of interest,'' ASIC deputy chairman Jeremy Cooper said. ''ASIC alleges that Citigrouptraded on inside information and directly against the interests of its client, Toll.''</p><p>The case centres on how investment banks resolve conflicts between their proprietary trading desks, which stand to make significant gains from trading ahead of merger deals, and corporate finance groups, whose job is to give confidential merger advice to clients.</p><p>Speculation of an imminent merger between Toll and Patrick had been bubbling for weeks by August 18 when Patrick downgraded its earnings because of subsidiary Virgin Blue's poor performance. The next day Citigroup's top-rated transport analyst, Jason Smith, failed to publish an expected research report on Patrick, and speculation in the stock became frenzied.</p><p>According to a statement of claim filed by ASIC with the Federal Court, one of the most active buyers of Patrick stock was Andrew Manchee, a trader on Citigroup's proprietary trading desk. He bought over 1 million shares in Patrick. Patrick's price spiked up from $5.70 at the close of business on Thursday, August 18, to $6.45 when the market closed next day.</p><p>For most of the Friday, according to the court document, Mr Manchee knew nothing about Toll's impending bid.</p><p>But at 3.30pm Paul Darwell, Citigroup's head of equity derivatives, suggested that they step out for a cigarette and told him to stop buying Patrick stock.</p><p>Mr Darwell did not tell Mr Manchee why he should stop buying stock, but ASIC alleges that Mr Manchee would have known Citiwas acting for Toll.</p><p>In the 20 minutes after his return to the trading desk and before the market closed, Mr Manchee sold nearly 200,000 shares, generating a profit of $120,000. Citigroupceased trading Patrick stock the following Monday when the deal was announced, and still retains most of the Patrick shares it purchased. Patrick's stock closed at $8.06 last night. Mr Manchee's insider trading case is almost a sideshow for ASIC, however. With Citigroupfacing a maximum potential penalty of just $1 million, the regulator seems far more interested in how the bank dealt with its own conflicts of interest.</p><p>The unspoken suggestion is that Citigroupshould have stopped Mr Manchee buying the shares and bidding up the cost of Toll's target. Accordingly, ASIC is seeking court orders requiring Citigroupto put adequate procedures in place for dealing with such conflicts. But Stephen Roberts, Citigroupchief of corporate and investment banking, defended his company's actions as standard industry practice.</p><p>''Citigrouphas well established procedures, consistent with industry standards, for prohibiting communications between those involved in advisory services and those engaged in proprietary trading activities,'' he said.</p></bodyText></nitf:body.content></nitf:body><metadata><dc:metadata xmlns:dc=\"http://purl.org/dc/elements/1.1/\"><dc:identifier identifierScheme=\"DOC-ID\">THEAUS-AUS0604012033043237</dc:identifier><dc:source sourceScheme=\"royaltyReportingKey\">THEAUSLTD</dc:source><dc:identifier identifierScheme=\"PGUID\">urn:contentItem:4JM6-SY70-TX5J-82FP-00000-00</dc:identifier><dc:source sourceScheme=\"productContentSetIdentifier\">244777</dc:source><dc:date dateType=\"last-updated\">2019-10-03</dc:date></dc:metadata><wordCount number=\"648\"/><publicationInfo><copyright>Copyright 2006 Nationwide News Pty Limited All Rights Reserved</copyright><publicationName>Weekend Australian</publicationName><edition>All-round First Edition</edition><publicationDate day=\"01\" month=\"04\" year=\"2006\"><dateText>April 1, 2006 Saturday</dateText></publicationDate><classification classificationScheme=\"publicationtype\"><classificationItem><className>Newspaper</className></classificationItem></classification><classification classificationScheme=\"publicationtype\"><classificationItem><className>Newspapers</className></classificationItem></classification></publicationInfo><classification classificationScheme=\"language\"><classificationItem classificationScheme=\"lang.english\"><className>ENGLISH</className></classificationItem></classification><classificationGroup classificationScheme=\"indexing-terms\"><classification classificationScheme=\"company\"><classificationItem score=\"92\"><classCode>CC0002275</classCode><className>CITIGROUP INC</className></classificationItem><classificationItem score=\"92\"><classCode>CC0006AJL</classCode><className>TOLL HOLDINGS LTD</className></classificationItem></classification><classification classificationScheme=\"industry\"><classificationItem score=\"92\"><className>NAICS523120 SECURITIES BROKERAGE</className></classificationItem><classificationItem score=\"92\"><className>NAICS522210 CREDIT CARD ISSUING</className></classificationItem><classificationItem score=\"92\"><className>NAICS522110 COMMERCIAL BANKING</className></classificationItem><classificationItem score=\"92\"><className>NAICS541614 PROCESS, PHYSICAL DISTRIBUTION &amp; LOGISTICS CONSULTING SERVICES</className></classificationItem><classificationItem score=\"92\"><className>NAICS488510 FREIGHT TRANSPORTATION ARRANGEMENT</className></classificationItem><classificationItem score=\"92\"><className>NAICS484110 GENERAL FREIGHT TRUCKING, LOCAL</className></classificationItem><classificationItem score=\"92\"><className>NAICS483111 DEEP SEA FREIGHT TRANSPORTATION</className></classificationItem><classificationItem score=\"92\"><className>SIC8742 MANAGEMENT CONSULTING SERVICES</className></classificationItem><classificationItem score=\"92\"><className>SIC4731 ARRANGEMENT OF TRANSPORTATION OF FREIGHT &amp; CARGO</className></classificationItem><classificationItem score=\"92\"><className>SIC4412 DEEP SEA FOREIGN TRANSPORTATION OF FREIGHT</className></classificationItem><classificationItem score=\"92\"><className>SIC4212 LOCAL TRUCKING WITHOUT STORAGE</className></classificationItem></classification><classification classificationScheme=\"ticker\"><classificationItem score=\"92\"><className>C (NYSE)</className></classificationItem><classificationItem score=\"92\"><className>C (BMV)</className></classificationItem><classificationItem score=\"92\"><className>8710 (TSE)</className></classificationItem></classification></classificationGroup><classificationGroup classificationScheme=\"indexing-terms\"><classification classificationScheme=\"legal\"><classificationItem><className>Securities Law</className><classCode>Z3VpZD11cm46dG9waWM6RkFFMTQ3ODhCRDYyNDkyN0IwQkEyQzRCRDlFMEM5ODc7cGFyZW50Z3VpZD0</classCode><classificationItem score=\"50\"><className>Penalties</className><classCode>Z3VpZD11cm46dG9waWM6NDkwQ0UyQkRDQzI5NDNGNTlCN0IyNTE5REYwOUM1OUY7cGFyZW50Z3VpZD11cm46dG9waWM6OEI5MDhDNzIzREUxNDczRjkyNDlDQUQ0NTY4REJBNzU</classCode></classificationItem></classificationItem></classification><classification classificationScheme=\"subject\"><classificationItem score=\"91\"><classCode>STX001976</classCode><className>SECURITIES &amp; OTHER INVESTMENTS</className><classCode/><className/></classificationItem><classificationItem score=\"90\"><classCode>N551112MM</classCode><className>HOLDING COMPANIES</className><classCode/><className/></classificationItem><classificationItem score=\"90\"><classCode>STX000924</classCode><className>INSIDER TRADING</className><classCode>Z3VpZD11cm46dG9waWM6OEI5MDhDNzIzREUxNDczRjkyNDlDQUQ0NTY4REJBNzU7cGFyZW50Z3VpZD11cm46dG9waWM6QzI0MUY3RDMxMTg0NDQxNzlGRTk4NTEzM0IyNDhFODQ</classCode><className>Insider Trading</className></classificationItem><classificationItem score=\"90\"><classCode>STX001040</classCode><className>LITIGATION</className><classCode/><className/></classificationItem><classificationItem score=\"90\"><classCode>ST000A0EC</classCode><className>MERGERS</className><classCode>Z3VpZD11cm46dG9waWM6MkZCODBEQTBEMjdDNDA1Njk5NDIxQjQ3MThGQ0MyMUM7cGFyZW50Z3VpZD11cm46dG9waWM6QjRDRTUzQzBCMEIyNDU5QkE4QjFDMEE2Qjg2MUZDOTk</classCode><className>Mergers</className></classificationItem><classificationItem score=\"90\"><classCode>ST0009QD4</classCode><className>NEGATIVE BUSINESS NEWS</className><classCode/><className/></classificationItem><classificationItem score=\"90\"><classCode>ST0009FJK</classCode><className>NEGATIVE PERSONAL NEWS</className><classCode/><className/></classificationItem><classificationItem score=\"90\"><classCode>STX001648</classCode><className>SUITS &amp; CLAIMS</className><classCode/><className/></classificationItem><classificationItem score=\"89\"><classCode>ST0009QS2</classCode><className>REPORTS, REVIEWS &amp; SECTIONS</className><classCode/><className/></classificationItem><classificationItem score=\"88\"><classCode>N523120MC</classCode><className>SECURITIES BROKERS</className><classCode/><className/></classificationItem><classificationItem score=\"79\"><classCode>ST000DMT1</classCode><className>PATENT COURTS</className><classCode/><className/></classificationItem><classificationItem score=\"78\"><classCode>N926150GC</classCode><className>BANKING &amp; FINANCE REGULATION</className><classCode/><className/></classificationItem><classificationItem score=\"78\"><classCode>STX000340</classCode><className>COMPANY EARNINGS</className><classCode/><className/></classificationItem><classificationItem score=\"78\"><classCode>ST000DLBG</classCode><className>CORPORATE FINANCE</className><classCode/><className/></classificationItem><classificationItem score=\"78\"><classCode>ST0008XJY</classCode><className>SALES &amp; SELLING</className><classCode/><className/></classificationItem><classificationItem score=\"78\"><classCode>N523110GM</classCode><className>SECURITIES TRADING</className><classCode/><className/></classificationItem><classificationItem score=\"78\"><classCode>STX001668</classCode><className>TAKEOVERS</className><classCode/><className/></classificationItem><classificationItem score=\"76\"><classCode>ST0009SFF</classCode><className>TRANSPORTATION SECTOR PERFORMANCE</className><classCode/><className/></classificationItem><classificationItem score=\"73\"><classCode>ST0008X6T</classCode><className>DERIVATIVE INSTRUMENTS</className><classCode/><className/></classificationItem><classificationItem score=\"72\"><classCode>STX000722</classCode><className>FINES &amp; PENALTIES</className><classCode/><className/></classificationItem><classificationItem score=\"70\"><classCode>N922110CC</classCode><className>LAW COURTS &amp; TRIBUNALS</className><classCode/><className/></classificationItem><classificationItem score=\"67\"><classCode>ST000971E</classCode><className>PRICE INCREASES</className><classCode/><className/></classificationItem><classificationItem score=\"53\"><classCode>ST000DMKX</classCode><className>BUSINESS REPORTS &amp; FORECASTS</className><classCode/><className/></classificationItem></classification><classification classificationScheme=\"industry\"><classificationItem score=\"92\"><classCode>N520000CC</classCode><className>BANKING &amp; FINANCE</className><classCode/><className/></classificationItem><classificationItem score=\"92\"><classCode>ST0009RX6</classCode><classCode/><className/></classificationItem><classificationItem score=\"91\"><classCode>STX001976</classCode><className>SECURITIES &amp; OTHER INVESTMENTS</className><classCode/><className/></classificationItem><classificationItem score=\"90\"><classCode>STX000373</classCode><className>CONSULTING SERVICES</className><classCode/><className/></classificationItem><classificationItem score=\"90\"><classCode>STX000924</classCode><className>INSIDER TRADING</className><classCode>Z3VpZD11cm46dG9waWM6OEI5MDhDNzIzREUxNDczRjkyNDlDQUQ0NTY4REJBNzU7cGFyZW50Z3VpZD11cm46dG9waWM6QzI0MUY3RDMxMTg0NDQxNzlGRTk4NTEzM0IyNDhFODQ</classCode><className>Insider Trading</className></classificationItem><classificationItem score=\"90\"><classCode>N484000CC</classCode><className>TRUCKING</className><classCode/><className/></classificationItem><classificationItem score=\"88\"><classCode>N523120MC</classCode><className>SECURITIES BROKERS</className><classCode/><className/></classificationItem><classificationItem score=\"78\"><classCode>N926150GC</classCode><className>BANKING &amp; FINANCE REGULATION</className><classCode/><className/></classificationItem><classificationItem score=\"78\"><classCode>N523110GM</classCode><className>SECURITIES TRADING</className><classCode/><className/></classificationItem><classificationItem score=\"77\"><classCode>STX000424</classCode><className>CREDIT CARDS</className><classCode/><className/></classificationItem><classificationItem score=\"76\"><classCode>N484100CC</classCode><className>GENERAL FREIGHT TRUCKING</className><classCode/><className/></classificationItem><classificationItem score=\"76\"><classCode>ST0009SFF</classCode><className>TRANSPORTATION SECTOR PERFORMANCE</className><classCode/><className/></classificationItem><classificationItem score=\"73\"><classCode>ST0008X6T</classCode><className>DERIVATIVE INSTRUMENTS</className><classCode/><className/></classificationItem><classificationItem score=\"71\"><classCode>STX000825</classCode><className>HARBORS &amp; PORTS</className><classCode/><className/></classificationItem><classificationItem score=\"70\"><classCode>N488320MM</classCode><className>MARINE CARGO HANDLING</className><classCode>Z3VpZD11cm46dG9waWM6NjQ4OUNEQThGNzA3NDgxNzhBMDQxQ0M2OUU0NzgzMUI7cGFyZW50Z3VpZD11cm46dG9waWM6Nzk2NTgyMDE4NDY2NDMzNEI0MTFGMjM0QzA2MzlBQTM</classCode><className>Discharge &amp; Loading</className></classificationItem><classificationItem score=\"67\"><classCode>ST000971E</classCode><className>PRICE INCREASES</className><classCode/><className/></classificationItem></classification></classificationGroup></metadata></articleDoc></content></entry>"}