{"prediction_class": "Regulatory Breaches Tax Evasion Smuggling of goods", "prediction_score": "0.99", "name": "Westpac", "title": "Regulator has the task ahead to prove swap rate rigging allegations", "published": "2016-06-09T00:00:00Z", "updated": "2020-11-15T20:16:12Z", "cleaned_article": "[TITLE] Regulator has the task ahead to prove swap rate rigging allegations [TITLE] \n\nIf two's company and three's a crowd, what do you call it when you add a fourth? We may soon find out because, after adding National Australia Bank to the list of major banks it has launched proceedings against, it appears almost inevitable that the Australian Securities & Investments Commission will soon add the Commonwealth Bank to the parties it alleges manipulated the bank bill swap rate (BBSW). Actually, the allegations go beyond the four majors, with ASIC having previously wrung enforceable undertakings, and modest \"voluntary contributions\" to financial literacy projects, from UBS, BNP Paribas and the Royal Bank of Scotland after investigations into misconduct involving the BBSW. If CBA does join NAB, ANZ and Westpac in courtroom battles with ASIC, effectively the commission would be alleging that half the 14-member panel of banks and investment banks that set the key interest rate benchmark between 2010 and 2012 were involved in market manipulation and unconscionable conduct. The three majors targeted so far have rejected the allegations and sworn to vigorously defend themselves in what looks destined to be, given the stakes involved, a multi-year battle that end up in the High Court. Between them the major banks have already spent the best part of $100 million co-operating with ASIC by trawling through millions of chat messages between their traders and ASIC itself would have spent a substantial sum on the investigation, with millions more to come as the cases wind their way through the courts. [...] \n\nASIC has ruled out any suggestion of collusion among the banks, unlike the Libor-rigging scandal in Britain. In other words, it is saying that each of the banks, acting independently, sought to manipulate the rate to maximise their profits or minimise their losses. The distinction between \"manipulation\" and intelligent trading may be quite fine. If it were just one bank the case might be far more straightforward. Instead ASIC is saying that the banks without colluding, were individually manipulating the BBSW between March 2010 and May 2012. In its Federal Court filings, it actually nominates two dates in 2010 where two banks - NAB and ANZ in one instance, and Westpac and ANZ in another - were, without colluding, allegedly unlawfully manipulating the rate on the same day. It is obvious from the often crude and bombastic \"chats\" among the bank traders that ASIC has cited as evidence of the manipulation that the traders saw themselves as combating their peers at rival banks to achieve their desired rate outcomes. If everyone in a market - and the BBSW rate-set involves only a limited number of large and sophisticated players - is trying to maximise profits and minimise losses in what is essentially a zero sum game, is that manipulation or the normal way a market works? You'd hardly expect traders to be directed and rewarded to maximise their losses.", "raw_cleaned_article": "<h2>Regulator has the task ahead to prove swap rate rigging allegations</h2><p>If two's company and three's a crowd, what do you call it when you add a fourth? We may soon find out because, after adding National Australia Bank to the list of major banks it has launched proceedings against, it appears almost inevitable that the Australian Securities & Investments Commission will soon add the Commonwealth Bank to the parties it alleges manipulated the bank bill swap rate (BBSW). Actually, the allegations go beyond the four majors, with ASIC having previously wrung enforceable undertakings, and modest \"voluntary contributions\" to financial literacy projects, from UBS, BNP Paribas and the Royal Bank of Scotland after investigations into misconduct involving the BBSW. <b>If CBA does join NAB, ANZ and Westpac in courtroom battles with ASIC, effectively the commission would be alleging that half the 14-member panel of banks and investment banks that set the key interest rate benchmark between 2010 and 2012 were involved in market manipulation and unconscionable conduct.</b> The three majors targeted so far have rejected the allegations and sworn to vigorously defend themselves in what looks destined to be, given the stakes involved, a multi-year battle that end up in the High Court. Between them the major banks have already spent the best part of $100 million co-operating with ASIC by trawling through millions of chat messages between their traders and ASIC itself would have spent a substantial sum on the investigation, with millions more to come as the cases wind their way through the courts.</p><p>[...]</p><p>ASIC has ruled out any suggestion of collusion among the banks, unlike the Libor-rigging scandal in Britain. In other words, it is saying that each of the banks, acting independently, sought to manipulate the rate to maximise their profits or minimise their losses. The distinction between \"manipulation\" and intelligent trading may be quite fine. If it were just one bank the case might be far more straightforward. Instead ASIC is saying that the banks without colluding, were individually manipulating the BBSW between March 2010 and May 2012. <b>In its Federal Court filings, it actually nominates two dates in 2010 where two banks - NAB and ANZ in one instance, and Westpac and ANZ in another - were, without colluding, allegedly unlawfully manipulating the rate on the same day.</b> It is obvious from the often crude and bombastic \"chats\" among the bank traders that ASIC has cited as evidence of the manipulation that the traders saw themselves as combating their peers at rival banks to achieve their desired rate outcomes. If everyone in a market - and the BBSW rate-set involves only a limited number of large and sophisticated players - is trying to maximise profits and minimise losses in what is essentially a zero sum game, is that manipulation or the normal way a market works? You'd hardly expect traders to be directed and rewarded to maximise their losses.</p>", "original_content": "<entry xmlns=\"http://www.w3.org/2005/Atom\"><id>urn:contentItem:5JYP-05X1-JD3N-5074-00000-00</id><title>Regulator has the task ahead to prove swap rate rigging allegations</title><published>2016-06-09T00:00:00Z</published><updated>2020-11-15T20:16:12Z</updated><author><name>LexisNexis</name></author><content type=\"application/xml\"><!--Transformation version 1.23--><articleDoc xmlns=\"\" xmlns:xsi=\"http://www.w3.org/2001/XMLSchema-instance\" xsi:noNamespaceSchemaLocation=\"http://www.lexisnexis.com/xmlschemas/content/public/articledoc/1/\" schemaVersion=\"1.8\" xml:lang=\"en\"><articleDocHead><itemInfo><sourceSectionInfo><positionSection>BUSINESS</positionSection><positionSequence>Pg. 33</positionSequence></sourceSectionInfo></itemInfo></articleDocHead><nitf:body xmlns:nitf=\"http://iptc.org/std/NITF/2006-10-18/\"><nitf:body.head><nitf:hedline><nitf:hl1>Regulator has the task ahead to prove swap rate rigging allegations</nitf:hl1></nitf:hedline><nitf:byline><author><person><nameText>Stephen Bartholomeusz</nameText></person></author></nitf:byline></nitf:body.head><nitf:body.content><bodyText><p nitf:lede=\"true\">If two's company and three's a crowd, what do you call it when you add a fourth? We may soon find out because, after adding National Australia Bank to the list of major banks it has launched proceedings against, it appears almost inevitable that the Australian Securities &amp; Investments Commission will soon add the Commonwealth Bank to the parties it alleges manipulated the bank bill swap rate (BBSW).</p><p nitf:lede=\"true\">Actually, the allegations go beyond the four majors, with ASIC having previously wrung enforceable undertakings, and modest \"voluntary contributions\" to financial literacy projects, from UBS, BNP Paribas and the Royal Bank of Scotland after investigations into misconduct involving the BBSW.</p><p>If CBA does join NAB, ANZ and Westpac in courtroom battles with ASIC, effectively the commission would be alleging that half the 14-member panel of banks and investment banks that set the key interest rate benchmark between 2010 and 2012 were involved in market manipulation and unconscionable conduct.</p><p>The three majors targeted so far have rejected the allegations and sworn to vigorously defend themselves in what looks destined to be, given the stakes involved, a multi-year battle that end up in the High Court.</p><p>Between them the major banks have already spent the best part of $100 million co-operating with ASIC by trawling through millions of chat messages between their traders and ASIC itself would have spent a substantial sum on the investigation, with millions more to come as the cases wind their way through the courts.</p><p>While Bill Shorten has cynically seized on the actions as evidence of the need for his politically driven call for a royal commission into the banks, the allegations remain allegations, not findings, and courts will eventually produce a definitive outcome rather than the recommendations of a royal commission.</p><p>The actions against three of the majors, with perhaps CBA to come, along with the enforceable undertakings from the three international banks, create some real complexity to the core of the cases ASIC intends to mount.</p><p>In effect, ASIC is arguing that half the panel that set the BBSW within a small five-minute window each morning in the period before the rate-setting process was changed in 2013 was actively manipulating the rate to their individual advantage.</p><p>The intention of each of the banks, ASIC says in the announcement of the action against NAB, was to seek to \"maximise its profit or minimise its loss to the detriment of those holding opposite positions\".</p><p>ASIC has ruled out any suggestion of collusion among the banks, unlike the Libor-rigging scandal in Britain. In other words, it is saying that each of the banks, acting independently, sought to manipulate the rate to maximise their profits or minimise their losses. The distinction between \"manipulation\" and intelligent trading may be quite fine.</p><p>If it were just one bank the case might be far more straightforward. Instead ASIC is saying that the banks without colluding, were individually manipulating the BBSW between March 2010 and May 2012.</p><p>In its Federal Court filings, it actually nominates two dates in 2010 where two banks - NAB and ANZ in one instance, and Westpac and ANZ in another - were, without colluding, allegedly unlawfully manipulating the rate on the same day.</p><p>It is obvious from the often crude and bombastic \"chats\" among the bank traders that ASIC has cited as evidence of the manipulation that the traders saw themselves as combating their peers at rival banks to achieve their desired rate outcomes.</p><p>If everyone in a market - and the BBSW rate-set involves only a limited number of large and sophisticated players - is trying to maximise profits and minimise losses in what is essentially a zero sum game, is that manipulation or the normal way a market works? You'd hardly expect traders to be directed and rewarded to maximise their losses.</p><p>The conclusion of the courts as to what constitutes \"normal\" robust and competitive behaviour and as to the key intentions of the traders may have implications well beyond the BBSW market.</p><p>ASIC's attitude towards bringing the cases may well have been emboldened by a 2013 High Court ruling on how the section of the Corporations Act that deals with market manipulation should be interpreted.</p><p>The core of the ruling was that the Act prohibits transactions that are likely to have the effect of setting an artificial price for securities if the buyer or seller undertook the transaction with the sole or dominant purpose of setting or maintaining the price at a particular level - there needs to be intentional conduct that results in a price that doesn't reflect genuine supply and demand.</p><p>That case involved the buying of shares in a company at a price that was designed to prevent the closing price falling below the trigger point for a margin call, so the purpose seemed pretty clear. The ruling was viewed as a widening of the court's interpretation of the market manipulation provisions and a lowering of the bar for ASIC prosecutions.</p><p>In the BBSW cases, was the sole or dominant purpose of the traders to create an artificial price, or to produce the best outcome for their banks within the context of the normal forces of supply and demand within a market peopled by sophisticated players?</p><p>It's a somewhat blurry line and complicated by the reality that banks have funding requirements, risk management requirements and trading activities and operate both in the physical and derivate markets to manage their exposures. The BBSW market is key to both their short-term funding requirements and their management of risk.Whatever the outcomes, these are not simple or straightforward cases and the outcomes can't be prejudged - nor the banks effectively labelled guilty - by cynical politicians seeking cheap votes by bashing institutions whose stability is fundamental to that of the -financial system and economy.</p></bodyText></nitf:body.content></nitf:body><metadata><dc:metadata xmlns:dc=\"http://purl.org/dc/elements/1.1/\"><dc:identifier identifierScheme=\"DOC-ID\">THEAUS-The Australian20160609Australian33000154970242</dc:identifier><dc:source sourceScheme=\"royaltyReportingKey\">THEAUS2016</dc:source><dc:identifier identifierScheme=\"PGUID\">urn:contentItem:5JYP-05X1-JD3N-5074-00000-00</dc:identifier><dc:source sourceScheme=\"productContentSetIdentifier\">244777</dc:source><dc:date dateType=\"last-updated\">2018-10-17</dc:date></dc:metadata><wordCount number=\"979\"/><publicationInfo><copyright>Copyright 2016 Nationwide News Pty Limited All Rights Reserved</copyright><publicationName>The Australian</publicationName><edition>Australian Edition</edition><publicationDate day=\"09\" month=\"06\" year=\"2016\"><dateText>June 9, 2016 Thursday</dateText></publicationDate><classification classificationScheme=\"publicationtype\"><classificationItem><className>Newspaper</className></classificationItem></classification><classification classificationScheme=\"publicationtype\"><classificationItem><className>Newspapers</className></classificationItem></classification></publicationInfo><classification classificationScheme=\"language\"><classificationItem classificationScheme=\"lang.english\"><className>ENGLISH</className></classificationItem></classification><classificationGroup classificationScheme=\"indexing-terms\"><classification classificationScheme=\"company\"><classificationItem score=\"92\"><classCode>CC0001V19</classCode><className>NATIONAL AUSTRALIA BANK LTD</className></classificationItem><classificationItem score=\"71\"><classCode>CC000208F</classCode><className>ROYAL BANK OF SCOTLAND GROUP PLC</className></classificationItem><classificationItem score=\"58\"><classCode>CC0002M0M</classCode><className>BNP PARIBAS SA</className></classificationItem></classification><classification classificationScheme=\"industry\"><classificationItem score=\"92\"><className>NAICS522110 COMMERCIAL BANKING</className></classificationItem><classificationItem score=\"92\"><className>SIC6081 BRANCHES &amp; AGENCIES OF FOREIGN BANKS</className></classificationItem><classificationItem score=\"92\"><className>NAICS522293 INTERNATIONAL TRADE FINANCING</className></classificationItem><classificationItem score=\"92\"><className>NAICS522120 SAVINGS INSTITUTIONS</className></classificationItem><classificationItem score=\"92\"><className>SIC6082 FOREIGN TRADE &amp; INTERNATIONAL BANKING INSTITUTIONS</className></classificationItem><classificationItem score=\"71\"><className>NAICS551111 OFFICES OF BANK HOLDING COMPANIES</className></classificationItem><classificationItem score=\"58\"><className>NAICS523920 PORTFOLIO MANAGEMENT</className></classificationItem><classificationItem score=\"58\"><className>NAICS523110 INVESTMENT BANKING &amp; SECURITIES DEALING</className></classificationItem><classificationItem score=\"58\"><className>SIC6282 INVESTMENT ADVICE</className></classificationItem><classificationItem score=\"58\"><className>SIC6211 SECURITY BROKERS, DEALERS, &amp; FLOTATION COMPANIES</className></classificationItem></classification><classification classificationScheme=\"ticker\"><classificationItem score=\"92\"><className>NAB (ASX)</className></classificationItem><classificationItem score=\"71\"><className>RBS (NYSE)</className></classificationItem><classificationItem score=\"71\"><className>RBS (LSE)</className></classificationItem><classificationItem score=\"58\"><className>BNP (PAR)</className></classificationItem><classificationItem score=\"58\"><className>BNP (BIT)</className></classificationItem></classification></classificationGroup><classificationGroup classificationScheme=\"indexing-terms\"><classification classificationScheme=\"subject\"><classificationItem score=\"91\"><classCode>STX001976</classCode><className>SECURITIES &amp; OTHER INVESTMENTS</className><classCode/><className/></classificationItem><classificationItem score=\"90\"><classCode>N551112MM</classCode><className>HOLDING COMPANIES</className><classCode/><className/></classificationItem><classificationItem score=\"90\"><classCode>STX000951</classCode><className>INTERNATIONAL TRADE</className><classCode/><className/></classificationItem><classificationItem score=\"90\"><classCode>N522293CC</classCode><className>INTERNATIONAL TRADE FINANCING</className><classCode/><className/></classificationItem><classificationItem score=\"90\"><classCode>STX000969</classCode><className>INVESTIGATIONS</className><classCode/><className/></classificationItem><classificationItem score=\"90\"><classCode>N523930MC</classCode><className>INVESTMENT ADVISERS</className><classCode>Z3VpZD11cm46dG9waWM6ODQ2M0Q5NUExRUZENEY2NDkzMzlDMDVFNjFCNTY3MTQ7cGFyZW50Z3VpZD11cm46dG9waWM6RkFFMTQ3ODhCRDYyNDkyN0IwQkEyQzRCRDlFMEM5ODc</classCode><className>Investment Advisers</className></classificationItem><classificationItem score=\"90\"><classCode>ST000DLZ7</classCode><className>MARKET MANIPULATION</className><classCode/><className/></classificationItem><classificationItem score=\"90\"><classCode>ST0009FJK</classCode><className>NEGATIVE PERSONAL NEWS</className><classCode/><className/></classificationItem><classificationItem score=\"90\"><classCode>STX001209</classCode><className>NEW ISSUES</className><classCode/><className/></classificationItem><classificationItem score=\"90\"><classCode>STX001661</classCode><className>SWAP TRANSACTIONS</className><classCode/><className/></classificationItem><classificationItem score=\"89\"><classCode>STX000943</classCode><className>INTEREST RATES</className><classCode/><className/></classificationItem><classificationItem score=\"89\"><classCode>N922110CC</classCode><className>LAW COURTS &amp; TRIBUNALS</className><classCode/><className/></classificationItem><classificationItem score=\"89\"><classCode>STX001149</classCode><className>MISCONDUCT</className><classCode/><className/></classificationItem><classificationItem score=\"79\"><classCode>ST000DMT1</classCode><className>PATENT COURTS</className><classCode/><className/></classificationItem><classificationItem score=\"77\"><classCode>STX000759</classCode><className>FRAUD &amp; FINANCIAL CRIME</className><classCode/><className/></classificationItem><classificationItem score=\"77\"><classCode>N523920MM</classCode><className>INVESTMENT MANAGEMENT</className><classCode/><className/></classificationItem><classificationItem score=\"77\"><classCode>ST0009UQC</classCode><className>LONDON INTERBANK OFFERED RATES</className><classCode/><className/></classificationItem><classificationItem score=\"72\"><classCode>ST000CTIZ</classCode><className>SCANDALS</className><classCode/><className/></classificationItem></classification><classification classificationScheme=\"industry\"><classificationItem score=\"92\"><classCode>N520000CC</classCode><className>BANKING &amp; FINANCE</className><classCode/><className/></classificationItem><classificationItem score=\"92\"><classCode>ST0009RX6</classCode><classCode/><className/></classificationItem><classificationItem score=\"91\"><classCode>STX001976</classCode><className>SECURITIES &amp; OTHER INVESTMENTS</className><classCode/><className/></classificationItem><classificationItem score=\"90\"><classCode>N522293CC</classCode><className>INTERNATIONAL TRADE FINANCING</className><classCode/><className/></classificationItem><classificationItem score=\"90\"><classCode>N523930MC</classCode><className>INVESTMENT ADVISERS</className><classCode>Z3VpZD11cm46dG9waWM6ODQ2M0Q5NUExRUZENEY2NDkzMzlDMDVFNjFCNTY3MTQ7cGFyZW50Z3VpZD11cm46dG9waWM6RkFFMTQ3ODhCRDYyNDkyN0IwQkEyQzRCRDlFMEM5ODc</classCode><className>Investment Advisers</className></classificationItem><classificationItem score=\"90\"><classCode>ST000DLZ7</classCode><className>MARKET MANIPULATION</className><classCode/><className/></classificationItem><classificationItem score=\"90\"><classCode>STX001209</classCode><className>NEW ISSUES</className><classCode/><className/></classificationItem><classificationItem score=\"90\"><classCode>N522120FM</classCode><className>SAVINGS &amp; LOANS</className><classCode/><className/></classificationItem><classificationItem score=\"90\"><classCode>STX001661</classCode><className>SWAP TRANSACTIONS</className><classCode/><className/></classificationItem><classificationItem score=\"89\"><classCode>STX000943</classCode><className>INTEREST RATES</className><classCode/><className/></classificationItem><classificationItem score=\"77\"><classCode>N523920MM</classCode><className>INVESTMENT MANAGEMENT</className><classCode/><className/></classificationItem><classificationItem score=\"77\"><classCode>ST0009UQC</classCode><className>LONDON INTERBANK OFFERED RATES</className><classCode/><className/></classificationItem></classification><classification classificationScheme=\"country\"><classificationItem score=\"94\"><classCode>GC301</classCode><className>AUSTRALIA</className><classCode/><className/></classificationItem><classificationItem score=\"73\"><classCode>GC329</classCode><className>UNITED KINGDOM</className><classCode/><className/></classificationItem></classification></classificationGroup></metadata></articleDoc></content></entry>"}