{"prediction_class": "Regulatory Breaches Tax Evasion Smuggling of goods", "prediction_score": "0.92", "name": "Westpac", "title": "Westpac engaged in unconscionable conduct but failed to rig BBSW interest rate, court finds", "published": "2018-05-24T00:00:00Z", "updated": "2020-11-15T19:32:22Z", "cleaned_article": "[TITLE] Westpac engaged in unconscionable conduct but failed to rig BBSW interest rate, court finds [TITLE] \n\nHowever, Justice Jonathan Beach found the Australian Securities and Investments Commission had not made out its case against Westpac for breaching the Corporations Act provisions against market manipulation or market rigging. [...] \n\n\"At the moment, particularly with the level of scrutiny resulting from the banking royal commission and the resulting focus on ASIC's scrutiny in this area, I don't think either of them have come out as true winners from today,\" she told the ABC. \"The difficulty there is essentially one of proof and one of satisfying the very difficult legal tests, and that is where ASIC was unsuccessful.\" While a maximum fine of $3.3 million looks like Westpac got off lightly, it could still be forced to pay ASIC's legal costs and the costs of the investigation. Those costs are yet to be determined, but in the ANZ and NAB cases, investigation costs amounted to around $20 million.", "raw_cleaned_article": "<h2>Westpac engaged in unconscionable conduct but failed to rig BBSW interest rate, court finds</h2><p><b>However, Justice Jonathan Beach found the Australian Securities and Investments Commission had not made out its case against Westpac for breaching the Corporations Act provisions against market manipulation or market rigging.</b></p><p>[...]</p><p>\"At the moment, particularly with the level of scrutiny resulting from the banking royal commission and the resulting focus on ASIC's scrutiny in this area, I don't think either of them have come out as true winners from today,\" she told the ABC. \"The difficulty there is essentially one of proof and one of satisfying the very difficult legal tests, and that is where ASIC was unsuccessful.\" <b>While a maximum fine of $3.3 million looks like Westpac got off lightly, it could still be forced to pay ASIC's legal costs and the costs of the investigation.</b> Those costs are yet to be determined, but in the ANZ and NAB cases, investigation costs amounted to around $20 million.</p>", "original_content": "<entry xmlns=\"http://www.w3.org/2005/Atom\"><id>urn:contentItem:5SD2-V181-JCM0-64X8-00000-00</id><title>Westpac engaged in unconscionable conduct but failed to rig BBSW interest rate, court finds</title><published>2018-05-24T00:00:00Z</published><updated>2020-11-15T19:32:22Z</updated><author><name>LexisNexis</name></author><content type=\"application/xml\"><!--Transformation version 1.23--><articleDoc xmlns=\"\" xmlns:xsi=\"http://www.w3.org/2001/XMLSchema-instance\" xsi:noNamespaceSchemaLocation=\"http://www.lexisnexis.com/xmlschemas/content/public/articledoc/1/\" schemaVersion=\"1.8\" xml:lang=\"en\"><articleDocHead><itemInfo/></articleDocHead><nitf:body xmlns:nitf=\"http://iptc.org/std/NITF/2006-10-18/\"><nitf:body.head><nitf:hedline><nitf:hl1>Westpac engaged in unconscionable conduct but failed to rig BBSW interest rate, court finds</nitf:hl1></nitf:hedline><nitf:byline><author><person><nameText>By business reporters Stephen Letts and Michael Janda</nameText></person></author></nitf:byline></nitf:body.head><nitf:body.content><bodyText><p nitf:lede=\"true\">Despite being found to have acted unconscionably, Westpac has scored a number of legal victories after splitting from the other big banks and defending ASIC's accusations of rate rigging.</p><p nitf:lede=\"true\">The Federal Court found Westpac had engaged in unconscionable conduct and breached the ASIC Act by attempting to manipulate the bank bill swap rate (BBSW) on four separate occasions.</p><p nitf:lede=\"true\">The court also found Westpac had breached its financial services licensee obligations through inadequate procedures and training for its traders.</p><p>However, Justice Jonathan Beach found the Australian Securities and Investments Commission had not made out its case against Westpac for breaching the Corporations Act provisions against market manipulation or market rigging.</p><p>Justice Beach said, while Westpac traded with the dominant purpose of influencing the BBSW on four occasions in 2010, ASIC did not prove these were contraventions of the Corporations Act.</p><p>\"I am not satisfied that the holding of the relevant dominant purpose on the said four occasions, together with the other evidence, establishes the effect or likely effect of creating or maintaining an artificial price for or under such derivative instruments,\" Justice Beach wrote in his judgment.</p><p>\"I likewise do not consider that establishing such a purpose for trading in Prime Bank Bills establishes a false or misleading appearance with respect to the market[s] in or price for trading of such derivative instruments.\"</p><p>In other words, Westpac attempted to influence the BBSW but did not succeed.</p><p>The BBSW is the key benchmark interest rate in Australian financial markets, set daily by a panel of banks and used to price billions of dollars worth of financial products from complicated financial derivatives through to home loans and credit card rates.</p><p>ASIC welcomes judgement</p><p>Justice Beach noted many of the internal bank communications ASIC based its case on were open to competing interpretations and ASIC bears the onus of proof given the gravity of the allegations.</p><p>\"Accordingly, where there has been uncertainty as to what was said or what was meant or conveyed after considering the context and all relevant circumstances, I have resolved that uncertainty in Westpac's favour,\" he explained.</p><p>In its initial reaction, ASIC said it welcomed the judgment.</p><p>\"This is a very significant and positive outcome for the integrity of Australia's financial markets,\" the regulator noted.</p><p>However, corporate law expert Associate Professor Juliette Overland from the University of Sydney Business School said both parties had wins and losses.</p><p>\"At the moment, particularly with the level of scrutiny resulting from the banking royal commission and the resulting focus on ASIC's scrutiny in this area, I don't think either of them have come out as true winners from today,\" she told the ABC.</p><p>\"The difficulty there is essentially one of proof and one of satisfying the very difficult legal tests, and that is where ASIC was unsuccessful.\"</p><p>Unlike its commercial rivals, Westpac took the gamble of defending the rate rigging case in court.</p><p>NAB and ANZ settled with ASIC for $50 million late last year, while <url normalizedValue=\"http://www.abc.net.au/news/2018-05-09/cba-and-asic-to-settle-rate-rigging-case/9742152\">CBA - facing fewer charges - settled for $25 million</url> earlier this month.</p><p>In approving the NAB and ANZ settlement, Federal Court judge Jayne Jagot said the public would be <url normalizedValue=\"/news/2017-11-10/anz-nab-agree-to-$100m-settlement-of-swap-rate-fixing-case/9138796\">\"shocked, dismayed and disgusted\"</url> by the behaviour of the banks.</p><p>\"NAB and ANZ have admitted to manipulating the bank bill swap rate to their advantage and the disadvantage of others and thereby admitted to unconscionable conduct,\" Justice Jagot told the banks.</p><p>Westpac waiting on the bill</p><p>Whether Westpac's go-it-alone stance is vindicated may be known within the next two weeks when the hearing will resume and any penalties arising will be considered.</p><p>The maximum penalty for three of the four counts of unconscionable conduct is $1.1 million.</p><p>One count occurred in the days when there was no penalty for unconscionable conduct.</p><p>While a maximum fine of $3.3 million looks like Westpac got off lightly, it could still be forced to pay ASIC's legal costs and the costs of the investigation.</p><p>Those costs are yet to be determined, but in the ANZ and NAB cases, investigation costs amounted to around $20 million.</p><p>While Westpac faced fewer charges, lessening investigation costs, the legal bill will be substantially higher than those paid by the other banks which settled on the steps of the court.</p><p>Justice Beach reserved making an order on costs until the hearing resumes.</p><p>However, Associate Professor Overland is anticipating a negotiated penalty settlement.</p><p>\"Given the current environment, once again because of the banking royal commission and scrutiny over ASIC's performance ... it would be in both parties interests if they can agree on a negotiated settlement to put before the court for approval,\" she said.</p><p>\"I would be expecting that we would be unlikely to see an appeal here ... I would expect that both would like to claim this and continue to claim this as a win.\"</p><p>In a brief statement, Westpac said it was, \"Committed to working with regulators in a constructive manner including when we have a genuine difference of opinion.\"</p><p>\"When that occurs our aim is to resolve the difference in an open, transparent and respectful way.\"</p><p>New penalties too late hit the banks</p><p>ASIC's pursuit of the big banks and the difficulty in pursuing charges of market manipulation has caused a major rewriting of the law.</p><p>Privately, ASIC makes the point the case was always about proving misconduct by one of Australia's largest financial institutions, rather than the impact of any rate rigging.</p><p>The manipulation of interest-rate benchmarks and the impact on prices was always inherently more difficult to prove than more straightforward manipulation of such things as front-running and insider trading on the stock exchange.</p><p>However, new laws passed last month significantly lower the hurdles ASIC will have to clear to prove future cases.</p><p>The penalties that can be imposed are significantly harsher.</p><p>The maximum fine will now be $8 million with an additional impost of three times benefit gained from the manipulation.</p><p>If that can't be worked out, a penalty of 10 per cent of annual turnover could be levied, which in Westpac's case could have been in the order of $2 billion.</p></bodyText></nitf:body.content></nitf:body><metadata><dc:metadata xmlns:dc=\"http://purl.org/dc/elements/1.1/\"><dc:identifier identifierScheme=\"DOC-ID\">ABCPNW-9794944</dc:identifier><dc:source sourceScheme=\"royaltyReportingKey\">ABCPNW2018</dc:source><dc:identifier identifierScheme=\"PGUID\">urn:contentItem:5SD2-V181-JCM0-64X8-00000-00</dc:identifier><dc:source sourceScheme=\"productContentSetIdentifier\">300224</dc:source><dc:date dateType=\"last-updated\">2018-05-25</dc:date></dc:metadata><wordCount number=\"1038\"/><timeReceived>10:59 AM AEST</timeReceived><publicationInfo><copyright>Copyright 2018 Australian Broadcasting Corporation All Rights Reserved</copyright><publicationName>ABC Premium News (Australia)</publicationName><publicationLogo><logo><inlineObject><locator><locatorKey><keyName name=\"object-key\"/><keyValue value=\"37478\"/></locatorKey><locatorParameters><parameter name=\"object-type\" value=\"201\"/><parameter name=\"object-smi\" value=\"LOGOS\"/><parameter name=\"componentseq\" value=\"1\"/></locatorParameters></locator></inlineObject></logo></publicationLogo><publicationDate day=\"24\" month=\"05\" year=\"2018\"><dateText>May 24, 2018 Thursday</dateText></publicationDate><classification classificationScheme=\"publicationtype\"><classificationItem><className>Newswire</className></classificationItem></classification><classification classificationScheme=\"publicationtype\"><classificationItem><className>Newswires &amp; Press Releases</className></classificationItem></classification></publicationInfo><classification classificationScheme=\"language\"><classificationItem classificationScheme=\"lang.english\"><className>ENGLISH</className></classificationItem></classification><classificationGroup classificationScheme=\"licensor.indexing-terms\"><classification classificationScheme=\"licensor.country\"><classificationItem><className>Australia</className></classificationItem></classification><classification classificationScheme=\"licensor.subject\"><classificationItem><className>Business, Economics and Finance:Company News</className></classificationItem><classificationItem><className>Business, Economics and Finance/Industry/Banking</className></classificationItem><classificationItem><className>Law, Crime and Justice/Corruption/Collusion</className></classificationItem></classification></classificationGroup><classificationGroup classificationScheme=\"indexing-terms\"><classification classificationScheme=\"subject\"><classificationItem score=\"92\"><classCode>ST000DLZ7</classCode><className>MARKET MANIPULATION</className><classCode/><className/></classificationItem><classificationItem score=\"90\"><classCode>STX001883</classCode><className>DECISIONS &amp; RULINGS</className><classCode/><className/></classificationItem><classificationItem score=\"90\"><classCode>ST0008X6T</classCode><className>DERIVATIVE INSTRUMENTS</className><classCode/><className/></classificationItem><classificationItem score=\"78\"><classCode>N926150GC</classCode><className>BANKING &amp; FINANCE REGULATION</className><classCode/><className/></classificationItem><classificationItem score=\"77\"><classCode>N922110CC</classCode><className>LAW COURTS &amp; TRIBUNALS</className><classCode/><className/></classificationItem><classificationItem score=\"77\"><classCode>STX000943</classCode><className>INTEREST RATES</className><classCode/><className/></classificationItem><classificationItem score=\"77\"><classCode>STX001661</classCode><className>SWAP TRANSACTIONS</className><classCode/><className/></classificationItem><classificationItem score=\"75\"><classCode>ST000DD8C</classCode><className>BUSINESS &amp; CORPORATE ENTITIES LAW</className><classCode>Z3VpZD11cm46dG9waWM6QjA4OEVGODBENzY4NDcxM0IyQzA1OTEwQzVDODRBOUE7cGFyZW50Z3VpZD11cm46dG9waWM6MUFEMUQ2QTA1OUZCNEE5RjkzNTA2RERFMUNEOTk1RTI</classCode><className>Businesses &amp; Corporations</className></classificationItem><classificationItem score=\"73\"><classCode>STX001149</classCode><className>MISCONDUCT</className><classCode/><className/></classificationItem><classificationItem score=\"72\"><classCode>ST000DANR</classCode><className>FALSE STATEMENTS</className><classCode/><className/></classificationItem><classificationItem score=\"71\"><classCode>ST000A1SO</classCode><className>BUSINESS EDUCATION</className><classCode/><className/></classificationItem><classificationItem score=\"60\"><classCode>ST0009JY5</classCode><className>COLLEGE &amp; UNIVERSITY PROFESSORS</className><classCode/><className/></classificationItem></classification><classification classificationScheme=\"industry\"><classificationItem score=\"92\"><classCode>ST000DLZ7</classCode><className>MARKET MANIPULATION</className><classCode/><className/></classificationItem><classificationItem score=\"90\"><classCode>ST0008X6T</classCode><className>DERIVATIVE INSTRUMENTS</className><classCode/><className/></classificationItem><classificationItem score=\"90\"><classCode>ST0009RX6</classCode><classCode/><className/></classificationItem><classificationItem score=\"90\"><classCode>N520000CC</classCode><className>BANKING &amp; FINANCE</className><classCode/><className/></classificationItem><classificationItem score=\"78\"><classCode>N926150GC</classCode><className>BANKING &amp; FINANCE REGULATION</className><classCode/><className/></classificationItem><classificationItem score=\"78\"><classCode>N522292GC</classCode><className>MORTGAGE BANKING &amp; FINANCE</className><classCode/><className/></classificationItem><classificationItem score=\"77\"><classCode>STX000943</classCode><className>INTEREST RATES</className><classCode/><className/></classificationItem><classificationItem score=\"77\"><classCode>STX001661</classCode><className>SWAP TRANSACTIONS</className><classCode/><className/></classificationItem><classificationItem score=\"64\"><classCode>STX000424</classCode><className>CREDIT CARDS</className><classCode/><className/></classificationItem><classificationItem score=\"60\"><classCode>ST0009JY5</classCode><className>COLLEGE &amp; UNIVERSITY PROFESSORS</className><classCode/><className/></classificationItem></classification><classification classificationScheme=\"city\"><classificationItem score=\"79\"><classCode>GX014</classCode><className>SYDNEY, AUSTRALIA</className><classCode/><className/></classificationItem></classification><classification classificationScheme=\"country\"><classificationItem score=\"93\"><classCode>GC301</classCode><className>AUSTRALIA</className><classCode/><className/></classificationItem></classification></classificationGroup></metadata></articleDoc></content></entry>"}