{"prediction_class": "Money laundering", "prediction_score": "0.99", "name": "Westpac", "title": "$1bn scandal hits Westpac", "published": "2019-11-21T00:00:00Z", "updated": "2020-11-15T20:16:11Z", "cleaned_article": "[TITLE] $1bn scandal hits Westpac [TITLE] \n\nWestpac chief Brian Hartzer is fighting to stay in the top job after the financial crimes regulator hit the bank with legal -action, -including explosive allegations linked to child exploitation in The Philippines, that could trigger penalties topping $1bn.In the latest in a string of bank scandals, anti-money-laundering and counter-terrorism financing regulator Austrac launched action against Westpac on Wednesday over 23 million alleged breaches of the law. The bank came in for heavy criticism from Scott Morrison, who said he was \"absolutely -appalled\" by the allegations. The Austrac court documents accused the bank of \"systemic failures\" for not properly monitoring and reporting international funds transfers and transactions, some of which related to child exploitation.Austrac also took aim at the \"indifference by senior management\" at Westpac and \"inadequate oversight by the board\".The action against Westpac follows the Commonwealth Bank paying a record $700m fine last year to settle an Austrac case after it contravened the law 53,750 times. That action contributed to the downfall of former CBA boss Ian Narev. National Australia Bank is also under investigation by Austrac after the bank disclosed a number of breaches of anti-money-laundering and counter-terrorism financing laws.The Prime Minister on Wednesday reiterated his calls for the banking sector to fix its processes and procedures. \"They have just got to lift their game on this stuff,\" Mr Morrison said. \"It is a fairly damning indictment about some of the processes and procedures they have had in place.\" The bank's shares tumbled 3.3 per cent on Wednesday, wiping more than $3.1bn from Westpac's market value.The Austrac allegations include that Westpac failed to assess and monitor ongoing money-laundering and terrorism -financing risks relating to more than $11bn moved in and out of Australia through its banking relationships. The watchdog also said the bank did not do enough to stop high-risk countries and jurisdictions - including Iraq, Lebanon, Ukraine and Zimbabwe - from potentially accessing the Australian payment system.Austrac chief executive Nicole Rose said: \"Serious and systemic noncompliance leaves our financial system open to being exploited by criminals.\" The Austrac action against Westpac follows a spate of bank scandals and the Hayne royal commission. The financial services industry faces a customer compensation bill of $10bn. Mr Hartzer, who was informed of the Austrac legal case on Tuesday night, said he was -\"utterly -horrified\" at several of the cases -referred to by Austrac. He stood firm against suggestions that he should quit to take accountability for breaches of the law. \"Like everyone who has read the statement of claim I am personally disgusted and appalled by the subject matter of some of these transactions,\" Mr Hartzer said.\"I deeply regret that this has -occurred and, as I said, I will get to the bottom of this personally and fix it.\" When asked if he could continue as chief executive, Mr Hartzer said: \"I'm committed to seeing that through and making sure we fix it properly and it will never happen again. We recognise that this is a significant matter for the bank and accept there will be consequences for Westpac.\" Shaw and Partners senior analyst Brett Le Mesurier said he suspected a \"big number coming\" for a legal settlement or penalty. \"It wouldn't surprise me if the (CBA) record was broken,\" he said.Mr Le Mesurier said Westpac's $2.5bn capital raising, launched this month, likely included expectations of having a bill to pay for the legal breaches. Austrac's allegations are damning for Mr Hartzer and his executive team, as they claim the bank's leadership was briefed in mid-2016 on risks linked to payments that could have involved child exploitation.\"Since at least 2013, Westpac was aware of the heightened child-exploitation risks associated with frequent low-value payments to The Philippines and Southeast Asia, both from Austrac guidance and its own risk assessments,\" said the statement of claim lodged with the court.\"In June 2016, senior management within Westpac was specifically briefed.\" The statement of claim also highlighted that Westpac failed to conduct due diligence on 12 customers linked to child-exploitation risks. One of them opened a number of Westpac accounts after serving a custodial sentence for child exploitation.\"Westpac promptly identified activity on one account that was indicative of child exploitation, but failed to promptly review activity on other accounts,\" Austrac said. \"This customer continued to send frequent low-value payments to The Philippines through channels that were not being monitored appropriately.\" Westpac self-reported the international funds transfer breaches, or 19.5 million transactions, to Austrac in August last year. The investigation that followed uncovered further compliance lapses by the bank.A large chunk of the international transactions that Westpac didn't report were foreign government pension payments to people living in Australia.THE ALLEGATIONS \"These contraventions are the result of ... indifference by senior management and inadequate oversight by the board \"Westpac failed to detect activity on its customers' accounts indicative of child exploitation - AUSTRAC COURT FILING", "raw_cleaned_article": "<h2>$1bn scandal hits Westpac</h2><p><b>Westpac chief Brian Hartzer is fighting to stay in the top job after the financial crimes regulator hit the bank with legal -action, -including explosive allegations linked to child exploitation in The Philippines, that could trigger penalties topping $1bn.</b><b>In the latest in a string of bank scandals, anti-money-laundering and counter-terrorism financing regulator Austrac launched action against Westpac on Wednesday over 23 million alleged breaches of the law.</b> The bank came in for heavy criticism from Scott Morrison, who said he was \"absolutely -appalled\" by the allegations. The Austrac court documents accused the bank of \"systemic failures\" for not properly monitoring and reporting international funds transfers and transactions, some of which related to child exploitation.<b>Austrac also took aim at the \"indifference by senior management\" at Westpac and \"inadequate oversight by the board\".</b><b>The action against Westpac follows the Commonwealth Bank paying a record $700m fine last year to settle an Austrac case after it contravened the law 53,750 times. That action contributed to the downfall of former CBA boss Ian Narev. National Australia Bank is also under investigation by Austrac after the bank disclosed a number of breaches of anti-money-laundering and counter-terrorism financing laws.</b><b>The Prime Minister on Wednesday reiterated his calls for the banking sector to fix its processes and procedures. \"They have just got to lift their game on this stuff,\" Mr Morrison said. \"It is a fairly damning indictment about some of the processes and procedures they have had in place.\" The bank's shares tumbled 3.3 per cent on Wednesday, wiping more than $3.1bn from Westpac's market value.</b><b>The Austrac allegations include that Westpac failed to assess and monitor ongoing money-laundering and terrorism -financing risks relating to more than $11bn moved in and out of Australia through its banking relationships. The watchdog also said the bank did not do enough to stop high-risk countries and jurisdictions - including Iraq, Lebanon, Ukraine and Zimbabwe - from potentially accessing the Australian payment system.</b><b>Austrac chief executive Nicole Rose said: \"Serious and systemic noncompliance leaves our financial system open to being exploited by criminals.\" The Austrac action against Westpac follows a spate of bank scandals and the Hayne royal commission. The financial services industry faces a customer compensation bill of $10bn.</b> Mr Hartzer, who was informed of the Austrac legal case on Tuesday night, said he was -\"utterly -horrified\" at several of the cases -referred to by Austrac. He stood firm against suggestions that he should quit to take accountability for breaches of the law. \"Like everyone who has read the statement of claim I am personally disgusted and appalled by the subject matter of some of these transactions,\" Mr Hartzer said.<b>\"I deeply regret that this has -occurred and, as I said, I will get to the bottom of this personally and fix it.\" When asked if he could continue as chief executive, Mr Hartzer said: \"I'm committed to seeing that through and making sure we fix it properly and it will never happen again. We recognise that this is a significant matter for the bank and accept there will be consequences for Westpac.\" Shaw and Partners senior analyst Brett Le Mesurier said he suspected a \"big number coming\" for a legal settlement or penalty. \"It wouldn't surprise me if the (CBA) record was broken,\" he said.</b><b>Mr Le Mesurier said Westpac's $2.5bn capital raising, launched this month, likely included expectations of having a bill to pay for the legal breaches.</b> Austrac's allegations are damning for Mr Hartzer and his executive team, as they claim the bank's leadership was briefed in mid-2016 on risks linked to payments that could have involved child exploitation.<b>\"Since at least 2013, Westpac was aware of the heightened child-exploitation risks associated with frequent low-value payments to The Philippines and Southeast Asia, both from Austrac guidance and its own risk assessments,\" said the statement of claim lodged with the court.</b><b>\"In June 2016, senior management within Westpac was specifically briefed.\" The statement of claim also highlighted that Westpac failed to conduct due diligence on 12 customers linked to child-exploitation risks. One of them opened a number of Westpac accounts after serving a custodial sentence for child exploitation.</b><b>\"Westpac promptly identified activity on one account that was indicative of child exploitation, but failed to promptly review activity on other accounts,\" Austrac said. \"This customer continued to send frequent low-value payments to The Philippines through channels that were not being monitored appropriately.\" Westpac self-reported the international funds transfer breaches, or 19.5 million transactions, to Austrac in August last year. The investigation that followed uncovered further compliance lapses by the bank.</b><b>A large chunk of the international transactions that Westpac didn't report were foreign government pension payments to people living in Australia.</b><b>THE ALLEGATIONS \"These contraventions are the result of ... indifference by senior management and inadequate oversight by the board \"Westpac failed to detect activity on its customers' accounts indicative of child exploitation - AUSTRAC COURT FILING</b></p>", "original_content": "<entry xmlns=\"http://www.w3.org/2005/Atom\"><id>urn:contentItem:5XJC-30Y1-JD3N-51T5-00000-00</id><title>$1bn scandal hits Westpac</title><published>2019-11-21T00:00:00Z</published><updated>2020-11-15T20:16:11Z</updated><author><name>LexisNexis</name></author><content type=\"application/xml\"><!--Transformation version 1.23--><articleDoc xmlns=\"\" xmlns:xsi=\"http://www.w3.org/2001/XMLSchema-instance\" xsi:noNamespaceSchemaLocation=\"http://www.lexisnexis.com/xmlschemas/content/public/articledoc/1/\" schemaVersion=\"1.8\" xml:lang=\"en\"><articleDocHead><itemInfo><sourceSectionInfo><positionSection>THENATION</positionSection><positionSequence>Pg. 1</positionSequence></sourceSectionInfo></itemInfo></articleDocHead><nitf:body xmlns:nitf=\"http://iptc.org/std/NITF/2006-10-18/\"><nitf:body.head><nitf:hedline><nitf:hl1>$1bn scandal hits Westpac</nitf:hl1></nitf:hedline><nitf:byline><author><person><nameText>JOYCE MOULLAKIS, ADDITIONAL REPORTING: GREG BROWN</nameText></person></author></nitf:byline></nitf:body.head><nitf:body.content><bodyText><p nitf:lede=\"true\">Westpac chief Brian Hartzer is fighting to stay in the top job after the financial crimes regulator hit the bank with legal -action, -including explosive allegations linked to child exploitation in The Philippines, that could trigger penalties topping $1bn.</p><p nitf:lede=\"true\">In the latest in a string of bank scandals, anti-money-laundering and counter-terrorism financing regulator Austrac launched action against Westpac on Wednesday over 23 million alleged breaches of the law.</p><p>The bank came in for heavy criticism from Scott Morrison, who said he was \"absolutely -appalled\" by the allegations.</p><p>The Austrac court documents accused the bank of \"systemic failures\" for not properly monitoring and reporting international funds transfers and transactions, some of which related to child exploitation.</p><p>Austrac also took aim at the \"indifference by senior management\" at Westpac and \"inadequate oversight by the board\".</p><p>The action against Westpac follows the Commonwealth Bank paying a record $700m fine last year to settle an Austrac case after it contravened the law 53,750 times. That action contributed to the downfall of former CBA boss Ian Narev. National Australia Bank is also under investigation by Austrac after the bank disclosed a number of breaches of anti-money-laundering and counter-terrorism financing laws.</p><p>The Prime Minister on Wednesday reiterated his calls for the banking sector to fix its processes and procedures. \"They have just got to lift their game on this stuff,\" Mr Morrison said. \"It is a fairly damning indictment about some of the processes and procedures they have had in place.\" The bank's shares tumbled 3.3 per cent on Wednesday, wiping more than $3.1bn from Westpac's market value.</p><p>The Austrac allegations include that Westpac failed to assess and monitor ongoing money-laundering and terrorism -financing risks relating to more than $11bn moved in and out of Australia through its banking relationships. The watchdog also said the bank did not do enough to stop high-risk countries and jurisdictions - including Iraq, Lebanon, Ukraine and Zimbabwe - from potentially accessing the Australian payment system.</p><p>Austrac chief executive Nicole Rose said: \"Serious and systemic noncompliance leaves our financial system open to being exploited by criminals.\" The Austrac action against Westpac follows a spate of bank scandals and the Hayne royal commission. The financial services industry faces a customer compensation bill of $10bn.</p><p>Mr Hartzer, who was informed of the Austrac legal case on Tuesday night, said he was -\"utterly -horrified\" at several of the cases -referred to by Austrac. He stood firm against suggestions that he should quit to take accountability for breaches of the law.</p><p>\"Like everyone who has read the statement of claim I am personally disgusted and appalled by the subject matter of some of these transactions,\" Mr Hartzer said.</p><p>\"I deeply regret that this has -occurred and, as I said, I will get to the bottom of this personally and fix it.\" When asked if he could continue as chief executive, Mr Hartzer said: \"I'm committed to seeing that through and making sure we fix it properly and it will never happen again. We recognise that this is a significant matter for the bank and accept there will be consequences for Westpac.\" Shaw and Partners senior analyst Brett Le Mesurier said he suspected a \"big number coming\" for a legal settlement or penalty. \"It wouldn't surprise me if the (CBA) record was broken,\" he said.</p><p>Mr Le Mesurier said Westpac's $2.5bn capital raising, launched this month, likely included expectations of having a bill to pay for the legal breaches.</p><p>Austrac's allegations are damning for Mr Hartzer and his executive team, as they claim the bank's leadership was briefed in mid-2016 on risks linked to payments that could have involved child exploitation.</p><p>\"Since at least 2013, Westpac was aware of the heightened child-exploitation risks associated with frequent low-value payments to The Philippines and Southeast Asia, both from Austrac guidance and its own risk assessments,\" said the statement of claim lodged with the court.</p><p>\"In June 2016, senior management within Westpac was specifically briefed.\" The statement of claim also highlighted that Westpac failed to conduct due diligence on 12 customers linked to child-exploitation risks. One of them opened a number of Westpac accounts after serving a custodial sentence for child exploitation.</p><p>\"Westpac promptly identified activity on one account that was indicative of child exploitation, but failed to promptly review activity on other accounts,\" Austrac said. \"This customer continued to send frequent low-value payments to The Philippines through channels that were not being monitored appropriately.\" Westpac self-reported the international funds transfer breaches, or 19.5 million transactions, to Austrac in August last year. The investigation that followed uncovered further compliance lapses by the bank.</p><p>A large chunk of the international transactions that Westpac didn't report were foreign government pension payments to people living in Australia.</p><p>THE ALLEGATIONS \"These contraventions are the result of ... indifference by senior management and inadequate oversight by the board \"Westpac failed to detect activity on its customers' accounts indicative of child exploitation - AUSTRAC COURT FILING</p><p>THE FALLOUT \"I am personally disgusted and appalled by the subject matter of some of these transactions - BRIAN HARTZER, WESTPAC CHIEF EXECUTIVE \"It's appalling and distressing. (Banks) have just got to lift their game on this stuff- SCOTT MORRISON, PRIME MINISTER</p></bodyText></nitf:body.content></nitf:body><metadata><dc:metadata xmlns:dc=\"http://purl.org/dc/elements/1.1/\"><dc:identifier identifierScheme=\"DOC-ID\">THEAUS-3fc6909c0b5811eaa75e78ca4c6494c0ac479a6b5827d1168c0a1fc12767a503</dc:identifier><dc:source sourceScheme=\"royaltyReportingKey\">THEAUS2019</dc:source><dc:identifier identifierScheme=\"PGUID\">urn:contentItem:5XJC-30Y1-JD3N-51T5-00000-00</dc:identifier><dc:source sourceScheme=\"productContentSetIdentifier\">244777</dc:source><dc:date dateType=\"last-updated\">2019-11-20</dc:date></dc:metadata><wordCount number=\"929\"/><publicationInfo><copyright>Copyright 2019 Nationwide News Pty Limited All Rights Reserved</copyright><publicationName>The Australian</publicationName><edition>Australian Edition</edition><publicationDate day=\"21\" month=\"11\" year=\"2019\"><dateText>November 21, 2019 Thursday</dateText></publicationDate><classification classificationScheme=\"publicationtype\"><classificationItem><className>Newspaper</className></classificationItem></classification><classification classificationScheme=\"publicationtype\"><classificationItem><className>Newspapers</className></classificationItem></classification></publicationInfo><classification classificationScheme=\"language\"><classificationItem classificationScheme=\"lang.english\"><className>ENGLISH</className></classificationItem></classification><classificationGroup classificationScheme=\"indexing-terms\"><classification classificationScheme=\"company\"><classificationItem score=\"90\"><classCode>CC0001V19</classCode><className>NATIONAL AUSTRALIA BANK LTD</className></classificationItem></classification><classification classificationScheme=\"industry\"><classificationItem score=\"90\"><className>NAICS522293 INTERNATIONAL TRADE FINANCING</className></classificationItem><classificationItem score=\"90\"><className>NAICS522120 SAVINGS INSTITUTIONS</className></classificationItem><classificationItem score=\"90\"><className>NAICS522110 COMMERCIAL BANKING</className></classificationItem><classificationItem score=\"90\"><className>SIC6082 FOREIGN TRADE &amp; INTERNATIONAL BANKING INSTITUTIONS</className></classificationItem><classificationItem score=\"90\"><className>SIC6081 BRANCHES &amp; AGENCIES OF FOREIGN BANKS</className></classificationItem></classification><classification classificationScheme=\"ticker\"><classificationItem score=\"90\"><className>NAB (ASX)</className></classificationItem></classification></classificationGroup><classificationGroup classificationScheme=\"indexing-terms\"><classification classificationScheme=\"legal\"><classificationItem><className>Criminal Law &amp; Procedure</className><classCode>Z3VpZD11cm46dG9waWM6NEU0RkE1OUQwNUQwNDgxODhEODZCMjkzOTg3NThBNzk7cGFyZW50Z3VpZD0</classCode><classificationItem score=\"85\"><className>General Overview</className><classCode>Z3VpZD11cm46dG9waWM6MUM4RjZFOEE4MDc3NDE4QjhCMkQwNzc2QTM0OUQ5NjI7cGFyZW50Z3VpZD11cm46dG9waWM6QzBDQzA4NEVCN0Q0NEZCRkEwNjY3Qzk3MDA3NzlCMjU</classCode></classificationItem></classificationItem></classification><classification classificationScheme=\"subject\"><classificationItem score=\"90\"><classCode>STLL000CVGE</classCode><className>CHILDREN'S RIGHTS</className><classCode/><className/></classificationItem><classificationItem score=\"90\"><classCode>STX000713</classCode><className>FINANCIAL CRIME COUNTERMEASURES</className><classCode/><className/></classificationItem><classificationItem score=\"90\"><classCode>STX000759</classCode><className>FRAUD &amp; FINANCIAL CRIME</className><classCode/><className/></classificationItem><classificationItem score=\"90\"><classCode>STX000951</classCode><className>INTERNATIONAL TRADE</className><classCode/><className/></classificationItem><classificationItem score=\"90\"><classCode>N522293CC</classCode><className>INTERNATIONAL TRADE FINANCING</className><classCode/><className/></classificationItem><classificationItem score=\"90\"><classCode>ST0009FJK</classCode><className>NEGATIVE PERSONAL NEWS</className><classCode/><className/></classificationItem><classificationItem score=\"90\"><classCode>ST000CTIZ</classCode><className>SCANDALS</className><classCode/><className/></classificationItem><classificationItem score=\"89\"><classCode>STX000417</classCode><className>COUNTERTERRORISM</className><classCode/><className/></classificationItem><classificationItem score=\"89\"><classCode>ST000DN6S</classCode><className>COUNTERTERRORISM LAWS</className><classCode/><className/></classificationItem><classificationItem score=\"89\"><classCode>ST000959S</classCode><className>CRIMINAL OFFENSES</className><classCode>Z3VpZD11cm46dG9waWM6REE3RUI5RUNDMTgyNDU3Rjk2QUMwOTVBOUI1NDNFOTY7cGFyZW50Z3VpZD11cm46dG9waWM6NEU0RkE1OUQwNUQwNDgxODhEODZCMjkzOTg3NThBNzk</classCode><className>Criminal Offenses</className></classificationItem><classificationItem score=\"89\"><classCode>STX000969</classCode><className>INVESTIGATIONS</className><classCode/><className/></classificationItem><classificationItem score=\"89\"><classCode>STX001159</classCode><className>MONEY LAUNDERING</className><classCode>Z3VpZD11cm46dG9waWM6QzBDQzA4NEVCN0Q0NEZCRkEwNjY3Qzk3MDA3NzlCMjU7cGFyZW50Z3VpZD11cm46dG9waWM6NkUzNTQ1QUZBM0Y5NDcyQjk4N0I5Mjg0QzU3NDk0MDI</classCode><className>Money Laundering</className></classificationItem><classificationItem score=\"78\"><classCode>N921110CC</classCode><className>HEADS OF STATE &amp; GOVERNMENT</className><classCode/><className/></classificationItem><classificationItem score=\"78\"><classCode>STX001500</classCode><className>RISK MANAGEMENT</className><classCode/><className/></classificationItem><classificationItem score=\"76\"><classCode>STX001710</classCode><className>TERRORISM</className><classCode>Z3VpZD11cm46dG9waWM6ODg4MDhDQ0I2QkY5NDU2Rjg1RDNEREFBODk1Nzg1QTY7cGFyZW50Z3VpZD11cm46dG9waWM6RjgwNUY4MjJCMTg5NDgzRUJBMDQwNkM4NkUyNTJBMEY</classCode><className>Terrorism</className></classificationItem><classificationItem score=\"73\"><classCode>ST000D1BY</classCode><className>EXECUTIVES</className><classCode/><className/></classificationItem><classificationItem score=\"51\"><classCode>ST0009EOQ</classCode><className>PRIME MINISTERS</className><classCode/><className/></classificationItem></classification><classification classificationScheme=\"industry\"><classificationItem score=\"90\"><classCode>N520000CC</classCode><className>BANKING &amp; FINANCE</className><classCode/><className/></classificationItem><classificationItem score=\"90\"><classCode>N522293CC</classCode><className>INTERNATIONAL TRADE FINANCING</className><classCode/><className/></classificationItem><classificationItem score=\"90\"><classCode>ST0009RX6</classCode><classCode/><className/></classificationItem><classificationItem score=\"89\"><classCode>ST00090O3</classCode><className>BANKING &amp; FINANCE REGULATION &amp; POLICY</className><classCode/><className/></classificationItem><classificationItem score=\"78\"><classCode>STX001500</classCode><className>RISK MANAGEMENT</className><classCode/><className/></classificationItem></classification><classification classificationScheme=\"person\"><classificationItem score=\"73\"><classCode>PE000DO37</classCode><className>SCOTT MORRISON</className><classCode/><className/></classificationItem></classification><classification classificationScheme=\"country\"><classificationItem score=\"79\"><classCode>GC310</classCode><className>PHILIPPINES</className><classCode/><className/></classificationItem><classificationItem score=\"79\"><classCode>GC581</classCode><className>UKRAINE</className><classCode/><className/></classificationItem><classificationItem score=\"77\"><classCode>GC373</classCode><className>LEBANON</className><classCode/><className/></classificationItem><classificationItem score=\"69\"><classCode>GC358</classCode><className>IRAQ</className><classCode/><className/></classificationItem></classification></classificationGroup></metadata></articleDoc></content></entry>"}