{"prediction_class": "Money laundering", "prediction_score": "0.96", "name": "Westpac", "title": "Our financial system only works for the 1%. It will take another crash to fix it;Financialised capitalism has failed, and cannot be fixed by more and better regulation", "published": "2018-09-03T00:00:00Z", "updated": "2020-11-15T19:52:29Z", "cleaned_article": "[TITLE] Our financial system only works for the 1%. It will take another crash to fix it;Financialised capitalism has failed, and cannot be fixed by more and better regulation [TITLE] \n\nAt the time, it seemed that radical change was inevitable. And, indeed radical austerity policies were imposed on ordinary people around the world. However, while ordinary people suffered the banks, and bankers, were bailed out. No one of any significance went to jail, and the few who lost their jobs could rely on golden parachutes, often amounting to millions of dollars There was a lesson to be learned here, and the bankers learned it well. Even before the bailout was complete, the bankers were up to new tricks, such as rigging the London interbank borrowing rate (Libor). A long string of exposure criminal activity has followed, including tax evasion, money laundering and large-scale fraud, all undertaken by the world's biggest and most respected financial institutions. Australian banks have been relatively minor players, but this mainly reflects the limited opportunities for fraud in our small market. Even so, their rap sheet is one that would put an ordinary confidence trickster to shame. All the major banks were involved in a rate rigging scandal in 2010, focused on the bank bill swap rate (BBSW) our equivalent of Libor. ANZ, NAB and the Commonwealth paid penalties, while Westpac got off on the grounds that its attempts to manipulate the rate had been unsuccessful. Banking has developed an ingrained culture of dishonesty Similarly, all of the big banks, as well as Macquarie have been found to have engaged in fraudulent foreign exchange trading. CBA was found to have been involved in large scale money laundering. ANZ, Citigroup and Deutsche Bank are currently facing charges of cartel behaviour in relation to trading in ANZ shares.", "raw_cleaned_article": "<h2>Our financial system only works for the 1%. It will take another crash to fix it;Financialised capitalism has failed, and cannot be fixed by more and better regulation</h2><p>At the time, it seemed that radical change was inevitable. And, indeed radical austerity policies were imposed on ordinary people around the world. However, while ordinary people suffered the banks, and bankers, were bailed out. No one of any significance went to jail, and the few who lost their jobs could rely on golden parachutes, often amounting to millions of dollars There was a lesson to be learned here, and the bankers learned it well. Even before the bailout was complete, the bankers were up to new tricks, such as rigging the London interbank borrowing rate (Libor). A long string of exposure criminal activity has followed, including tax evasion, money laundering and large-scale fraud, all undertaken by the world's biggest and most respected financial institutions. <b>Australian banks have been relatively minor players, but this mainly reflects the limited opportunities for fraud in our small market. Even so, their rap sheet is one that would put an ordinary confidence trickster to shame. All the major banks were involved in a rate rigging scandal in 2010, focused on the bank bill swap rate (BBSW) our equivalent of Libor. ANZ, NAB and the Commonwealth paid penalties, while Westpac got off on the grounds that its attempts to manipulate the rate had been unsuccessful.</b> Banking has developed an ingrained culture of dishonesty Similarly, all of the big banks, as well as Macquarie have been found to have engaged in fraudulent foreign exchange trading. CBA was found to have been involved in large scale money laundering. ANZ, Citigroup and Deutsche Bank are currently facing charges of cartel behaviour in relation to trading in ANZ shares.</p>", "original_content": "<entry xmlns=\"http://www.w3.org/2005/Atom\"><id>urn:contentItem:5T5T-VTD1-F021-6191-00000-00</id><title>Our financial system only works for the 1%. It will take another crash to fix it;Financialised capitalism has failed, and cannot be fixed by more and better regulation</title><published>2018-09-03T00:00:00Z</published><updated>2020-11-15T19:52:29Z</updated><author><name>LexisNexis</name></author><content type=\"application/xml\"><!--Transformation version 1.23--><articleDoc xmlns=\"\" xmlns:xsi=\"http://www.w3.org/2001/XMLSchema-instance\" xsi:noNamespaceSchemaLocation=\"http://www.lexisnexis.com/xmlschemas/content/public/articledoc/1/\" schemaVersion=\"1.8\" xml:lang=\"en\"><articleDocHead><itemInfo><sourceSectionInfo><positionSection>OPINION</positionSection><positionSequence>Version:1</positionSequence></sourceSectionInfo></itemInfo></articleDocHead><nitf:body xmlns:nitf=\"http://iptc.org/std/NITF/2006-10-18/\"><nitf:body.head><nitf:hedline><nitf:hl1>Our financial system only works for the 1%. It will take another crash to fix it</nitf:hl1><nitf:hl2>Financialised capitalism has failed, and cannot be fixed by more and better regulation</nitf:hl2></nitf:hedline><nitf:byline><author><person><nameText>John Quiggin</nameText></person></author></nitf:byline></nitf:body.head><nitf:body.content><bodyText><p nitf:lede=\"true\">The royal commission into banks has uncovered fraud and misconduct on a massive scale, amounting to nearly $1bn and perhaps more. The usual defences of \"bad apples\" and \"rogue advisers\" have fallen apart as it becomes evident the problems are systemic, driven by relentless pressure from the top to maximise profits at all costs. </p><p nitf:lede=\"true\">The <url normalizedValue=\"https://www.theguardian.com/australia-news/banking-royal-commission\">royal commission into misconduct in the banking, superannuation and financial services industry</url> has shown that dishonesty and sharp practice are endemic in the retail banking and finance sector. But if retail banking, involving direct personal contact with customers, is plagued with fraud and malpractice, what can we say about the wholesale criminality of the larger financial markets for foreign exchange, interest rates and derivatives?</p><p>A billion dollars sounds like a lot but it pales into insignificance compared to the repeated frauds that have been exposed in global financial markets, and the much greater volume that is almost certainly going undetected. Moreover, while misconduct in retail banking raises important issues of consumer protection, fraud in the broader financial system calls the entire market system into question.</p><p>Since the emergence of financialised capitalism in the 1970s, society has relied on the collective judgement of the financial sector to guide and control everything from the fiscal policy of governments to the allocation of capital for infrastructure. This has produced immense profits for the financial sector, and huge incomes for finance professionals, but there is no evidence of improved economic performance. On the contrary, despite obvious evidence of technological progress, productivity has stagnated.</p><p>The global financial crisis exposed the fraudulence of the global banking sector. Trillions of dollars of worthless securities were sold as if they were as safe as US Treasury bonds. Frauds like that of Bernie Madoff's hedge fund, amounting to $50bn, were barely a rounding error. </p><p>At the time, it seemed that radical change was inevitable. And, indeed radical austerity policies were imposed on ordinary people around the world. However, while ordinary people suffered the banks, and bankers, were bailed out. No one of any significance went to jail, and the few who lost their jobs could rely on golden parachutes, often amounting to millions of dollars</p><p>There was a lesson to be learned here, and the bankers learned it well. Even before the bailout was complete, the bankers were up to new tricks, such as <url normalizedValue=\"https://www.theguardian.com/australia-news/banking-royal-commission\">rigging the London interbank borrowing rate (Libor)</url>. A long string of exposure criminal activity has followed, including tax evasion, money laundering and large-scale fraud, all undertaken by the world's biggest and most respected financial institutions.</p><p>Australian banks have been relatively minor players, but this mainly reflects the limited opportunities for fraud in our small market. Even so, their rap sheet is one that would put an ordinary confidence trickster to shame. All the major banks were involved in a rate rigging scandal in 2010, focused on the bank bill swap rate (BBSW) our equivalent of Libor. ANZ, NAB and the Commonwealth paid penalties, while Westpac got off on the grounds that its attempts to manipulate the rate had been unsuccessful.</p><p>Banking has developed an ingrained culture of dishonesty</p><p>Similarly, all of the big banks, as well as Macquarie have been found to have engaged in fraudulent foreign exchange trading. CBA was found to have been involved in large scale money laundering. ANZ, Citigroup and Deutsche Bank are currently facing charges of cartel behaviour in relation to trading in ANZ shares.</p><p>None of this is surprising. In Australia, as elsewhere, financial wrongdoing is hardly ever punished, unless it involves underlings stealing from the banks themselves. Rather, our regulators go for so-called \"enforcable undertakings\" which, as far as can be determined, are never actually enforced.</p><p>Banking has developed an ingrained culture of dishonesty, illustrated by a fascinating experiment reported in <url normalizedValue=\"https://www.theguardian.com/australia-news/banking-royal-commission\">Nature in 2014</url>. The experiment involved a task in which participants could cheat by misreporting the outcome of a coin toss. The design was such that individual cheats could not be caught, but the overall rate of cheating was measurable. All the participants were bankers but before undertaking the task, some participants were \"primed\" by questions about their home and family life. Others were primed to think about their role as bankers. The bankers as a group reported on average too many financially rewarding tosses. But they were generally honest when focused on their domestic identity.</p><p>What does this imply for policy? In essence, a system of financialised capitalism like the one that prevails at present will inevitably be dominated by the self-enrichment of financiers. The supposed functions of the financial system, such as the allocation of capital investment and the management of risk will be undertaken only to the extent that they provide opportunities for the extraction of rent from the system. </p><p>Forty years of experience confirms this analysis. Financialised capitalism serves to benefit the financial sector and the 1%, but does nothing to promote stable economic growth. This is not a problem that can be fixed by more and better regulation, like the suggestion of placing Asic inspectors inside banks. Only a drastic reduction in the size, power and influence of the financial sector will do the job.</p><p>That might seem like a utopian proposition. But the designers of the new global financial system in the wake of the second world war managed it. By stringently restricting the activities of the financial sector they made banking a boring, respectable and above all safe profession. In the process, they delivered three decades of unparalleled economic growth and widely shared prosperity. </p><p>We will probably have to wait for another crash before the power of the financial system can be tamed. But, given the incentives in the system for reckless dishonesty, that crash will come, sooner or later.</p><p><list><listItem><label>\u2022</label><bodyText><p>John Quiggin is an economist at the University of Queensland</p></bodyText></listItem></list></p></bodyText></nitf:body.content></nitf:body><metadata><dc:metadata xmlns:dc=\"http://purl.org/dc/elements/1.1/\"><dc:identifier identifierScheme=\"DOC-ID\">GUARDN-46935705</dc:identifier><dc:source sourceScheme=\"royaltyReportingKey\">GUARDN2018</dc:source><dc:identifier identifierScheme=\"PGUID\">urn:contentItem:5T5T-VTD1-F021-6191-00000-00</dc:identifier><dc:source sourceScheme=\"productContentSetIdentifier\">138620</dc:source><dc:date dateType=\"last-updated\">2018-09-03</dc:date></dc:metadata><wordCount number=\"1018\"/><timeReceived>1:47 AM GMT</timeReceived><publicationInfo><copyright>Copyright 2018 The Guardian, a division of Transcontinental Media Group Inc. All Rights Reserved</copyright><publicationName>The Guardian(London)</publicationName><publicationLogo><logo><inlineObject><locator><locatorKey><keyName name=\"object-key\"/><keyValue value=\"28075\"/></locatorKey><locatorParameters><parameter name=\"object-type\" value=\"201\"/><parameter name=\"object-smi\" value=\"LOGOS\"/><parameter name=\"componentseq\" value=\"1\"/></locatorParameters></locator></inlineObject></logo></publicationLogo><publicationDate day=\"03\" month=\"09\" year=\"2018\"><dateText>September 3, 2018 Monday</dateText></publicationDate><classification classificationScheme=\"publicationtype\"><classificationItem><className>Newspaper</className></classificationItem></classification><classification classificationScheme=\"publicationtype\"><classificationItem><className>Newspapers</className></classificationItem></classification></publicationInfo><classification classificationScheme=\"language\"><classificationItem classificationScheme=\"lang.english\"><className>ENGLISH</className></classificationItem></classification><classificationGroup classificationScheme=\"indexing-terms\"><classification classificationScheme=\"legal\"><classificationItem><className>Business &amp; Corporate Compliance</className><classCode>Z3VpZD11cm46dG9waWM6MUFEMUQ2QTA1OUZCNEE5RjkzNTA2RERFMUNEOTk1RTI7cGFyZW50Z3VpZD0</classCode><classificationItem score=\"68\"><className>Financial Stability Oversight Council</className><classCode>Z3VpZD11cm46dG9waWM6MzlBNTNBNEI4RTVCNDY4OEFFMDM4MzVGQkU3QTk5N0U7cGFyZW50Z3VpZD11cm46dG9waWM6RkQxQjQ4OEIyMUE0NDVEQjk2QkFDMUQ3MEMyOTEwNTY</classCode></classificationItem></classificationItem><classificationItem><className>Criminal Law &amp; Procedure</className><classCode>Z3VpZD11cm46dG9waWM6NEU0RkE1OUQwNUQwNDgxODhEODZCMjkzOTg3NThBNzk7cGFyZW50Z3VpZD0</classCode><classificationItem score=\"62\"><className>General Overview</className><classCode>Z3VpZD11cm46dG9waWM6MUM4RjZFOEE4MDc3NDE4QjhCMkQwNzc2QTM0OUQ5NjI7cGFyZW50Z3VpZD11cm46dG9waWM6QzBDQzA4NEVCN0Q0NEZCRkEwNjY3Qzk3MDA3NzlCMjU</classCode></classificationItem></classificationItem><classificationItem><className>Securities Law</className><classCode>Z3VpZD11cm46dG9waWM6RkFFMTQ3ODhCRDYyNDkyN0IwQkEyQzRCRDlFMEM5ODc7cGFyZW50Z3VpZD0</classCode><classificationItem score=\"68\"><className>Financial Stability Oversight Council</className><classCode>Z3VpZD11cm46dG9waWM6MzlBNTNBNEI4RTVCNDY4OEFFMDM4MzVGQkU3QTk5N0U7cGFyZW50Z3VpZD11cm46dG9waWM6RkQxQjQ4OEIyMUE0NDVEQjk2QkFDMUQ3MEMyOTEwNTY</classCode></classificationItem></classificationItem></classification><classification classificationScheme=\"subject\"><classificationItem score=\"90\"><classCode>ST0009SVL</classCode><className>BANKING &amp; FINANCE SECTOR PERFORMANCE</className><classCode/><className/></classificationItem><classificationItem score=\"90\"><classCode>STX001149</classCode><className>MISCONDUCT</className><classCode/><className/></classificationItem><classificationItem score=\"90\"><classCode>STX000759</classCode><className>FRAUD &amp; FINANCIAL CRIME</className><classCode/><className/></classificationItem><classificationItem score=\"89\"><classCode>STX000157</classCode><className>BAILOUTS</className><classCode/><className/></classificationItem><classificationItem score=\"88\"><classCode>STX000943</classCode><className>INTEREST RATES</className><classCode/><className/></classificationItem><classificationItem score=\"78\"><classCode>ST000A51F</classCode><className>ECONOMIC CRISIS</className><classCode/><className/></classificationItem><classificationItem score=\"78\"><classCode>STX001959</classCode><className>PUBLIC FINANCE</className><classCode/><className/></classificationItem><classificationItem score=\"78\"><classCode>ST000DLZ7</classCode><className>MARKET MANIPULATION</className><classCode/><className/></classificationItem><classificationItem score=\"78\"><classCode>ST0009ZO4</classCode><className>CREDIT CRISIS</className><classCode/><className/></classificationItem><classificationItem score=\"78\"><classCode>STX001678</classCode><className>TAX FRAUD</className><classCode>Z3VpZD11cm46dG9waWM6QUQ3NTEzQ0ZENTYxNEY1MDgwREQ3OTcwNUIyRjczNDY7cGFyZW50Z3VpZD11cm46dG9waWM6QjUxMzkyMTA2MTNDNDhDOUJDMkY5MkRGRDY1NjZBQjg</classCode><className>Tax Fraud</className></classificationItem><classificationItem score=\"78\"><classCode>N926110GJ</classCode><className>CONSUMER PROTECTION</className><classCode/><className/></classificationItem><classificationItem score=\"78\"><classCode>ST000CTIZ</classCode><className>SCANDALS</className><classCode/><className/></classificationItem><classificationItem score=\"78\"><classCode>ST0009UQC</classCode><className>LONDON INTERBANK OFFERED RATES</className><classCode/><className/></classificationItem><classificationItem score=\"78\"><classCode>ST00097CL</classCode><className>PUBLIC FINANCE AGENCIES &amp; TREASURIES</className><classCode/><className/></classificationItem><classificationItem score=\"77\"><classCode>STX000552</classCode><className>ECONOMIC POLICY</className><classCode/><className/></classificationItem><classificationItem score=\"76\"><classCode>ST0008X6T</classCode><className>DERIVATIVE INSTRUMENTS</className><classCode/><className/></classificationItem><classificationItem score=\"74\"><classCode>ST000DEZ9</classCode><className>FOREIGN EXCHANGE MARKETS</className><classCode/><className/></classificationItem><classificationItem score=\"74\"><classCode>STX000749</classCode><className>FOREIGN INVESTMENT</className><classCode/><className/></classificationItem><classificationItem score=\"74\"><classCode>STX001661</classCode><className>SWAP TRANSACTIONS</className><classCode/><className/></classificationItem><classificationItem score=\"73\"><classCode>STX000512</classCode><className>DISMISSALS</className><classCode/><className/></classificationItem><classificationItem score=\"73\"><classCode>STX001063</classCode><className>PROFESSIONAL NEGLIGENCE</className><classCode>Z3VpZD11cm46dG9waWM6QjkzQzRCMDhBOTZDNEY4NkE0Q0E1ODk5MDM2MUNGNkI7cGFyZW50Z3VpZD11cm46dG9waWM6MDAwOEM2NTEzQkVDNEI4NzlGMEZERUEyRjQwODM4Njg</classCode><className>Malpractice &amp; Professional Liability</className></classificationItem><classificationItem score=\"73\"><classCode>STX001159</classCode><className>MONEY LAUNDERING</className><classCode>Z3VpZD11cm46dG9waWM6QzBDQzA4NEVCN0Q0NEZCRkEwNjY3Qzk3MDA3NzlCMjU7cGFyZW50Z3VpZD11cm46dG9waWM6NkUzNTQ1QUZBM0Y5NDcyQjk4N0I5Mjg0QzU3NDk0MDI</classCode><className>Money Laundering</className></classificationItem><classificationItem score=\"70\"><classCode>STX001960</classCode><className>PUBLIC POLICY</className><classCode/><className/></classificationItem><classificationItem score=\"70\"><classCode>ST0009ERN</classCode><className>TREASURY DEPARTMENTS</className><classCode/><className/></classificationItem><classificationItem score=\"69\"><classCode>STX000667</classCode><className>EXECUTIVE COMPENSATION</className><classCode/><className/></classificationItem><classificationItem score=\"69\"><classCode>STX000198</classCode><className>BONDS</className><classCode/><className/></classificationItem><classificationItem score=\"63\"><classCode>STX001757</classCode><className>TREASURY SECURITIES</className><classCode/><className/></classificationItem><classificationItem score=\"50\"><classCode>N525910EE</classCode><className>HEDGE FUNDS</className><classCode>Z3VpZD11cm46dG9waWM6QkY2N0Y5NDExMUY3NEE0NEJERkNDM0ZCNzIxRUU3OTg7cGFyZW50Z3VpZD11cm46dG9waWM6NEZBNjUwRkEwQjJGNDgzQzlEMzMyNEE1RDAyOTY4RkE</classCode><className>Hedge Funds</className></classificationItem><classificationItem score=\"50\"><classCode>ST000DHVK</classCode><className>PROFESSIONAL WORKERS</className><classCode/><className/></classificationItem></classification><classification classificationScheme=\"industry\"><classificationItem score=\"94\"><classCode>N520000CC</classCode><className>BANKING &amp; FINANCE</className><classCode/><className/></classificationItem><classificationItem score=\"91\"><classCode>ST0009RX6</classCode><classCode/><className/></classificationItem><classificationItem score=\"90\"><classCode>ST00092XN</classCode><className>RETAIL BANKING</className><classCode/><className/></classificationItem><classificationItem score=\"90\"><classCode>ST0009SVL</classCode><className>BANKING &amp; FINANCE SECTOR PERFORMANCE</className><classCode/><className/></classificationItem><classificationItem score=\"88\"><classCode>STX000943</classCode><className>INTEREST RATES</className><classCode/><className/></classificationItem><classificationItem score=\"78\"><classCode>ST000DLZ7</classCode><className>MARKET MANIPULATION</className><classCode/><className/></classificationItem><classificationItem score=\"78\"><classCode>ST0009UQC</classCode><className>LONDON INTERBANK OFFERED RATES</className><classCode/><className/></classificationItem><classificationItem score=\"78\"><classCode>ST00097CL</classCode><className>PUBLIC FINANCE AGENCIES &amp; TREASURIES</className><classCode/><className/></classificationItem><classificationItem score=\"76\"><classCode>ST0008X6T</classCode><className>DERIVATIVE INSTRUMENTS</className><classCode/><className/></classificationItem><classificationItem score=\"74\"><classCode>ST000DEZ9</classCode><className>FOREIGN EXCHANGE MARKETS</className><classCode/><className/></classificationItem><classificationItem score=\"74\"><classCode>STX001661</classCode><className>SWAP TRANSACTIONS</className><classCode/><className/></classificationItem><classificationItem score=\"70\"><classCode>ST0009ERN</classCode><className>TREASURY DEPARTMENTS</className><classCode/><className/></classificationItem><classificationItem score=\"69\"><classCode>STX000198</classCode><className>BONDS</className><classCode/><className/></classificationItem><classificationItem score=\"63\"><classCode>STX001757</classCode><className>TREASURY SECURITIES</className><classCode/><className/></classificationItem><classificationItem score=\"50\"><classCode>STX000942</classCode><className>INTERBANK LENDING</className><classCode/><className/></classificationItem><classificationItem score=\"50\"><classCode>N525910EE</classCode><className>HEDGE FUNDS</className><classCode>Z3VpZD11cm46dG9waWM6QkY2N0Y5NDExMUY3NEE0NEJERkNDM0ZCNzIxRUU3OTg7cGFyZW50Z3VpZD11cm46dG9waWM6NEZBNjUwRkEwQjJGNDgzQzlEMzMyNEE1RDAyOTY4RkE</classCode><className>Hedge Funds</className></classificationItem></classification><classification classificationScheme=\"person\"><classificationItem score=\"58\"><classCode>PE000A4KI</classCode><className>BERNARD MADOFF</className><classCode/><className/></classificationItem></classification></classificationGroup></metadata></articleDoc></content></entry>"}