{"prediction_class": "Money laundering", "prediction_score": "1.0", "name": "Westpac", "title": "Hartzer vows to 'stay and fix' Westpac", "published": "2019-11-21T00:00:00Z", "updated": "2020-11-15T20:11:47Z", "cleaned_article": "[TITLE] Hartzer vows to 'stay and fix' Westpac [TITLE] \n\nWestpac chief executive Brian Hartzer has disputed the financial crime regulator's claims of \"indifference\" by the bank's leadership team to compliance lapses and 23 million breaches of anti-money-laundering and counter-terrorism financing laws.\"We have absolutely not been indifferent on this topic and we have made quite a number of changes over time to the leadership in risk, the leadership in financial crime.\" Australia's anti-money-laundering and counter-terrorism financing regulator Austrac launched legal action against Westpac over alleged breaches of the law including \"systemic failures\" in reporting of international transactions, including some linked to criminals and child exploitation in Asia.The court document claims Westpac failed to assess and monitor ongoing money-laundering and terrorism-financing risks for more than $11bn moved into and out of Australia through its banking relationships.Austrac alleged Westpac failed to adequately resource its anti-money-laundering and counter-terrorism finance function and hit out at its leadership and board. \"These contraventions are the result of systemic failures in its control environment, indifference by senior management and inadequate oversight by the board,\" the statement of claim said.The latest action against Westpac follows a record $700m fine paid by Commonwealth Bank last year to settle a high-profile Austrac case for contravening the law 53,750 times. That action contributed to the downfall of Ian Narev as its CEO. National Australia Bank has also disclosed a number of breaches of anti-money-laundering and counter-terrorism financing laws. The financial services sector is also grappling with the fallout from the Hayne royal commission and a customer compensation bill of $10bn.The statement of claim highlighted that Westpac failed to conduct proper diligence on 12 customers linked to child exploitation risks, some involving \"repeated patterns\" of frequent low-value transactions. One of those opened Westpac accounts after serving a custodial sentence for child exploitation.Gary Gill, head of investigations at boutique professional services firm Sapere Forensic, said Westpac could expect a significant penalty and banks should have been on notice given Austrac was ramping up its enforcement in recent years.\"They gave the banks and others a fair amount of time to get their house in order,\" he said. \"The organised criminals are always going to target banks and others.\" Regal Funds Management portfolio manager Mark Nathan said it was difficult for Westpac to quantify what it expected as a -penalty. \"There are different ways to look at the fault and severity. In the absence of anything else, CBA's settlement is a good starting point,\" Mr Nathan said.\"Westpac has failed to carry out appropriate due diligence on 12 of its customers, with a view to identifying, mitigating and managing known child exploitation risks,\" the statement of claim said.", "raw_cleaned_article": "<h2>Hartzer vows to 'stay and fix' Westpac</h2><p><b>Westpac chief executive Brian Hartzer has disputed the financial crime regulator's claims of \"indifference\" by the bank's leadership team to compliance lapses and 23 million breaches of anti-money-laundering and counter-terrorism financing laws.</b><b>\"We have absolutely not been indifferent on this topic and we have made quite a number of changes over time to the leadership in risk, the leadership in financial crime.\" Australia's anti-money-laundering and counter-terrorism financing regulator Austrac launched legal action against Westpac over alleged breaches of the law including \"systemic failures\" in reporting of international transactions, including some linked to criminals and child exploitation in Asia.</b><b>The court document claims Westpac failed to assess and monitor ongoing money-laundering and terrorism-financing risks for more than $11bn moved into and out of Australia through its banking relationships.</b><b>Austrac alleged Westpac failed to adequately resource its anti-money-laundering and counter-terrorism finance function and hit out at its leadership and board.</b> \"These contraventions are the result of systemic failures in its control environment, indifference by senior management and inadequate oversight by the board,\" the statement of claim said.<b>The latest action against Westpac follows a record $700m fine paid by Commonwealth Bank last year to settle a high-profile Austrac case for contravening the law 53,750 times. That action contributed to the downfall of Ian Narev as its CEO.</b> National Australia Bank has also disclosed a number of breaches of anti-money-laundering and counter-terrorism financing laws. The financial services sector is also grappling with the fallout from the Hayne royal commission and a customer compensation bill of $10bn.<b>The statement of claim highlighted that Westpac failed to conduct proper diligence on 12 customers linked to child exploitation risks, some involving \"repeated patterns\" of frequent low-value transactions. One of those opened Westpac accounts after serving a custodial sentence for child exploitation.</b><b>Gary Gill, head of investigations at boutique professional services firm Sapere Forensic, said Westpac could expect a significant penalty and banks should have been on notice given Austrac was ramping up its enforcement in recent years.</b><b>\"They gave the banks and others a fair amount of time to get their house in order,\" he said. \"The organised criminals are always going to target banks and others.\" Regal Funds Management portfolio manager Mark Nathan said it was difficult for Westpac to quantify what it expected as a -penalty.</b> \"There are different ways to look at the fault and severity. In the absence of anything else, CBA's settlement is a good starting point,\" Mr Nathan said.<b>\"Westpac has failed to carry out appropriate due diligence on 12 of its customers, with a view to identifying, mitigating and managing known child exploitation risks,\" the statement of claim said.</b></p>", "original_content": "<entry xmlns=\"http://www.w3.org/2005/Atom\"><id>urn:contentItem:5XJD-0141-F0JP-W0BX-00000-00</id><title>Hartzer vows to 'stay and fix' Westpac</title><published>2019-11-21T00:00:00Z</published><updated>2020-11-15T20:11:47Z</updated><author><name>LexisNexis</name></author><content type=\"application/xml\"><!--Transformation version 1.23--><articleDoc xmlns=\"\" xmlns:xsi=\"http://www.w3.org/2001/XMLSchema-instance\" xsi:noNamespaceSchemaLocation=\"http://www.lexisnexis.com/xmlschemas/content/public/articledoc/1/\" schemaVersion=\"1.8\" xml:lang=\"en\"><articleDocHead><itemInfo><sourceSectionInfo><positionSection>BUSINESS</positionSection><positionSequence>Pg. 17</positionSequence></sourceSectionInfo></itemInfo></articleDocHead><nitf:body xmlns:nitf=\"http://iptc.org/std/NITF/2006-10-18/\"><nitf:body.head><nitf:hedline><nitf:hl1>Hartzer vows to 'stay and fix' Westpac</nitf:hl1></nitf:hedline><nitf:byline><author><person><nameText>Joyce Moullakis</nameText></person></author></nitf:byline></nitf:body.head><nitf:body.content><bodyText><p nitf:lede=\"true\">Westpac chief executive Brian Hartzer has disputed the financial crime regulator's claims of \"indifference\" by the bank's leadership team to compliance lapses and 23 million breaches of anti-money-laundering and counter-terrorism financing laws.</p><p nitf:lede=\"true\">Mr Hartzer, who vowed to stay on as CEO and fix the issues, said while he accepted the allegations in the statement of claim lodged with the Federal Court, he did not agree that Westpac executives were unmoved by the failings.</p><p>\"There's one thing that I do take issue with, and that is the suggestion that, at least at a senior executive level or at board level, that we have been indifferent,\" he said.</p><p>\"We have absolutely not been indifferent on this topic and we have made quite a number of changes over time to the leadership in risk, the leadership in financial crime.\" Australia's anti-money-laundering and counter-terrorism financing regulator Austrac launched legal action against Westpac over alleged breaches of the law including \"systemic failures\" in reporting of international transactions, including some linked to criminals and child exploitation in Asia.</p><p>The court document claims Westpac failed to assess and monitor ongoing money-laundering and terrorism-financing risks for more than $11bn moved into and out of Australia through its banking relationships.</p><p>Austrac also said Westpac did not do enough to stop individuals in high-risk countries and jurisdictions - including Iraq, Lebanon, Ukraine and Zimbabwe - from potentially accessing the Australian payment system.</p><p>Austrac alleged Westpac failed to adequately resource its anti-money-laundering and counter-terrorism finance function and hit out at its leadership and board.</p><p>\"These contraventions are the result of systemic failures in its control environment, indifference by senior management and inadequate oversight by the board,\" the statement of claim said.</p><p>But Mr Hartzer said Westpac had increased its resourcing and was addressing the compliance failings, some of which related to the botched implementation of a new technology system. \"It is clear that not enough attention has been paid at a working level to resolving these issues,\" he said.</p><p>The latest action against Westpac follows a record $700m fine paid by Commonwealth Bank last year to settle a high-profile Austrac case for contravening the law 53,750 times. That action contributed to the downfall of Ian Narev as its CEO.</p><p>National Australia Bank has also disclosed a number of breaches of anti-money-laundering and counter-terrorism financing laws.</p><p>The financial services sector is also grappling with the fallout from the Hayne royal commission and a customer compensation bill of $10bn.</p><p>Some analysts estimate Westpac's Austrac penalty will at least match CBA's fine and possibly come in at as much as $1bn. The bank's shares tumbled 3.3 per cent on Wednesday, wiping more than $3.1bn from its market value.</p><p>The statement of claim highlighted that Westpac failed to conduct proper diligence on 12 customers linked to child exploitation risks, some involving \"repeated patterns\" of frequent low-value transactions. One of those opened Westpac accounts after serving a custodial sentence for child exploitation.</p><p>Gary Gill, head of investigations at boutique professional services firm Sapere Forensic, said Westpac could expect a significant penalty and banks should have been on notice given Austrac was ramping up its enforcement in recent years.</p><p>\"They gave the banks and others a fair amount of time to get their house in order,\" he said. \"The organised criminals are always going to target banks and others.\" Regal Funds Management portfolio manager Mark Nathan said it was difficult for Westpac to quantify what it expected as a -penalty.</p><p>\"There are different ways to look at the fault and severity. In the absence of anything else, CBA's settlement is a good starting point,\" Mr Nathan said.</p><p>\"The Austrac allegations were strongly worded. Some would -suggest that management could have escalated the priority and urgency of this earlier, but appreciate the magnitude and breadth of recent compliance enhancements and complexity involved.\" Shaw and Partners analyst Brett Le Mesurier said he suspected a large Westpac legal settlement or penalty, which could top $1bn.</p><p>Morgan Stanley analysts said they had forecast a $250m penalty for Westpac in 2020, and noted that every $500m hit equated to a drag of about 11 basis points on the bank's core capital.</p><p>Mr Hartzer would not be drawn into the size of a potential penalty but acknowledged there would be \"consequences for Westpac\".</p><p>\"We absolutely accept that this is an unacceptable state of affairs. Where we find there needs to be personal accountability we will take action,\" he said.</p><p>Austrac's statement of claim alleges Westpac had failed to report more than 19.5 million international funds transfer instructions to the regulator over nearly five years for transfers both into and out of Australia.</p><p>It labelled Westpac's technology system that was meant to manage the process as \"not fit for purpose\".</p><p>Westpac self-reported those breaches in August last year, spurring an investigation by Austrac that uncovered the issues around lax customer due diligence and criminal activity.</p><p>\"Westpac has failed to carry out appropriate due diligence on 12 of its customers, with a view to identifying, mitigating and managing known child exploitation risks,\" the statement of claim said.</p><p>\"One customer opened a number of Westpac accounts after serving a custodial sentence for child exploitation.\" An Australian Securities &amp; Investments Commission spokesman said: \"We will examine any issues arising from these proceedings that may touch on ASIC's jurisdiction. We will continue to co-operate with our colleagues at other agencies in relation to this matter.\" Last month, Westpac warned of a \"significant financial penalty\" for anti-money-laundering breaches as it revealed a wider $341m hit to second-half cash earnings due to customer compensation payments.Austrac said on Wednesday that Westpac had co-operated with its investigation and had started improving its controls.</p></bodyText></nitf:body.content></nitf:body><metadata><dc:metadata xmlns:dc=\"http://purl.org/dc/elements/1.1/\"><dc:identifier identifierScheme=\"DOC-ID\">THEAUS-ada564d40b7711eaa75e78ca4c6494c081c5c8b63cd67a3dd1b09dab3550f1ff</dc:identifier><dc:source sourceScheme=\"royaltyReportingKey\">THEAUS2019</dc:source><dc:identifier identifierScheme=\"PGUID\">urn:contentItem:5XJD-0141-F0JP-W0BX-00000-00</dc:identifier><dc:source sourceScheme=\"productContentSetIdentifier\">244777</dc:source><dc:date dateType=\"last-updated\">2019-11-20</dc:date></dc:metadata><wordCount number=\"1015\"/><publicationInfo><copyright>Copyright 2019 Nationwide News Pty Limited All Rights Reserved</copyright><publicationName>The Australian</publicationName><edition>Australian3 Edition</edition><publicationDate day=\"21\" month=\"11\" year=\"2019\"><dateText>November 21, 2019 Thursday</dateText></publicationDate><classification classificationScheme=\"publicationtype\"><classificationItem><className>Newspaper</className></classificationItem></classification><classification classificationScheme=\"publicationtype\"><classificationItem><className>Newspapers</className></classificationItem></classification></publicationInfo><classification classificationScheme=\"language\"><classificationItem classificationScheme=\"lang.english\"><className>ENGLISH</className></classificationItem></classification><classificationGroup classificationScheme=\"indexing-terms\"><classification classificationScheme=\"company\"><classificationItem score=\"58\"><classCode>CC0001V19</classCode><className>NATIONAL AUSTRALIA BANK LTD</className></classificationItem></classification><classification classificationScheme=\"industry\"><classificationItem score=\"58\"><className>NAICS522293 INTERNATIONAL TRADE FINANCING</className></classificationItem><classificationItem score=\"58\"><className>NAICS522120 SAVINGS INSTITUTIONS</className></classificationItem><classificationItem score=\"58\"><className>NAICS522110 COMMERCIAL BANKING</className></classificationItem><classificationItem score=\"58\"><className>SIC6082 FOREIGN TRADE &amp; INTERNATIONAL BANKING INSTITUTIONS</className></classificationItem><classificationItem score=\"58\"><className>SIC6081 BRANCHES &amp; AGENCIES OF FOREIGN BANKS</className></classificationItem></classification><classification classificationScheme=\"ticker\"><classificationItem score=\"58\"><className>NAB (ASX)</className></classificationItem></classification></classificationGroup><classificationGroup classificationScheme=\"indexing-terms\"><classification classificationScheme=\"legal\"><classificationItem><className>Criminal Law &amp; Procedure</className><classCode>Z3VpZD11cm46dG9waWM6NEU0RkE1OUQwNUQwNDgxODhEODZCMjkzOTg3NThBNzk7cGFyZW50Z3VpZD0</classCode><classificationItem score=\"95\"><className>General Overview</className><classCode>Z3VpZD11cm46dG9waWM6MUM4RjZFOEE4MDc3NDE4QjhCMkQwNzc2QTM0OUQ5NjI7cGFyZW50Z3VpZD11cm46dG9waWM6QzBDQzA4NEVCN0Q0NEZCRkEwNjY3Qzk3MDA3NzlCMjU</classCode></classificationItem></classificationItem></classification><classification classificationScheme=\"subject\"><classificationItem score=\"91\"><classCode>ST000D1BY</classCode><className>EXECUTIVES</className><classCode/><className/></classificationItem><classificationItem score=\"90\"><classCode>STX000417</classCode><className>COUNTERTERRORISM</className><classCode/><className/></classificationItem><classificationItem score=\"90\"><classCode>ST000DN6S</classCode><className>COUNTERTERRORISM LAWS</className><classCode/><className/></classificationItem><classificationItem score=\"90\"><classCode>STX000713</classCode><className>FINANCIAL CRIME COUNTERMEASURES</className><classCode/><className/></classificationItem><classificationItem score=\"90\"><classCode>STX000759</classCode><className>FRAUD &amp; FINANCIAL CRIME</className><classCode/><className/></classificationItem><classificationItem score=\"90\"><classCode>STX000951</classCode><className>INTERNATIONAL TRADE</className><classCode/><className/></classificationItem><classificationItem score=\"90\"><classCode>N522293CC</classCode><className>INTERNATIONAL TRADE FINANCING</className><classCode/><className/></classificationItem><classificationItem score=\"90\"><classCode>STX001159</classCode><className>MONEY LAUNDERING</className><classCode>Z3VpZD11cm46dG9waWM6QzBDQzA4NEVCN0Q0NEZCRkEwNjY3Qzk3MDA3NzlCMjU7cGFyZW50Z3VpZD11cm46dG9waWM6NkUzNTQ1QUZBM0Y5NDcyQjk4N0I5Mjg0QzU3NDk0MDI</classCode><className>Money Laundering</className></classificationItem><classificationItem score=\"90\"><classCode>ST0009FJK</classCode><className>NEGATIVE PERSONAL NEWS</className><classCode/><className/></classificationItem><classificationItem score=\"89\"><classCode>STX001710</classCode><className>TERRORISM</className><classCode>Z3VpZD11cm46dG9waWM6ODg4MDhDQ0I2QkY5NDU2Rjg1RDNEREFBODk1Nzg1QTY7cGFyZW50Z3VpZD11cm46dG9waWM6RjgwNUY4MjJCMTg5NDgzRUJBMDQwNkM4NkUyNTJBMEY</classCode><className>Terrorism</className></classificationItem><classificationItem score=\"79\"><classCode>ST000DMT1</classCode><className>PATENT COURTS</className><classCode/><className/></classificationItem><classificationItem score=\"78\"><classCode>ST0008XMR</classCode><className>LAW &amp; LEGAL SYSTEM</className><classCode/><className/></classificationItem><classificationItem score=\"78\"><classCode>STX001040</classCode><className>LITIGATION</className><classCode/><className/></classificationItem><classificationItem score=\"78\"><classCode>STX001500</classCode><className>RISK MANAGEMENT</className><classCode/><className/></classificationItem><classificationItem score=\"73\"><classCode>STLL000CVGE</classCode><className>CHILDREN'S RIGHTS</className><classCode/><className/></classificationItem><classificationItem score=\"73\"><classCode>STX001648</classCode><className>SUITS &amp; CLAIMS</className><classCode/><className/></classificationItem><classificationItem score=\"71\"><classCode>N922110CC</classCode><className>LAW COURTS &amp; TRIBUNALS</className><classCode/><className/></classificationItem></classification><classification classificationScheme=\"industry\"><classificationItem score=\"91\"><classCode>N520000CC</classCode><className>BANKING &amp; FINANCE</className><classCode/><className/></classificationItem><classificationItem score=\"91\"><classCode>ST0009RX6</classCode><classCode/><className/></classificationItem><classificationItem score=\"90\"><classCode>N522293CC</classCode><className>INTERNATIONAL TRADE FINANCING</className><classCode/><className/></classificationItem><classificationItem score=\"78\"><classCode>ST00090O3</classCode><className>BANKING &amp; FINANCE REGULATION &amp; POLICY</className><classCode/><className/></classificationItem><classificationItem score=\"78\"><classCode>STX001500</classCode><className>RISK MANAGEMENT</className><classCode/><className/></classificationItem></classification><classification classificationScheme=\"country\"><classificationItem score=\"95\"><classCode>GC301</classCode><className>AUSTRALIA</className><classCode/><className/></classificationItem><classificationItem score=\"79\"><classCode>GT113</classCode><className>ASIA</className><classCode/><className/></classificationItem><classificationItem score=\"79\"><classCode>GC373</classCode><className>LEBANON</className><classCode/><className/></classificationItem><classificationItem score=\"79\"><classCode>GC581</classCode><className>UKRAINE</className><classCode/><className/></classificationItem><classificationItem score=\"75\"><classCode>GC358</classCode><className>IRAQ</className><classCode/><className/></classificationItem></classification></classificationGroup></metadata></articleDoc></content></entry>"}