{"prediction_class": "Money laundering", "prediction_score": "1.0", "name": "Westpac", "title": "Westpac's decision to fight ASIC pays off", "published": "2018-05-25T00:00:00Z", "updated": "2020-11-15T20:16:13Z", "cleaned_article": "[TITLE] Westpac's decision to fight ASIC pays off [TITLE] \n\nThe nub of the unconscionable conduct allegations was that counterparties in the markets impacted by the BBSW weren't aware that Westpac could or would engage in trading directed at manipulating the rate and therefore the markets influenced by it, instead expecting it to reflect genuine market forces of supply and demand. Whether or not the traders succeeded in influencing the rate, and whether or not anyone was harmed by their actions, there was what Justice Beach described as an \"improper purpose\". That conclusion allows ASIC to claim a share of the victory in a case it must have been concerned about, given the complexities of the trading and markets involved and the starting point that it had claimed four major banks were all trying to rig the same rate, in markets where they weren't the only participants, in overlapping timeframes and in different directions. [...] \n\nThe way the BBSW is set has been changed, so the circumstances that gave rise to the attempts to manipulate the rate shouldn't recur. The revelations of the rather colourful language and behaviours of their traders that the litigation generated has also resulted in significant changes to the policies and, in some instances, personnel in the trading rooms. ANZ, NAB and CBA put the BBSW issues behind them when they settled with ASIC, allowing them to focus on the other damaging issues - the royal commission and, in CBA's case, its Austrac-inspired money laundering problems - that are consuming their attention and resources and ravaging their brands. Westpac can now pay the penalties for the unconscionable conduct element of the case against it rather than begin preparations for the avalanche of class action litigation that Maxsted and Hartzer risked when they decided to fight rather than settle.", "raw_cleaned_article": "<h2>Westpac's decision to fight ASIC pays off</h2><p><b>The nub of the unconscionable conduct allegations was that counterparties in the markets impacted by the BBSW weren't aware that Westpac could or would engage in trading directed at manipulating the rate and therefore the markets influenced by it, instead expecting it to reflect genuine market forces of supply and demand.</b> Whether or not the traders succeeded in influencing the rate, and whether or not anyone was harmed by their actions, there was what Justice Beach described as an \"improper purpose\". That conclusion allows ASIC to claim a share of the victory in a case it must have been concerned about, given the complexities of the trading and markets involved and the starting point that it had claimed four major banks were all trying to rig the same rate, in markets where they weren't the only participants, in overlapping timeframes and in different directions.</p><p>[...]</p><p>The way the BBSW is set has been changed, so the circumstances that gave rise to the attempts to manipulate the rate shouldn't recur. The revelations of the rather colourful language and behaviours of their traders that the litigation generated has also resulted in significant changes to the policies and, in some instances, personnel in the trading rooms. ANZ, NAB and CBA put the BBSW issues behind them when they settled with ASIC, allowing them to focus on the other damaging issues - the royal commission and, in CBA's case, its Austrac-inspired money laundering problems - that are consuming their attention and resources and ravaging their brands. <b>Westpac can now pay the penalties for the unconscionable conduct element of the case against it rather than begin preparations for the avalanche of class action litigation that Maxsted and Hartzer risked when they decided to fight rather than settle.</b></p>", "original_content": "<entry xmlns=\"http://www.w3.org/2005/Atom\"><id>urn:contentItem:5SD5-W011-DY19-C02D-00000-00</id><title>Westpac's decision to fight ASIC pays off</title><published>2018-05-25T00:00:00Z</published><updated>2020-11-15T20:16:13Z</updated><author><name>LexisNexis</name></author><content type=\"application/xml\"><!--Transformation version 1.23--><articleDoc xmlns=\"\" xmlns:xsi=\"http://www.w3.org/2001/XMLSchema-instance\" xsi:noNamespaceSchemaLocation=\"http://www.lexisnexis.com/xmlschemas/content/public/articledoc/1/\" schemaVersion=\"1.8\" xml:lang=\"en\"><articleDocHead><itemInfo/></articleDocHead><nitf:body xmlns:nitf=\"http://iptc.org/std/NITF/2006-10-18/\"><nitf:body.head><nitf:hedline><nitf:hl1>Westpac's decision to fight ASIC pays off</nitf:hl1></nitf:hedline><nitf:byline><author><person><nameText>Stephen Bartholomeusz</nameText></person></author></nitf:byline><highlight><bodyText><p>The judge's ruling in Westpac's BBSW case is sufficiently mixed and fuzzy for both parties to be able to claim partial victories.</p></bodyText></highlight></nitf:body.head><nitf:body.content><bodyText><p nitf:lede=\"true\">The outcome of the <url normalizedValue=\"https://www.smh.com.au/business/banking-and-finance/westpac-in-partial-win-over-asic-on-rate-rigging-20180524-p4zh6j.html\">Australian Securities and Investments Commission case against Westpac</url>, alleging its traders had rigged the bank bill swap rate, is sufficiently mixed and fuzzy for both parties to be able to claim partial victories.</p><p nitf:lede=\"true\">One suspects, however, that Lindsay Maxsted and Brian Hartzer have the most reasons to feel relieved.</p><p nitf:lede=\"true\">Unlike their peers at ANZ, National Australia Bank and Commonwealth who, facing similar allegations, chose the commercial outcome and paid $125 million between them to ASIC while acknowledging they attempted to engage in \"unconscionable\" conduct by manipulating the BBSW rate, Maxsted and Hartzer chose to fight the case.</p><p>They did so because they didn't believe the bank had done anything wrong - they were acting on principle - and to defend the reputation of the bank and its traders.</p><p>On the key set of charges - that it was general practice for Westpac's traders to routinely rig or manipulate the BBSW - Justice Beach rejected ASIC's allegations in the judgment handed down in the Federal Court, saying he wasn't prepared to infer from the ???'isolated instances'' (having reduced the number of occasions on which the traders had attempted to influence the BBSW from ASIC's alleged 16 events to four) that there was a \"pattern or system such as to give rise to such a practice\".</p><p>On the lesser allegations of unconscionable conduct, he reduced the number of instances where the traders had attempted to manipulate the market from 16 to four, but found for ASIC in those instances.</p><p>In effect, Westpac has ended up in the same place as its peers who conceded there were attempts to manipulate the BBSW - but not that those attempts were successful, which would have opened the door to potentially massive class actions.</p><p>The nub of the unconscionable conduct allegations was that counterparties in the markets impacted by the BBSW weren't aware that Westpac could or would engage in trading directed at manipulating the rate and therefore the markets influenced by it, instead expecting it to reflect genuine market forces of supply and demand.</p><p>Whether or not the traders succeeded in influencing the rate, and whether or not anyone was harmed by their actions, there was what Justice Beach described as an \"improper purpose\".</p><p>That conclusion allows ASIC to claim a share of the victory in a case it must have been concerned about, given the complexities of the trading and markets involved and the starting point that it had claimed four major banks were all trying to rig the same rate, in markets where they weren't the only participants, in overlapping timeframes and in different directions.</p><p>It was clear from the outset there was no suggestion of the collusion uncovered in similar episodes offshore, which would have made it far easier to manipulate the markets involved.</p><p>One of the odd moments in the BBSW saga, and one that also points to its complexity, occurred at the outset, when ASIC said the intention of the banks was \"to seek to maximise its profits or minimise its losses to the detriment of those holding opposite positions\".</p><p>If that wasn't their intention - within the boundaries of the law and the banks' policies - the traders should all have been sacked a long time ago. You'd hardly employ them to minimise profits and maximise losses.Justice Beach put the complexities underlying the ASIC market manipulation case into perspective by describing a \"three-dimensional construct\".</p><p>\"In simplistic terms, ASIC's case proceeds on the foundation of taking a product in the first dimension and its trading (prime bank bills in the bank bill market) to achieve a purpose in the second dimension (influencing where the BBSW was set) to produce or likely bring about an artificial price in the third dimension (the pricing of bank bill futures, interest rate swaps and cross-currency swaps).''</p><p>Whatever the purpose of the traders and their trading might be - and Justice Beach concluded that their dominant purpose was to try to manipulate the BBSW - it was always going to be a challenge to establish that their activity in the alleged manipulation of the BBSW was going to have the effect, or likely effect, of generating artificial prices in those \"third dimension'' derivative markets. It was going to be very difficult to prove that they had actually manipulated markets rather than just attempted to. And so it has transpired.</p><p>The way the BBSW is set has been changed, so the circumstances that gave rise to the attempts to manipulate the rate shouldn't recur. The revelations of the rather colourful language and behaviours of their traders that the litigation generated has also resulted in significant changes to the policies and, in some instances, personnel in the trading rooms.</p><p>ANZ, NAB and CBA put the BBSW issues behind them when they settled with ASIC, allowing them to focus on the other damaging issues - the royal commission and, in CBA's case, its Austrac-inspired money laundering problems - that are consuming their attention and resources and ravaging their brands.</p><p>Westpac can now pay the penalties for the unconscionable conduct element of the case against it rather than begin preparations for the avalanche of class action litigation that Maxsted and Hartzer risked when they decided to fight rather than settle.</p><p>The other set of relieved directors and CEOs will be Maxsted and Hartzer's peers, who would have been severely embarrassed had Westpac won on all counts.</p></bodyText></nitf:body.content></nitf:body><metadata><dc:metadata xmlns:dc=\"http://purl.org/dc/elements/1.1/\"><dc:identifier identifierScheme=\"DOC-ID\">AGEAUS-1520028193</dc:identifier><dc:source sourceScheme=\"royaltyReportingKey\">AGEAUS2018</dc:source><dc:identifier identifierScheme=\"PGUID\">urn:contentItem:5SD5-W011-DY19-C02D-00000-00</dc:identifier><dc:source sourceScheme=\"productContentSetIdentifier\">404060</dc:source><dc:date dateType=\"last-updated\">2018-05-26</dc:date></dc:metadata><wordCount number=\"904\"/><timeReceived>07:08 AM GMT</timeReceived><publicationInfo><copyright>Copyright 2018 Fairfax Media Publications Pty. Limited All Rights Reserved</copyright><publicationName>The Age (Melbourne, Australia) - Online</publicationName><publicationDate day=\"25\" month=\"05\" year=\"2018\"><dateText>May 25, 2018 Friday</dateText></publicationDate><classification classificationScheme=\"publicationtype\"><classificationItem><className>Web Publication</className></classificationItem></classification><classification classificationScheme=\"publicationtype\"><classificationItem><className>Web-based Publications</className></classificationItem></classification></publicationInfo><classification classificationScheme=\"language\"><classificationItem classificationScheme=\"lang.english\"><className>ENGLISH</className></classificationItem></classification><classificationGroup classificationScheme=\"indexing-terms\"><classification classificationScheme=\"company\"><classificationItem score=\"58\"><classCode>CC0001V19</classCode><className>NATIONAL AUSTRALIA BANK LTD</className></classificationItem></classification><classification classificationScheme=\"ticker\"><classificationItem score=\"58\"><className>NAB (ASX)</className></classificationItem></classification></classificationGroup><classificationGroup classificationScheme=\"licensor.indexing-terms\"><classification classificationScheme=\"licensor.subject\"><classificationItem><className>Banking and Finance</className></classificationItem></classification></classificationGroup><classificationGroup classificationScheme=\"indexing-terms\"><classification classificationScheme=\"subject\"><classificationItem score=\"90\"><classCode>ST000DLZ7</classCode><className>MARKET MANIPULATION</className><classCode/><className/></classificationItem><classificationItem score=\"89\"><classCode>STX001661</classCode><className>SWAP TRANSACTIONS</className><classCode/><className/></classificationItem><classificationItem score=\"78\"><classCode>N926150GC</classCode><className>BANKING &amp; FINANCE REGULATION</className><classCode/><className/></classificationItem><classificationItem score=\"77\"><classCode>STX001149</classCode><className>MISCONDUCT</className><classCode/><className/></classificationItem><classificationItem score=\"76\"><classCode>STX001040</classCode><className>LITIGATION</className><classCode/><className/></classificationItem><classificationItem score=\"73\"><classCode>STX001648</classCode><className>SUITS &amp; CLAIMS</className><classCode/><className/></classificationItem><classificationItem score=\"71\"><classCode>ST0008XKG</classCode><className>OUTPUT &amp; DEMAND</className><classCode/><className/></classificationItem><classificationItem score=\"67\"><classCode>N922110CC</classCode><className>LAW COURTS &amp; TRIBUNALS</className><classCode/><className/></classificationItem></classification><classification classificationScheme=\"industry\"><classificationItem score=\"90\"><classCode>ST000DLZ7</classCode><className>MARKET MANIPULATION</className><classCode/><className/></classificationItem><classificationItem score=\"89\"><classCode>STX001661</classCode><className>SWAP TRANSACTIONS</className><classCode/><className/></classificationItem><classificationItem score=\"78\"><classCode>N926150GC</classCode><className>BANKING &amp; FINANCE REGULATION</className><classCode/><className/></classificationItem></classification><classification classificationScheme=\"country\"><classificationItem score=\"92\"><classCode>GC301</classCode><className>AUSTRALIA</className><classCode/><className/></classificationItem></classification></classificationGroup></metadata></articleDoc></content></entry>"}