{"prediction_class": "Money laundering", "prediction_score": "1.0", "name": "Westpac", "title": "NAB fronts investors at AGM after ASIC launches fees-for-no-service case", "published": "2019-12-18T00:00:00Z", "updated": "2020-11-15T20:00:46Z", "cleaned_article": "[TITLE] NAB fronts investors at AGM after ASIC launches fees-for-no-service case [TITLE] \n\nNAB senior executives will forfeit their short-term bonuses and will not see any increase to their base pay. Directors have also had their fees cut by one-fifth. Latest in a series of bank scandals On Tuesday, the banking regulator announced it was investigating Westpac amid allegations by financial crimes agency, AUSTRAC, that the bank breached anti-money laundering laws more than 23 million times. ASIC has also taken NAB to court over its introducer scheme, which saw third parties, including gym owners and tailors, paid commissions for introducing home loan customers to the bank. AUSTRAC is also investigating NAB in relation to its compliance with anti-money laundering laws, with Mr Chronican telling the AGM the bank was acutely aware of the money laundering risks but \"there will be times where our processes fall short\".", "raw_cleaned_article": "<h2>NAB fronts investors at AGM after ASIC launches fees-for-no-service case</h2><p>NAB senior executives will forfeit their short-term bonuses and will not see any increase to their base pay. Directors have also had their fees cut by one-fifth. Latest in a series of bank scandals <b>On Tuesday, the banking regulator announced it was investigating Westpac amid allegations by financial crimes agency, AUSTRAC, that the bank breached anti-money laundering laws more than 23 million times.</b> ASIC has also taken NAB to court over its introducer scheme, which saw third parties, including gym owners and tailors, paid commissions for introducing home loan customers to the bank. AUSTRAC is also investigating NAB in relation to its compliance with anti-money laundering laws, with Mr Chronican telling the AGM the bank was acutely aware of the money laundering risks but \"there will be times where our processes fall short\".</p>", "original_content": "<entry xmlns=\"http://www.w3.org/2005/Atom\"><id>urn:contentItem:5XS7-NST1-DXX7-H24D-00000-00</id><title>NAB fronts investors at AGM after ASIC launches fees-for-no-service case</title><published>2019-12-18T00:00:00Z</published><updated>2020-11-15T20:00:46Z</updated><author><name>LexisNexis</name></author><content type=\"application/xml\"><!--Transformation version 1.23--><articleDoc xmlns=\"\" xmlns:xsi=\"http://www.w3.org/2001/XMLSchema-instance\" xsi:noNamespaceSchemaLocation=\"http://www.lexisnexis.com/xmlschemas/content/public/articledoc/1/\" schemaVersion=\"1.8\" xml:lang=\"en\"><articleDocHead><itemInfo/></articleDocHead><nitf:body xmlns:nitf=\"http://iptc.org/std/NITF/2006-10-18/\"><nitf:body.head><nitf:hedline><nitf:hl1>NAB fronts investors at AGM after ASIC launches fees-for-no-service case</nitf:hl1></nitf:hedline><nitf:byline><author><person><nameText>By business reporters Sue Lannin and Peter Ryan</nameText></person></author></nitf:byline></nitf:body.head><nitf:body.content><bodyText><p nitf:lede=\"true\">The National Australia Bank has told investors it takes legal action over the fees-for-no-service scandal seriously, after the corporate regulator took the bank to court for allegedly breaching corporate laws more than 10,000 times.</p><p nitf:lede=\"true\">The Australian Securities and Investments Commission (ASIC) has accused the bank of breaking the ASIC Act and the Corporations Act by charging customers for financial advice they did not receive and allegedly making false or misleading statements in fee disclosure statements from December 2013 to February 2019, when the final report of the banking royal commission was released.</p><p>NAB is also accused of contravening its financial services licence.</p><p>The bank collected more than $650 million in fees from customers but did not give them financial advice.</p><p>In his first annual general meeting as NAB chief executive, Ross McEwan told investors the bank would work cooperatively with ASIC to deal with the issue.</p><p>\"I will make every effort to ensure our relationships with regulators are transparent and constructive,\" he said.</p><p>\"An example of this is the civil legal action taken this week by ASIC against NAB in relation to alleged breaches concerning ongoing fee arrangements with clients of NAB Financial Planning.\"</p><p>ASIC deputy chairman Daniel Crennan told AM the bank faced the potential for several billion dollars in civil penalties amid legal action over the fees-for-no-service scandal, however, if the case was settled, then the fine was expected to be less than that.</p><p>Mr Crennan said former chairman, Ken Henry, and former chief executive, Andrew Thorburn, could be called as witnesses if the case went to court.</p><p>\"If large entities such as NAB engage in long-term systemic misconduct of this sort or any other sort, then they can expect to find themselves in court and this is an instance of a very large case relating to very large numbers of contraventions over a very significant period of time,\" he said.</p><p>\"It has been quite a comprehensive and reasonably long investigation and that relates to the number of contraventions that we investigated, the period of time over which those contraventions took place.</p><p>\"So this issuing the proceeding is the culmination of that very comprehensive work.\"</p><p>NAB facing compensation bill of more than $2 billion</p><p><url normalizedValue=\"http://www.abc.net.au/news/2019-02-07/nab-ceo-and-chairman-both-resign-after-royal-commission/10790670\">Mr Henry and Mr Thorburn were forced to fall on their swords</url> after they were heavily criticised by banking royal commissioner, Kenneth Hayne, over the bank's handling of various scandals, including fees for no service.</p><p>Former senior NAB executive Andrew Haggar, who oversaw the wealth division, also left the bank after he was criticised for withholding critical information from regulators about the fees-for-no-service scandal.</p><p>Mr Haggar is singled out in ASIC's legal statement of claim for his involvement in the conduct, but the allegations are against NAB.</p><p>NAB so far faces a compensation bill of more than $2 billion for various financial scandals.</p><p>The bank's new chairman, Philip Chronican, told the meeting that, overall, the bank had so far returned $276 million to customers through just over 500,000 payments.</p><p>The bank said it had so far refunded nearly $37.8 million to 27,500 NAB clients for fees for no service, with compensation expected to be completed by June next year.</p><p>The bank said it began switching clients to 12-month advice contracts and stopped new ongoing fee arrangements.</p><p>At <url normalizedValue=\"/news/2018-12-19/nab-and-anz-bosses-face-investor-backlash-on-executive-pay/10634000\">last year's annual general meeting, NAB was hit with the biggest vote in corporate history</url> against its remuneration report.</p><p>However, the Australian Shareholders Association said it supported this year's remuneration report.</p><p>NAB senior executives will forfeit their short-term bonuses and will not see any increase to their base pay. Directors have also had their fees cut by one-fifth.</p><p>Latest in a series of bank scandals</p><p>Last week Westpac became the first major bank to see investors vote against the executive pay plan for the second year in a row, but it <url normalizedValue=\"/news/2019-12-12/westpac-chairman-agm-protest-vote/11792010\">survived an attempt to spill the board</url>.</p><p>On Tuesday, <url normalizedValue=\"/news/2019-12-17/apra-to-investigate-westpac-for-possible-banking-act-breaches/11805530\">the banking regulator announced it was investigating Westpac</url> amid allegations by financial crimes agency, AUSTRAC, that the bank breached anti-money laundering laws more than 23 million times.</p><p><url normalizedValue=\"/news/2019-08-23/asic-takes-nab-to-court-over-introducer-scheme/11442970\">ASIC has also taken NAB to court over its introducer scheme</url>, which saw third parties, including gym owners and tailors, paid commissions for introducing home loan customers to the bank.</p><p>AUSTRAC is also investigating NAB in relation to its compliance with anti-money laundering laws, with Mr Chronican telling the AGM the bank was acutely aware of the money laundering risks but \"there will be times where our processes fall short\".</p><p>The <url normalizedValue=\"/news/2019-11-19/cba-pleads-guilty-to-criminal-breachs-in-hawking-life-insurance/11717630\">Commonwealth Bank was also recently fined after pleading guilty to 87 criminal charges of cold calling customers</url> to sell insurance products.</p><p>It was also <url normalizedValue=\"/news/2018-06-04/commonwealth-bank-pay-$700-million-fine-money-laundering-breach/9831064\">fined $700 million by AUSTRAC</url> after breaking anti-money laundering and counter terrorism financing laws.</p></bodyText></nitf:body.content></nitf:body><metadata><dc:metadata xmlns:dc=\"http://purl.org/dc/elements/1.1/\"><dc:identifier identifierScheme=\"DOC-ID\">ABCPNW-TOPNWS11809222</dc:identifier><dc:source sourceScheme=\"royaltyReportingKey\">ABCPNW2019</dc:source><dc:identifier identifierScheme=\"PGUID\">urn:contentItem:5XS7-NST1-DXX7-H24D-00000-00</dc:identifier><dc:source sourceScheme=\"productContentSetIdentifier\">300224</dc:source><dc:date dateType=\"last-updated\">2019-12-17</dc:date></dc:metadata><wordCount number=\"809\"/><timeReceived>11:08 AM AEST</timeReceived><publicationInfo><copyright>Copyright 2019 Australian Broadcasting Corporation All Rights Reserved</copyright><publicationName>ABC Premium News (Australia)</publicationName><publicationLogo><logo><inlineObject><locator><locatorKey><keyName name=\"object-key\"/><keyValue value=\"37478\"/></locatorKey><locatorParameters><parameter name=\"object-type\" value=\"201\"/><parameter name=\"object-smi\" value=\"LOGOS\"/><parameter name=\"componentseq\" value=\"1\"/></locatorParameters></locator></inlineObject></logo></publicationLogo><publicationDate day=\"18\" month=\"12\" year=\"2019\"><dateText>December 18, 2019 Wednesday</dateText></publicationDate><classification classificationScheme=\"publicationtype\"><classificationItem><className>Newswire</className></classificationItem></classification><classification classificationScheme=\"publicationtype\"><classificationItem><className>Newswires &amp; Press Releases</className></classificationItem></classification></publicationInfo><classification classificationScheme=\"language\"><classificationItem classificationScheme=\"lang.english\"><className>ENGLISH</className></classificationItem></classification><classificationGroup classificationScheme=\"indexing-terms\"><classification classificationScheme=\"company\"><classificationItem score=\"92\"><classCode>CC0001V19</classCode><className>NATIONAL AUSTRALIA BANK LTD</className></classificationItem></classification><classification classificationScheme=\"industry\"><classificationItem score=\"92\"><className>NAICS522293 INTERNATIONAL TRADE FINANCING</className></classificationItem><classificationItem score=\"92\"><className>NAICS522120 SAVINGS INSTITUTIONS</className></classificationItem><classificationItem score=\"92\"><className>NAICS522110 COMMERCIAL BANKING</className></classificationItem><classificationItem score=\"92\"><className>SIC6082 FOREIGN TRADE &amp; INTERNATIONAL BANKING INSTITUTIONS</className></classificationItem><classificationItem score=\"92\"><className>SIC6081 BRANCHES &amp; AGENCIES OF FOREIGN BANKS</className></classificationItem></classification><classification classificationScheme=\"ticker\"><classificationItem score=\"92\"><className>NAB (ASX)</className></classificationItem></classification></classificationGroup><classificationGroup classificationScheme=\"licensor.indexing-terms\"><classification classificationScheme=\"licensor.country\"><classificationItem><className>Australia</className></classificationItem></classification><classification classificationScheme=\"licensor.subject\"><classificationItem><className>Business, Economics and Finance:Industry:Banking</className></classificationItem><classificationItem><className>Business, Economics and Finance/Regulation</className></classificationItem><classificationItem><className>Law, Crime and Justice/Fraud and Corporate Crime</className></classificationItem><classificationItem><className>Business, Economics and Finance/Corporate Governance</className></classificationItem></classification></classificationGroup><classificationGroup classificationScheme=\"indexing-terms\"><classification classificationScheme=\"legal\"><classificationItem><className>Banking Law</className><classCode>Z3VpZD11cm46dG9waWM6QjQyMUFCOUJBNURBNEFDREE3MTNCNDk5QkQ4NUM3RjI7cGFyZW50Z3VpZD0</classCode><classificationItem score=\"96\"><className>Limitations &amp; Restrictions on Account Fees</className><classCode>Z3VpZD11cm46dG9waWM6RjgwMjFBM0REMjdCNDZCNjlCRUNDM0MzREZEQzg3NDc7cGFyZW50Z3VpZD11cm46dG9waWM6QjhBODUyMzhBNzc4NDZDNEE4RjRCRUQ2QzJDMDg2QjM</classCode></classificationItem></classificationItem><classificationItem><className>Business &amp; Corporate Compliance</className><classCode>Z3VpZD11cm46dG9waWM6MUFEMUQ2QTA1OUZCNEE5RjkzNTA2RERFMUNEOTk1RTI7cGFyZW50Z3VpZD0</classCode><classificationItem score=\"96\"><className>Limitations &amp; Restrictions on Account Fees</className><classCode>Z3VpZD11cm46dG9waWM6RjgwMjFBM0REMjdCNDZCNjlCRUNDM0MzREZEQzg3NDc7cGFyZW50Z3VpZD11cm46dG9waWM6NDIyQTAxOUNERDI4NDdFNjkyMEFDOTFFM0MwMTQzNjQ</classCode></classificationItem></classificationItem><classificationItem><className>Criminal Law &amp; Procedure</className><classCode>Z3VpZD11cm46dG9waWM6NEU0RkE1OUQwNUQwNDgxODhEODZCMjkzOTg3NThBNzk7cGFyZW50Z3VpZD0</classCode><classificationItem score=\"95\"><className>General Overview</className><classCode>Z3VpZD11cm46dG9waWM6MUM4RjZFOEE4MDc3NDE4QjhCMkQwNzc2QTM0OUQ5NjI7cGFyZW50Z3VpZD11cm46dG9waWM6QzBDQzA4NEVCN0Q0NEZCRkEwNjY3Qzk3MDA3NzlCMjU</classCode></classificationItem></classificationItem></classification><classification classificationScheme=\"subject\"><classificationItem score=\"90\"><classCode>ST000DD8C</classCode><className>BUSINESS &amp; CORPORATE ENTITIES LAW</className><classCode>Z3VpZD11cm46dG9waWM6QjA4OEVGODBENzY4NDcxM0IyQzA1OTEwQzVDODRBOUE7cGFyZW50Z3VpZD11cm46dG9waWM6MUFEMUQ2QTA1OUZCNEE5RjkzNTA2RERFMUNEOTk1RTI</classCode><className>Businesses &amp; Corporations</className></classificationItem><classificationItem score=\"90\"><classCode>STX001932</classCode><className>CRIME, LAW ENFORCEMENT &amp; CORRECTIONS</className><classCode/><className/></classificationItem><classificationItem score=\"90\"><classCode>ST000DLA3</classCode><className>ECONOMICS</className><classCode/><className/></classificationItem><classificationItem score=\"90\"><classCode>STX000951</classCode><className>INTERNATIONAL TRADE</className><classCode/><className/></classificationItem><classificationItem score=\"90\"><classCode>N522293CC</classCode><className>INTERNATIONAL TRADE FINANCING</className><classCode/><className/></classificationItem><classificationItem score=\"90\"><classCode>ST0008XMR</classCode><className>LAW &amp; LEGAL SYSTEM</className><classCode/><className/></classificationItem><classificationItem score=\"90\"><classCode>STX001040</classCode><className>LITIGATION</className><classCode/><className/></classificationItem><classificationItem score=\"90\"><classCode>ST0009FJK</classCode><className>NEGATIVE PERSONAL NEWS</className><classCode/><className/></classificationItem><classificationItem score=\"90\"><classCode>ST000CTIZ</classCode><className>SCANDALS</className><classCode/><className/></classificationItem><classificationItem score=\"90\"><classCode>STX001648</classCode><className>SUITS &amp; CLAIMS</className><classCode/><className/></classificationItem><classificationItem score=\"89\"><classCode>ST000D1BY</classCode><className>EXECUTIVES</className><classCode/><className/></classificationItem><classificationItem score=\"89\"><classCode>STX000969</classCode><className>INVESTIGATIONS</className><classCode/><className/></classificationItem><classificationItem score=\"89\"><classCode>N922110CC</classCode><className>LAW COURTS &amp; TRIBUNALS</className><classCode/><className/></classificationItem><classificationItem score=\"78\"><classCode>N926150GC</classCode><className>BANKING &amp; FINANCE REGULATION</className><classCode/><className/></classificationItem><classificationItem score=\"78\"><classCode>STX000404</classCode><className>CORPORATE GOVERNANCE</className><classCode>Z3VpZD11cm46dG9waWM6MDQ3M0RFODczN0I4NDg2RjlFRDNFMUNBODRDQTU0Q0E7cGFyZW50Z3VpZD11cm46dG9waWM6RTJGRkVBNjc4MzI3NDA5MTlEMDI1NjU2NzMyNkYzNTc</classCode><className>Corporate Governance</className></classificationItem><classificationItem score=\"78\"><classCode>STX000408</classCode><className>CORPORATE WRONGDOING</className><classCode/><className/></classificationItem><classificationItem score=\"78\"><classCode>STX000759</classCode><className>FRAUD &amp; FINANCIAL CRIME</className><classCode/><className/></classificationItem><classificationItem score=\"78\"><classCode>STX001149</classCode><className>MISCONDUCT</className><classCode/><className/></classificationItem><classificationItem score=\"77\"><classCode>ST000DANR</classCode><className>FALSE STATEMENTS</className><classCode/><className/></classificationItem><classificationItem score=\"73\"><classCode>STX000722</classCode><className>FINES &amp; PENALTIES</className><classCode/><className/></classificationItem><classificationItem score=\"73\"><classCode>STX001976</classCode><className>SECURITIES &amp; OTHER INVESTMENTS</className><classCode/><className/></classificationItem><classificationItem score=\"73\"><classCode>STX001884</classCode><className>SETTLEMENT &amp; COMPROMISE</className><classCode>Z3VpZD11cm46dG9waWM6NkFBRTlDNTg2NTY4NDk3RkE1MDk1NUI5RjlDREYzRTI7cGFyZW50Z3VpZD11cm46dG9waWM6MzUxNjJDMEQ5N0YwNDMzM0JDMjEzM0UzOTYzMzI3OTU</classCode><className>Settlements</className></classificationItem><classificationItem score=\"72\"><classCode>STX001669</classCode><className>TALKS &amp; MEETINGS</className><classCode/><className/></classificationItem><classificationItem score=\"72\"><classCode>STX001849</classCode><className>WITNESSES</className><classCode/><className/></classificationItem><classificationItem score=\"68\"><classCode>ST000DO2K</classCode><className>INTERPERSONAL RELATIONSHIPS</className><classCode/><className/></classificationItem></classification><classification classificationScheme=\"industry\"><classificationItem score=\"92\"><classCode>N520000CC</classCode><className>BANKING &amp; FINANCE</className><classCode/><className/></classificationItem><classificationItem score=\"92\"><classCode>ST0009RX6</classCode><classCode/><className/></classificationItem><classificationItem score=\"90\"><classCode>N522293CC</classCode><className>INTERNATIONAL TRADE FINANCING</className><classCode/><className/></classificationItem><classificationItem score=\"78\"><classCode>N926150GC</classCode><className>BANKING &amp; FINANCE REGULATION</className><classCode/><className/></classificationItem><classificationItem score=\"78\"><classCode>N522110DC</classCode><className>COMMERCIAL BANKING</className><classCode>Z3VpZD11cm46dG9waWM6NDIyQTAxOUNERDI4NDdFNjkyMEFDOTFFM0MwMTQzNjQ7cGFyZW50Z3VpZD11cm46dG9waWM6QjQyMUFCOUJBNURBNEFDREE3MTNCNDk5QkQ4NUM3RjI</classCode><className>Commercial Banks</className></classificationItem><classificationItem score=\"73\"><classCode>N515000CC</classCode><className>BROADCASTING INDUSTRY</className><classCode/><className/></classificationItem><classificationItem score=\"73\"><classCode>STX001976</classCode><className>SECURITIES &amp; OTHER INVESTMENTS</className><classCode/><className/></classificationItem></classification></classificationGroup></metadata></articleDoc></content></entry>"}