{"prediction_class": "Money laundering", "prediction_score": "0.99", "name": "Westpac", "title": ";Crime and punishment: Why Westpac turned its back on the war on terror;", "published": "2019-11-24T00:00:00Z", "updated": "2020-11-15T20:00:50Z", "cleaned_article": "[TITLE] ;Crime and punishment: Why Westpac turned its back on the war on terror; [TITLE] \n\nDespite leaving the door ajar for global terrorism financing, Westpac executives \u2014 in a desperate attempt to preserve their own reputations \u2014 are digging in, writes Ian Verrender. When all is said and done, the only thing of value any of us have is our reputation.For years, Westpac chief Brian Hartzer and his chairman Lindsay Maxsted have been handsomely rewarded for their stewardship of one of the country's biggest financial institutions. Along the way, they've been elevated to pillars of society. That now counts for nought. Community outrage and Federal Government anger now threatens to boil over following revelations the bank aided and abetted child pornographers and child exploitation on multiple occasions and did absolutely nothing to stop it.Incredibly, reports from within the organisation suggested on Friday, as the Westpac board held a crisis meeting to deal with the unfolding disaster, that senior management and directors thought they were being unfairly and harshly treated; that somehow this was all a huge injustice. [...] \n\nThe sickening and horrific revelations of child abuse in the Philippines are bad enough.  But this scandal isn't simply about Westpac's own criminal customers.  And when added to the failings of the Commonwealth Bank two years ago, this has far deeper ramifications. There are implications here for national and global security as both banks, for years, have left the door wide open for global terrorist financing, delivering easy access to the Australian banking system for criminal money laundering.In Westpac's case, 16 separate foreign banks that had a relationship with the Australian bank \u2014 in a deal known as correspondent banking \u2014 were delivered open access to our banking system with no oversight. It would appear other regional and global banks piggybacked off those relationships as well.According to the regulator, in a large number of cases Westpac had no idea where the transactions originated, who was behind them, what the cash was for or the identity of the beneficiaries.  This went on for more than five years. And it continues to this day. In short, this is an unmitigated disaster.There is evidence Westpac helped foreign banks open accounts in sanctioned countries such as Iraq, Lebanon, Ukraine, Zimbabwe or the Democratic Republic of the Congo. Just to add fuel to that toxic mix, it then failed on 23 million occasions to meet its legal obligation to report these transactions to authorities.We've been here before: Westpac's Somalia experienceWestpac has form in this area, going back years. In 2014 it was the last western bank to withdraw its money transfer services to Somalia. It caused an uproar in Somali communities, many of whom depended upon foreign remittances for their survival and Westpac had become the only conduit. But when you are the last operator you attract all the business, even the illegitimate.  The reason every other global bank had shut down remittance payments to Somalia was that, with the introduction of new global anti-money laundering laws, the risk of financing terrorism simply was too great.There was clear evidence from within Westpac that cash was being funnelled through to \"charity\" groups of dubious origin and \u2014 despite a concerted push from Somalian groups that included court action against Westpac to maintain its services \u2014 it shut down its remittance operations.  That's what makes the revelations from last week even more shocking. Having dodged a bullet on its Somalian transfers and being forced to deal with specific problems around terrorism funding, Westpac then designed and established a cheap and hugely profitable operation called Litepay to allow for remittance payments.  It was a system designed to circumvent the SWIFT global payments system and it effectively took all the business from small remittance firms.  What it didn't do was put in place the necessary oversight to ensure its money laundering and anti-terrorism commitments could be met or even its obligations to report transactions to the proper authorities. [...] \n\nAs evidenced from the recent royal commission, most of Australian's banking atrocities have been concentrated on home turf \u2014 until now. Money laundering heaven Westpac isn't alone in this. The Commonwealth Bank two years ago was left reeling \u2014 after a series of scandals involving stealing from its own customers \u2014 when a police investigation found the bank may have been involved in money laundering for local criminal syndicates.  An AUSTRAC investigation discovered more than 53,000 breaches of its reporting obligations resulting in a $700 million fine. While breathtaking at the time, it pales into insignificance when compared to Westpac's 23 million transgressions.  National Australia Bank has warned that it too has been the subject of an AUSTRAC investigation.  That means that three of our big four banks have failed to meet global standards and obligations on anti-terrorism and money laundering rules, leaving the door ajar for global terrorism financing. Both CBA and Westpac have claimed technical glitches for the oversight. That simply cannot be believed.  While not his fault, this is hugely embarrassing for Prime Minister Scott Morrison who no doubt will be asked to explain how and why our banks could so comprehensively disregard international law for so long, given the potentially dire consequences.That explains his anger and the thinly veiled threat from Treasurer Josh Frydenberg that the banking regulator could dismiss the entire Westpac board.  Global regulatory bodies also would be justified in questioning the ability of our systems, and particularly AUSTRAC, which only recently appears to have become a force to be reckoned with, to enforce the law.  When it comes to the war on terror, our reputation is in tatters. ", "raw_cleaned_article": "<h2>;Crime and punishment: Why Westpac turned its back on the war on terror;</h2><p><b>Despite leaving the door ajar for global terrorism financing, Westpac executives \u2014 in a desperate attempt to preserve their own reputations \u2014 are digging in, writes Ian Verrender.</b> When all is said and done, the only thing of value any of us have is our reputation.<b>For years, Westpac chief Brian Hartzer and his chairman Lindsay Maxsted have been handsomely rewarded for their stewardship of one of the country's biggest financial institutions. Along the way, they've been elevated to pillars of society.</b> That now counts for nought. Community outrage and Federal Government anger now threatens to boil over following revelations the bank aided and abetted child pornographers and child exploitation on multiple occasions and did absolutely nothing to stop it.<b>Incredibly, reports from within the organisation suggested on Friday, as the Westpac board held a crisis meeting to deal with the unfolding disaster, that senior management and directors thought they were being unfairly and harshly treated; that somehow this was all a huge injustice.</b></p><p>[...]</p><p>The sickening and horrific revelations of child abuse in the Philippines are bad enough.  <b>But this scandal isn't simply about Westpac's own criminal customers. </b> And when added to the failings of the Commonwealth Bank two years ago, this has far deeper ramifications. There are implications here for national and global security as both banks, for years, have left the door wide open for global terrorist financing, delivering easy access to the Australian banking system for criminal money laundering.</p><p>[...]</p><p>The sickening and horrific revelations of child abuse in the Philippines are bad enough.  <b>In Westpac's case, 16 separate foreign banks that had a relationship with the Australian bank \u2014 in a deal known as correspondent banking \u2014 were delivered open access to our banking system with no oversight.</b> It would appear other regional and global banks piggybacked off those relationships as well.<b>According to the regulator, in a large number of cases Westpac had no idea where the transactions originated, who was behind them, what the cash was for or the identity of the beneficiaries. </b> This went on for more than five years. And it continues to this day. In short, this is an unmitigated disaster.<b>There is evidence Westpac helped foreign banks open accounts in sanctioned countries such as Iraq, Lebanon, Ukraine, Zimbabwe or the Democratic Republic of the Congo.</b> Just to add fuel to that toxic mix, it then failed on 23 million occasions to meet its legal obligation to report these transactions to authorities.<b>We've been here before: Westpac's Somalia experience</b><b>Westpac has form in this area, going back years.</b> In 2014 it was the last western bank to withdraw its money transfer services to Somalia. <b>It caused an uproar in Somali communities, many of whom depended upon foreign remittances for their survival and Westpac had become the only conduit.</b> But when you are the last operator you attract all the business, even the illegitimate.  The reason every other global bank had shut down remittance payments to Somalia was that, with the introduction of new global anti-money laundering laws, the risk of financing terrorism simply was too great.<b>There was clear evidence from within Westpac that cash was being funnelled through to \"charity\" groups of dubious origin and \u2014 despite a concerted push from Somalian groups that included court action against Westpac to maintain its services \u2014 it shut down its remittance operations. </b> That's what makes the revelations from last week even more shocking. <b>Having dodged a bullet on its Somalian transfers and being forced to deal with specific problems around terrorism funding, Westpac then designed and established a cheap and hugely profitable operation called Litepay to allow for remittance payments. </b> It was a system designed to circumvent the SWIFT global payments system and it effectively took all the business from small remittance firms.  What it didn't do was put in place the necessary oversight to ensure its money laundering and anti-terrorism commitments could be met or even its obligations to report transactions to the proper authorities.</p><p>[...]</p><p>As evidenced from the recent royal commission, most of Australian's banking atrocities have been concentrated on home turf \u2014 until now. Money laundering heaven <b>Westpac isn't alone in this. The Commonwealth Bank two years ago was left reeling \u2014 after a series of scandals involving stealing from its own customers \u2014 when a police investigation found the bank may have been involved in money laundering for local criminal syndicates. </b> An AUSTRAC investigation discovered more than 53,000 breaches of its reporting obligations resulting in a $700 million fine. </p><p>[...]</p><p>As evidenced from the recent royal commission, most of Australian's banking atrocities have been concentrated on home turf \u2014 until now. <b>While breathtaking at the time, it pales into insignificance when compared to Westpac's 23 million transgressions. </b> National Australia Bank has warned that it too has been the subject of an AUSTRAC investigation.  That means that three of our big four banks have failed to meet global standards and obligations on anti-terrorism and money laundering rules, leaving the door ajar for global terrorism financing. <b>Both CBA and Westpac have claimed technical glitches for the oversight. That simply cannot be believed. </b> While not his fault, this is hugely embarrassing for Prime Minister Scott Morrison who no doubt will be asked to explain how and why our banks could so comprehensively disregard international law for so long, given the potentially dire consequences.<b>That explains his anger and the thinly veiled threat from Treasurer Josh Frydenberg that the banking regulator could dismiss the entire Westpac board. </b> Global regulatory bodies also would be justified in questioning the ability of our systems, and particularly AUSTRAC, which only recently appears to have become a force to be reckoned with, to enforce the law.  When it comes to the war on terror, our reputation is in tatters. </p>", "original_content": "<entry xmlns=\"http://www.w3.org/2005/Atom\"><id>urn:contentItem:5Y4T-4TD1-JBN5-F0BG-00000-00</id><title>;Crime and punishment: Why Westpac turned its back on the war on terror;</title><published>2019-11-24T00:00:00Z</published><updated>2020-11-15T20:00:50Z</updated><author><name>LexisNexis</name></author><content type=\"application/xml\"><!--Transformation version 1.23--><articleDoc xmlns=\"\" xmlns:xsi=\"http://www.w3.org/2001/XMLSchema-instance\" xsi:noNamespaceSchemaLocation=\"http://www.lexisnexis.com/xmlschemas/content/public/articledoc/1/\" schemaVersion=\"1.8\" xml:lang=\"en\"><articleDocHead><itemInfo/></articleDocHead><nitf:body xmlns:nitf=\"http://iptc.org/std/NITF/2006-10-18/\"><nitf:body.head><nitf:hedline><nitf:hl1>Crime and punishment: Why Westpac turned its back on the war on terror</nitf:hl1></nitf:hedline><nitf:byline><author><person><nameText>By business editor Ian Verrender</nameText></person></author></nitf:byline><highlight><bodyText><p>Despite leaving the door ajar for global terrorism financing, Westpac executives \u2014 in a desperate attempt to preserve their own reputations \u2014 are digging in, writes Ian Verrender.</p></bodyText></highlight></nitf:body.head><nitf:body.content><bodyText><p nitf:lede=\"true\">When all is said and done, the only thing of value any of us have is our reputation.</p><p nitf:lede=\"true\">For years, Westpac chief Brian Hartzer and his chairman Lindsay Maxsted have been handsomely rewarded for their stewardship of one of the country's biggest financial institutions. Along the way, they've been elevated to pillars of society.</p><p nitf:lede=\"true\">That now counts for nought. Community outrage and Federal Government anger now threatens to boil over following revelations the bank aided and abetted child pornographers and child exploitation on multiple occasions and did absolutely nothing to stop it.</p><p nitf:lede=\"true\">Incredibly, reports from within the organisation suggested on Friday, as the Westpac board held a crisis meeting to deal with the unfolding disaster, that senior management and directors thought they were being unfairly and harshly treated; that somehow this was all a huge injustice.</p><p>The statement they released after the meeting was breathtaking in its arrogance, stunning in just how removed from reality those running Westpac really are. </p><p>It's a malaise that appears to have infected the entire Australian banking landscape.</p><p>Rather than quit, the chairman and chief executive dug in with a \"sincere\" apology and a vague promise of justice Westpac style with an in-house investigation.</p><h>Global ramifications</h><p>If the gravity of the situation appears to have been lost on our business leaders, it certainly hasn't been in Canberra. </p><p>Or Washington. Or London. Or Frankfurt. Or Basle. Or any other country committed to the war on terror.</p><p>The sickening and horrific revelations of child abuse in the Philippines are bad enough. </p><p>But this scandal isn't simply about Westpac's own criminal customers. </p><p>And when added to the failings of the Commonwealth Bank two years ago, this has far deeper ramifications.</p><p>There are implications here for national and global security as both banks, for years, have left the door wide open for global terrorist financing, delivering easy access to the Australian banking system for criminal money laundering.</p><p>In Westpac's case, 16 separate foreign banks that had a relationship with the Australian bank \u2014 in a deal known as correspondent banking \u2014 were delivered open access to our banking system with no oversight.</p><p>It would appear other regional and global banks piggybacked off those relationships as well.</p><p>According to the regulator, in a large number of cases Westpac had no idea where the transactions originated, who was behind them, what the cash was for or the identity of the beneficiaries. </p><p>This went on for more than five years. And it continues to this day.</p><p>In short, this is an unmitigated disaster.</p><p>There is evidence Westpac helped foreign banks open accounts in sanctioned countries such as Iraq, Lebanon, Ukraine, Zimbabwe or the Democratic Republic of the Congo.</p><p>Just to add fuel to that toxic mix, it then failed on 23 million occasions to meet its legal obligation to report these transactions to authorities.</p><h>We've been here before: Westpac's Somalia experience</h><p>Westpac has form in this area, going back years.</p><p>In 2014 it was the last western bank to withdraw its money transfer services to Somalia. </p><p>It caused an uproar in Somali communities, many of whom depended upon foreign remittances for their survival and Westpac had become the only conduit.</p><p>But when you are the last operator you attract all the business, even the illegitimate. </p><p>The reason every other global bank had shut down remittance payments to Somalia was that, with the introduction of new global anti-money laundering laws, the risk of financing terrorism simply was too great.</p><p>Banks such as HSBC, Standard Chartered and Bank Paribus had paid billions of dollars in fines to settle money laundering and sanctions-busting cases.</p><p>There was clear evidence from within Westpac that cash was being funnelled through to \"charity\" groups of dubious origin and \u2014 despite a concerted push from Somalian groups that included court action against Westpac to maintain its services \u2014 it shut down its remittance operations. </p><p>That's what makes the revelations from last week even more shocking. </p><p>Having dodged a bullet on its Somalian transfers and being forced to deal with specific problems around terrorism funding, Westpac then designed and established a cheap and hugely profitable operation called Litepay to allow for remittance payments. </p><p>It was a system designed to circumvent the SWIFT global payments system and it effectively took all the business from small remittance firms. </p><p>What it didn't do was put in place the necessary oversight to ensure its money laundering and anti-terrorism commitments could be met or even its obligations to report transactions to the proper authorities.</p><p>Why? The answer is simple. Profit. </p><h>Profit before responsibility</h><p>During the past 30 years executive salaries, and particularly chief executives, have depended upon profit.</p><p>Base pay often is well below half the potential take-home salaries with the bulk made up in short-term and long-term bonuses with profit the major driving factor.</p><p>It's a system designed to maximise shareholder returns. The better the company performs, the better the boss is paid. </p><p>But it has one major flaw. Given it's in their own interests, executives invest in areas that make the greatest returns. </p><p>And they reduce costs or shut down areas that don't deliver earnings. </p><p>As a bank executive, you can't just get rid of the compliance division, the area that ensures you meet all your legal obligations. </p><p>But given it's a cost centre rather than a profit centre, you look to trim those costs and invest the savings in the areas that deliver the loot.</p><p>This is a system that has been at the heart of everything that is wrong with modern banking. </p><p>These are the institutions that delivered the global financial crisis a decade ago, that have been involved in rigging every conceivable market in recent times <url normalizedValue=\"http://www.abc.net.au/news/2017-11-27/how-bad-are-our-banks/9194984\">from foreign exchange to interest rates</url>. </p><p>As evidenced from the recent royal commission, most of Australian's banking atrocities have been concentrated on home turf \u2014 until now.</p><h>Money laundering heaven</h><p>Westpac isn't alone in this. The Commonwealth Bank two years ago was left reeling \u2014 after a series of scandals involving stealing from its own customers \u2014 when a police investigation found the bank may have been involved in money laundering for local criminal syndicates. </p><p>An AUSTRAC investigation discovered <url normalizedValue=\"http://www.abc.net.au/news/2018-06-04/commonwealth-bank-pay-$700-million-fine-money-laundering-breach/9831064\">more than 53,000 breaches of its reporting obligations resulting in a $700 million fine</url>. </p><p>While breathtaking at the time, it pales into insignificance when compared to Westpac's 23 million transgressions. </p><p>National Australia Bank has warned that it too has been the subject of an AUSTRAC investigation. </p><p>That means that three of our big four banks have failed to meet global standards and obligations on anti-terrorism and money laundering rules, leaving the door ajar for global terrorism financing. </p><p>Both CBA and Westpac have claimed technical glitches for the oversight. That simply cannot be believed. </p><p>While not his fault, this is hugely embarrassing for Prime Minister Scott Morrison who no doubt will be asked to explain how and why our banks could so comprehensively disregard international law for so long, given the potentially dire consequences.</p><p>That explains his anger and the <url normalizedValue=\"http://www.abc.net.au/news/2019-11-24/westpac-freezes-executives-bonuses-money-laundering-scandal/11733196\">thinly veiled threat from Treasurer Josh Frydenberg that the banking regulator could dismiss the entire Westpac board</url>. </p><p>Global regulatory bodies also would be justified in questioning the ability of our systems, and particularly AUSTRAC, which only recently appears to have become a force to be reckoned with, to enforce the law. </p><p>When it comes to the war on terror, our reputation is in tatters. </p><p>Brian Hartzer and Lindsay Maxsted, meanwhile, are digging in, in a desperate effort to preserve their own. </p><p/></bodyText></nitf:body.content></nitf:body><metadata><dc:metadata xmlns:dc=\"http://purl.org/dc/elements/1.1/\"><dc:identifier identifierScheme=\"DOC-ID\">OPANLY-11733512</dc:identifier><dc:source sourceScheme=\"royaltyReportingKey\">OPANLY2019</dc:source><dc:identifier identifierScheme=\"PGUID\">urn:contentItem:5Y4T-4TD1-JBN5-F0BG-00000-00</dc:identifier><dc:source sourceScheme=\"productContentSetIdentifier\">470827</dc:source><dc:date dateType=\"last-updated\">2020-04-02</dc:date></dc:metadata><wordCount number=\"1619\"/><publicationInfo><copyright>Copyright 2019 Australian Broadcasting Corporation All Rights Reserved</copyright><publicationName>Analysis and Opinion</publicationName><publicationLogo><logo><inlineObject><locator><locatorKey><keyName name=\"object-key\"/><keyValue value=\"16455\"/></locatorKey><locatorParameters><parameter name=\"object-type\" value=\"201\"/><parameter name=\"object-smi\" value=\"LOGOS\"/><parameter name=\"componentseq\" value=\"1\"/></locatorParameters></locator></inlineObject></logo></publicationLogo><publicationDate day=\"24\" month=\"11\" year=\"2019\"><dateText>November 24, 2019 Sunday</dateText></publicationDate><classification classificationScheme=\"publicationtype\"><classificationItem><className>Web Publication</className></classificationItem></classification><classification classificationScheme=\"publicationtype\"><classificationItem><className>Web-based Publications</className></classificationItem></classification></publicationInfo><classification classificationScheme=\"language\"><classificationItem classificationScheme=\"lang.english\"><className>ENGLISH</className></classificationItem></classification><classificationGroup classificationScheme=\"licensor.indexing-terms\"><classification classificationScheme=\"licensor.subject\"><classificationItem><className>Business, Economics and Finance</className></classificationItem><classificationItem><className>Business, Economics and Finance:Industry:Banking</className></classificationItem><classificationItem><className>Business, Economics and Finance:Industry</className></classificationItem></classification></classificationGroup><classificationGroup classificationScheme=\"indexing-terms\"><classification classificationScheme=\"legal\"><classificationItem><className>Banking Law</className><classCode>Z3VpZD11cm46dG9waWM6QjQyMUFCOUJBNURBNEFDREE3MTNCNDk5QkQ4NUM3RjI7cGFyZW50Z3VpZD0</classCode><classificationItem score=\"90\"><className>Money Laundering</className><classCode>Z3VpZD11cm46dG9waWM6NDRGN0EyOTJBOEM4NDkzOUIyNkNBQkYyMDI3RDM4OTI7cGFyZW50Z3VpZD11cm46dG9waWM6NkUzNTQ1QUZBM0Y5NDcyQjk4N0I5Mjg0QzU3NDk0MDI</classCode></classificationItem></classificationItem><classificationItem><className>Criminal Law &amp; Procedure</className><classCode>Z3VpZD11cm46dG9waWM6NEU0RkE1OUQwNUQwNDgxODhEODZCMjkzOTg3NThBNzk7cGFyZW50Z3VpZD0</classCode><classificationItem score=\"98\"><className>General Overview</className><classCode>Z3VpZD11cm46dG9waWM6MUM4RjZFOEE4MDc3NDE4QjhCMkQwNzc2QTM0OUQ5NjI7cGFyZW50Z3VpZD11cm46dG9waWM6QzBDQzA4NEVCN0Q0NEZCRkEwNjY3Qzk3MDA3NzlCMjU</classCode></classificationItem></classificationItem></classification><classification classificationScheme=\"subject\"><classificationItem score=\"90\"><classCode>ST000DLA3</classCode><className>ECONOMICS</className><classCode/><className/></classificationItem><classificationItem score=\"90\"><classCode>ST0009FJK</classCode><className>NEGATIVE PERSONAL NEWS</className><classCode/><className/></classificationItem><classificationItem score=\"90\"><classCode>STX001710</classCode><className>TERRORISM</className><classCode>Z3VpZD11cm46dG9waWM6ODg4MDhDQ0I2QkY5NDU2Rjg1RDNEREFBODk1Nzg1QTY7cGFyZW50Z3VpZD11cm46dG9waWM6RjgwNUY4MjJCMTg5NDgzRUJBMDQwNkM4NkUyNTJBMEY</classCode><className>Terrorism</className></classificationItem><classificationItem score=\"89\"><classCode>ST0009QS2</classCode><className>REPORTS, REVIEWS &amp; SECTIONS</className><classCode/><className/></classificationItem><classificationItem score=\"89\"><classCode>ST000CQKA</classCode><className>WAR ON TERROR</className><classCode/><className/></classificationItem><classificationItem score=\"78\"><classCode>ST000DNVT</classCode><className>ABUSE &amp; NEGLECT</className><classCode/><className/></classificationItem><classificationItem score=\"78\"><classCode>ST000A7IS</classCode><className>ASSOCIATIONS &amp; ORGANIZATIONS</className><classCode/><className/></classificationItem><classificationItem score=\"78\"><classCode>STLL000CVGE</classCode><className>CHILDREN'S RIGHTS</className><classCode/><className/></classificationItem><classificationItem score=\"78\"><classCode>ST000DL87</classCode><className>DEMOCRACIES</className><classCode/><className/></classificationItem><classificationItem score=\"78\"><classCode>ST000D1BY</classCode><className>EXECUTIVES</className><classCode/><className/></classificationItem><classificationItem score=\"78\"><classCode>STX001669</classCode><className>TALKS &amp; MEETINGS</className><classCode/><className/></classificationItem><classificationItem score=\"77\"><classCode>STX000969</classCode><className>INVESTIGATIONS</className><classCode/><className/></classificationItem><classificationItem score=\"75\"><classCode>ST00093Q7</classCode><className>CHILD PORNOGRAPHY</className><classCode>Z3VpZD11cm46dG9waWM6NDE0MDI4Mjg5QUU3NDA2NTkyQTVFMjJCRDRFNjkwRDc7cGFyZW50Z3VpZD11cm46dG9waWM6RkQwRTk5MUFBNjMxNDJGQUJGMDJBNjIzOTZEMUZBQTc</classCode><className>Child Pornography</className></classificationItem><classificationItem score=\"73\"><classCode>STX000556</classCode><className>EDITORIALS &amp; OPINIONS</className><classCode/><className/></classificationItem><classificationItem score=\"73\"><classCode>N920000CC</classCode><className>GOVERNMENT &amp; PUBLIC ADMINISTRATION</className><classCode>Z3VpZD11cm46dG9waWM6MjdEQjE4OUJDMzQxNDNEMEI0RTI1QUFCMzJENjEwRTA7cGFyZW50Z3VpZD11cm46dG9waWM6MUFEMUQ2QTA1OUZCNEE5RjkzNTA2RERFMUNEOTk1RTI</classCode><className>Governments</className></classificationItem><classificationItem score=\"73\"><classCode>STX001159</classCode><className>MONEY LAUNDERING</className><classCode>Z3VpZD11cm46dG9waWM6QzBDQzA4NEVCN0Q0NEZCRkEwNjY3Qzk3MDA3NzlCMjU7cGFyZW50Z3VpZD11cm46dG9waWM6NkUzNTQ1QUZBM0Y5NDcyQjk4N0I5Mjg0QzU3NDk0MDI</classCode><className>Money Laundering</className></classificationItem><classificationItem score=\"71\"><classCode>ST000CTIZ</classCode><className>SCANDALS</className><classCode/><className/></classificationItem><classificationItem score=\"70\"><classCode>STX000284</classCode><className>CHILD ABUSE</className><classCode>Z3VpZD11cm46dG9waWM6NDgzMDZDQ0YyRTM1NDcxRDhFQkU4NTQyMjFGNkFBOEI7cGFyZW50Z3VpZD11cm46dG9waWM6NjE5MEI0RUExOTZENDdFM0EwQTlFMjYyMkQzNkM0OEQ</classCode><className>Child Abuse</className></classificationItem><classificationItem score=\"70\"><classCode>STX001353</classCode><className>PORNOGRAPHY</className><classCode/><className/></classificationItem><classificationItem score=\"66\"><classCode>ST000DB1X</classCode><className>INTERNAL INVESTIGATIONS</className><classCode/><className/></classificationItem></classification><classification classificationScheme=\"industry\"><classificationItem score=\"90\"><classCode>N520000CC</classCode><className>BANKING &amp; FINANCE</className><classCode/><className/></classificationItem><classificationItem score=\"90\"><classCode>ST0009RX6</classCode><classCode/><className/></classificationItem></classification><classification classificationScheme=\"city\"><classificationItem score=\"78\"><classCode>GX013</classCode><className>CANBERRA, AUSTRALIA</className><classCode/><className/></classificationItem><classificationItem score=\"72\"><classCode>GX106</classCode><className>LONDON, ENGLAND</className><classCode/><className/></classificationItem></classification><classification classificationScheme=\"state\"><classificationItem score=\"79\"><classCode>GS006</classCode><className>AUSTRALIAN CAPITAL TERRITORY</className><classCode/><className/></classificationItem></classification><classification classificationScheme=\"country\"><classificationItem score=\"79\"><classCode>GC394</classCode><className>CONGO, THE DEMOCRATIC REPUBLIC OF THE</className><classCode/><className/></classificationItem><classificationItem score=\"79\"><classCode>GC358</classCode><className>IRAQ</className><classCode/><className/></classificationItem><classificationItem score=\"79\"><classCode>GC373</classCode><className>LEBANON</className><classCode/><className/></classificationItem><classificationItem score=\"79\"><classCode>GC310</classCode><className>PHILIPPINES</className><classCode/><className/></classificationItem><classificationItem score=\"79\"><classCode>GC581</classCode><className>UKRAINE</className><classCode/><className/></classificationItem><classificationItem score=\"79\"><classCode>GC343</classCode><className>UNITED STATES</className><classCode/><className/></classificationItem></classification></classificationGroup></metadata></articleDoc></content></entry>"}