{"prediction_class": "Regulatory Breaches Tax Evasion Smuggling of goods", "prediction_score": "0.99", "name": "Westpac", "title": "'Sure you failed, but you tried'", "published": "2018-05-25T00:00:00Z", "updated": "2020-11-15T20:14:30Z", "cleaned_article": "[TITLE] 'Sure you failed, but you tried' [TITLE] \n\nBANKING THE Westpac traders who tried to influence a key interest-rate benchmark appear unlikely to face any internal disciplinary action, with the bank to focus on improved training.But the court dismissed a more serious charge that the banking giant engaged in market manipulation, ruling that while Westpac traders had tried to influence the rate, they had not succeeded in creating an \"artificial price\".Business Daily repeatedly questioned Westpac about possible disciplinary action flowing from yesterday's court ruling. The banking major repeatedly pointed out it had substantially overhauled training for its traders. It latter clarified this position saying it was \"closely examining\" the judgment, and \"following this review will take any appropriate action\".ASIC alleged Westpac tried to rig the bank bill swap rate, or BBSW, to its benefit 16 times between April 2010 and June 2012, engaging in unconscionable conduct, market manipulation and misleading and deceptive conduct in the process.The Federal Court yesterday found Westpac engaged in unconscionable conduct four times between April and early December 2010 as its traders went about their business \"with the sole or dominant purpose of affecting BBSW in a manner favourable to group treasury's BBSW rate set exposure\". In clearing the banking major of the more serious market manipulation charges, Justice Jonathan Beach said he was \"not satisfied that the holding of the relevant dominant purpose on the said four occasions, together with other evidence, establishes the effect or likely effect of creating or maintaining an artificial price\".", "raw_cleaned_article": "<h2>'Sure you failed, but you tried'</h2><p><b>BANKING THE Westpac traders who tried to influence a key interest-rate benchmark appear unlikely to face any internal disciplinary action, with the bank to focus on improved training.</b><b>But the court dismissed a more serious charge that the banking giant engaged in market manipulation, ruling that while Westpac traders had tried to influence the rate, they had not succeeded in creating an \"artificial price\".</b><b>Business Daily repeatedly questioned Westpac about possible disciplinary action flowing from yesterday's court ruling. The banking major repeatedly pointed out it had substantially overhauled training for its traders.</b> It latter clarified this position saying it was \"closely examining\" the judgment, and \"following this review will take any appropriate action\".<b>ASIC alleged Westpac tried to rig the bank bill swap rate, or BBSW, to its benefit 16 times between April 2010 and June 2012, engaging in unconscionable conduct, market manipulation and misleading and deceptive conduct in the process.</b><b>The Federal Court yesterday found Westpac engaged in unconscionable conduct four times between April and early December 2010 as its traders went about their business \"with the sole or dominant purpose of affecting BBSW in a manner favourable to group treasury's BBSW rate set exposure\".</b> In clearing the banking major of the more serious market manipulation charges, Justice Jonathan Beach said he was \"not satisfied that the holding of the relevant dominant purpose on the said four occasions, together with other evidence, establishes the effect or likely effect of creating or maintaining an artificial price\".</p>", "original_content": "<entry xmlns=\"http://www.w3.org/2005/Atom\"><id>urn:contentItem:5SD5-6F31-JD3N-5119-00000-00</id><title>'Sure you failed, but you tried'</title><published>2018-05-25T00:00:00Z</published><updated>2020-11-15T20:14:30Z</updated><author><name>LexisNexis</name></author><content type=\"application/xml\"><!--Transformation version 1.23--><articleDoc xmlns=\"\" xmlns:xsi=\"http://www.w3.org/2001/XMLSchema-instance\" xsi:noNamespaceSchemaLocation=\"http://www.lexisnexis.com/xmlschemas/content/public/articledoc/1/\" schemaVersion=\"1.8\" xml:lang=\"en\"><articleDocHead><itemInfo><sourceSectionInfo><positionSection>BUSINESS</positionSection><positionSequence>Pg. 62</positionSequence></sourceSectionInfo></itemInfo></articleDocHead><nitf:body xmlns:nitf=\"http://iptc.org/std/NITF/2006-10-18/\"><nitf:body.head><nitf:hedline><nitf:hl1>'Sure you failed, but you tried'</nitf:hl1></nitf:hedline><nitf:byline><author><person><nameText>John Dagge</nameText></person></author></nitf:byline></nitf:body.head><nitf:body.content><bodyText><p nitf:lede=\"true\">BANKING THE Westpac traders who tried to influence a key interest-rate benchmark appear unlikely to face any internal disciplinary action, with the bank to focus on improved training.</p><p>The Federal Court has found Westpac engaged in unconscionable conduct by trying to influence the bank bill swap rate, which is used to price more than $10 trillion in bonds, loans and derivatives.</p><p>But the court dismissed a more serious charge that the banking giant engaged in market manipulation, ruling that while Westpac traders had tried to influence the rate, they had not succeeded in creating an \"artificial price\".</p><p>Both Westpac and the Australian Securities and Investments Commission, who brought the charges against the bank, were claiming wins yesterday.</p><p>The ruling adds to the pall over the banking sector and comes in the same week Westpac admitted at the banking royal commission that it had falsified documents in a loan process that left a legally blind pensioner facing homelessness after going guarantor on her daughter's loan.</p><p>Business Daily repeatedly questioned Westpac about possible disciplinary action flowing from yesterday's court ruling. The banking major repeatedly pointed out it had substantially overhauled training for its traders.</p><p>It latter clarified this position saying it was \"closely examining\" the judgment, and \"following this review will take any appropriate action\".</p><p>\"These events took place a number of years ago and significant training has been undertaken since that time,\" Westpac said in a statement.</p><p>ASIC alleged Westpac tried to rig the bank bill swap rate, or BBSW, to its benefit 16 times between April 2010 and June 2012, engaging in unconscionable conduct, market manipulation and misleading and deceptive conduct in the process.</p><p>The Federal Court yesterday found Westpac engaged in unconscionable conduct four times between April and early December 2010 as its traders went about their business \"with the sole or dominant purpose of affecting BBSW in a manner favourable to group treasury's BBSW rate set exposure\".</p><p>In clearing the banking major of the more serious market manipulation charges, Justice Jonathan Beach said he was \"not satisfied that the holding of the relevant dominant purpose on the said four occasions, together with other evidence, establishes the effect or likely effect of creating or maintaining an artificial price\".</p><p>Justice Beach also rejected an ASIC allegation Westpac had engaged in a \"concerted pattern of conduct\" to systematically rig the rate.</p><p>He found Westpac had failed to ensure its traders were adequately trained not to engage in trading aimed at manipulating the rate to the bank's advantage.</p><p>Westpac was the only major bank that chose to fight ASIC's allegations of rigging the rate in court.</p><p>ANZ and National Australia Bank both settled with the regulator, each paying a $50 million penalty after admitting to engaging in attempted unconscionable conduct.</p><p>The Commonwealth Bank settled its case with the regulator with a $25 million penalty. Penalties are yet to be set for Westpac but it is facing a maximum fine of $3.3 million.</p><p>An ASIC spokesman said: \"This is a very significant and positive outcome for the integrity of Australia's financial markets\".john.dagge@news.com.au</p></bodyText></nitf:body.content></nitf:body><metadata><dc:metadata xmlns:dc=\"http://purl.org/dc/elements/1.1/\"><dc:identifier identifierScheme=\"DOC-ID\">HERSUN-de4bae745f2311e89b0e9fd712cf58eabb3b95a80a2bfc5dda2edbe728992bf0</dc:identifier><dc:source sourceScheme=\"royaltyReportingKey\">HERSUN2018</dc:source><dc:identifier identifierScheme=\"PGUID\">urn:contentItem:5SD5-6F31-JD3N-5119-00000-00</dc:identifier><dc:source sourceScheme=\"productContentSetIdentifier\">244784</dc:source><dc:date dateType=\"last-updated\">2018-05-26</dc:date></dc:metadata><wordCount number=\"540\"/><publicationInfo><copyright>Copyright 2018 Nationwide News Pty Limited All Rights Reserved</copyright><publicationName>Herald Sun (Australia)</publicationName><edition>HeraldSun Edition</edition><publicationDate day=\"25\" month=\"05\" year=\"2018\"><dateText>May 25, 2018 Friday</dateText></publicationDate><classification classificationScheme=\"publicationtype\"><classificationItem><className>Newspaper</className></classificationItem></classification><classification classificationScheme=\"publicationtype\"><classificationItem><className>Newspapers</className></classificationItem></classification></publicationInfo><classification classificationScheme=\"language\"><classificationItem classificationScheme=\"lang.english\"><className>ENGLISH</className></classificationItem></classification><classificationGroup classificationScheme=\"indexing-terms\"><classification classificationScheme=\"company\"><classificationItem score=\"58\"><classCode>CC0001V19</classCode><className>NATIONAL AUSTRALIA BANK LTD</className></classificationItem></classification><classification classificationScheme=\"ticker\"><classificationItem score=\"58\"><className>NAB (ASX)</className></classificationItem></classification></classificationGroup><classificationGroup classificationScheme=\"indexing-terms\"><classification classificationScheme=\"subject\"><classificationItem score=\"90\"><classCode>STX000943</classCode><className>INTEREST RATES</className><classCode/><className/></classificationItem><classificationItem score=\"90\"><classCode>STX001883</classCode><className>DECISIONS &amp; RULINGS</className><classCode/><className/></classificationItem><classificationItem score=\"90\"><classCode>STX001149</classCode><className>MISCONDUCT</className><classCode/><className/></classificationItem><classificationItem score=\"89\"><classCode>N922110CC</classCode><className>LAW COURTS &amp; TRIBUNALS</className><classCode/><className/></classificationItem><classificationItem score=\"89\"><classCode>ST000DLZ7</classCode><className>MARKET MANIPULATION</className><classCode/><className/></classificationItem><classificationItem score=\"89\"><classCode>STX001661</classCode><className>SWAP TRANSACTIONS</className><classCode/><className/></classificationItem><classificationItem score=\"82\"><classCode>STX000722</classCode><className>FINES &amp; PENALTIES</className><classCode/><className/></classificationItem><classificationItem score=\"78\"><classCode>N926150GC</classCode><className>BANKING &amp; FINANCE REGULATION</className><classCode/><className/></classificationItem><classificationItem score=\"78\"><classCode>ST0008X6T</classCode><className>DERIVATIVE INSTRUMENTS</className><classCode/><className/></classificationItem><classificationItem score=\"77\"><classCode>STX001040</classCode><className>LITIGATION</className><classCode/><className/></classificationItem></classification><classification classificationScheme=\"industry\"><classificationItem score=\"90\"><classCode>STX000943</classCode><className>INTEREST RATES</className><classCode/><className/></classificationItem><classificationItem score=\"90\"><classCode>ST0009RX6</classCode><classCode/><className/></classificationItem><classificationItem score=\"90\"><classCode>N520000CC</classCode><className>BANKING &amp; FINANCE</className><classCode/><className/></classificationItem><classificationItem score=\"89\"><classCode>ST000DLZ7</classCode><className>MARKET MANIPULATION</className><classCode/><className/></classificationItem><classificationItem score=\"89\"><classCode>STX001661</classCode><className>SWAP TRANSACTIONS</className><classCode/><className/></classificationItem><classificationItem score=\"78\"><classCode>N926150GC</classCode><className>BANKING &amp; FINANCE REGULATION</className><classCode/><className/></classificationItem><classificationItem score=\"78\"><classCode>ST0008X6T</classCode><className>DERIVATIVE INSTRUMENTS</className><classCode/><className/></classificationItem></classification><classification classificationScheme=\"country\"><classificationItem score=\"92\"><classCode>GC301</classCode><className>AUSTRALIA</className><classCode/><className/></classificationItem></classification></classificationGroup></metadata></articleDoc></content></entry>"}