{"prediction_class": "Regulatory Breaches Tax Evasion Smuggling of goods", "prediction_score": "0.99", "name": "Westpac", "title": "Racketeering, wire fraud: Australian banks sued in US", "published": "2016-08-18T00:00:00Z", "updated": "2020-11-15T19:43:43Z", "cleaned_article": "[TITLE] Racketeering, wire fraud: Australian banks sued in US [TITLE] \n\n\"Rare smoking gun evidence\" has led to two US hedge funds and a derivative trader suing the big four banks and Macquarie Group in New York over the alleged rigging of the bank bill swap rate - a case that could end up costing the Australian banks billions of dollars. Several international banks are also being sued as part of the action filed in the US District Court for the Southern District of New York this week. The complaint accuses the five-strong cohort of Australia's financial institutions of racketeering, wire fraud and collusion under America's Racketeer Influenced and Corrupt Organisations Act (or the RICO Act) and notes the alleged rigging had a \"reasonably foreseeable effect on United States' domestic commerce\". Florida-based derivative trader Richard Dennis - who is speculated to be the famed trader known as the \"prince of the pit\" - and hedge fund Sonterra Capital Master Fund and Frontpoint Financial Services filed the claim.Sonterra alleges it had $490 million in trades affected by the alleged rigging, while Frontpoint alleges $100 million of its money was affected.The class action is the first time a victim of the alleged rigging of the bank bill swap rate in Australia has come forward to say they have suffered a loss and it opens the door for other aggrieved traders to join the suit.\"This blows a hole in the argument put by the banks this was a victimless act,\" Senator Sam Dastyari said.The applicants are demanding a jury trial in an explosive complaint that is piggybacked off the Australian Securities and Investments Commission's actions against ANZ Bank, Westpac and National Australia Bank. ", "raw_cleaned_article": "<h2>Racketeering, wire fraud: Australian banks sued in US</h2><p><b>\"Rare smoking gun evidence\" has led to two US hedge funds and a derivative trader suing the big four banks and Macquarie Group in New York over the alleged rigging of the bank bill swap rate - a case that could end up costing the Australian banks billions of dollars. Several international banks are also being sued as part of the action filed in the US District Court for the Southern District of New York this week. The complaint accuses the five-strong cohort of Australia's financial institutions of racketeering, wire fraud and collusion under America's Racketeer Influenced and Corrupt Organisations Act (or the RICO Act) and notes the alleged rigging had a \"reasonably foreseeable effect on United States' domestic commerce\". Florida-based derivative trader Richard Dennis - who is speculated to be the famed trader known as the \"prince of the pit\" - and hedge fund Sonterra Capital Master Fund and Frontpoint Financial Services filed the claim.Sonterra alleges it had $490 million in trades affected by the alleged rigging, while Frontpoint alleges $100 million of its money was affected.The class action is the first time a victim of the alleged rigging of the bank bill swap rate in Australia has come forward to say they have suffered a loss and it opens the door for other aggrieved traders to join the suit.\"This blows a hole in the argument put by the banks this was a victimless act,\" Senator Sam Dastyari said.The applicants are demanding a jury trial in an explosive complaint that is piggybacked off the Australian Securities and Investments Commission's actions against ANZ Bank, Westpac and National Australia Bank. </b></p>", "original_content": "<entry xmlns=\"http://www.w3.org/2005/Atom\"><id>urn:contentItem:5KGV-5KN1-JBJ7-N1SB-00000-00</id><title>Racketeering, wire fraud: Australian banks sued in US</title><published>2016-08-18T00:00:00Z</published><updated>2020-11-15T19:43:43Z</updated><author><name>LexisNexis</name></author><content type=\"application/xml\"><!--Transformation version 1.23--><articleDoc xmlns=\"\" xmlns:xsi=\"http://www.w3.org/2001/XMLSchema-instance\" xsi:noNamespaceSchemaLocation=\"http://www.lexisnexis.com/xmlschemas/content/public/articledoc/1/\" schemaVersion=\"1.8\" xml:lang=\"en\"><articleDocHead><itemInfo/></articleDocHead><nitf:body xmlns:nitf=\"http://iptc.org/std/NITF/2006-10-18/\"><nitf:body.head><nitf:hedline><nitf:hl1>Racketeering, wire fraud: Australian banks sued in US</nitf:hl1></nitf:hedline><nitf:byline><author><person><nameText>Sarah Danckert</nameText></person></author></nitf:byline></nitf:body.head><nitf:body.content><bodyText><p nitf:lede=\"true\">\"Rare smoking gun evidence\" has led to two US hedge funds and a derivative trader suing the big four banks and Macquarie Group in New York over the alleged rigging of the bank bill swap rate - a case that could end up costing the Australian banks billions of dollars. Several international banks are also being sued as part of the action filed in the US District Court for the Southern District of New York this week. The complaint accuses the five-strong cohort of Australia's financial institutions of racketeering, wire fraud and collusion under America's Racketeer Influenced and Corrupt Organisations Act (or the RICO Act) and notes the alleged rigging had a \"reasonably foreseeable effect on United States' domestic commerce\". Florida-based derivative trader Richard Dennis - who is speculated to be the famed trader known as the \"prince of the pit\" - and hedge fund Sonterra Capital Master Fund and Frontpoint Financial Services filed the claim.Sonterra alleges it had $490 million in trades affected by the alleged rigging, while Frontpoint alleges $100 million of its money was affected.The class action is the first time a victim of the alleged rigging of the bank bill swap rate in Australia has come forward to say they have suffered a loss and it opens the door for other aggrieved traders to join the suit.\"This blows a hole in the argument put by the banks this was a victimless act,\" Senator Sam Dastyari said.The applicants are demanding a jury trial in an explosive complaint that is piggybacked off the Australian Securities and Investments Commission's actions against ANZ Bank, Westpac and National Australia Bank. </p><p>The claim does not say how much in damages and lost income the applicants are seeking. Other rigging cases have been settled for as little $US100 million, while a case brought by regulators in Britain and the US over the rigging of the LIBOR rate saw another group of banks slugged with $US6 billion in fines.ASIC is not involved in the US filing. ASIC has not launched action against Commonwealth Bank or Macquarie though it is expected to file against the CBA in coming weeks. ANZ, NAB and Westpac will vigorously defend the claim. Macquarie and CBA are also expected to defend the claim. However, there is also a strong possibility some or all of the banks will move separately to have the matter dismissed.The filing has also allowed for a re-airing of some of the colourful and allegedly incriminating language between Australian banking traders.\"When one ANZ trader sarcastically commented 'lucky the rate sets are all legit and there is no manipulation within the Australian financial system', his colleague replied 'ahahah',\" according to the complaint. \"In another instance, a trader at Commonwealth Bank sent a cartoon bus with 'BBSW' written on the side to a co-conspirator at Westpac. The Westpac trader, acknowledging that both had successfully manipulated the BBSW fix that day, jokingly replied: \"You been run over by that big fat bus? ??? saw the lovely cba having a small lash as well. . .nice work!\"\"The common purpose of the enterprise was simple: profiteering,\" according to the complaint.The complaint said the ASIC action had revealed \"rare 'smoking gun' evidence, including emails, phone calls, and electronic chats, demonstrating a conspiracy among BBSW panel banks and inter-dealer brokers to fix the prices of BBSW-based derivatives\".The action against the big banks comes amid calls for a royal commission and highlights the soft-touch approach to financial services firms in Australia who face much smaller financial penalties for regulatory breaches and a class action system that rarely rewards victims more than an eight-figure sum. The complaint alleges some of the trading between traders working for the Australian banks took place in the US.\"[The] defendants completed all elements of wire fraud within the United States or while crossing United States borders,\" the claim alleges.The wire fraud allegations relate to the transmitting of the allegedly rigged rates on computer networks including Thomson Reuters data and Bloomberg terminals to the US. There is no allegation the information companies were anything other than a passive recipient of the allegedly rigged rates.The RICO Act has been used by authorities and in civil claims to clamp down on organised crime including crimes committed by drug cartels and the alleged misdeeds by FIFA officials and others.Referring to the wire fraud allegations, the claim says: \"As a RICO predicate act, provides that \"[w]hoever, having devised or intending to devise any scheme or artifice to defraud, or for obtaining money or property by means of false or fraudulent pretences, representation, or promises, transmits or causes to be transmitted by means of wire, fraud, radio, or television communication in interstate or foreign commerce, any writings, signs, signals, pictures, or sounds for the purpose of executing such a scheme or artifice, shall be fined under this title or imprisoned not more than 20 years, or both.\"Sources close to the banks yesterday were describing the filing as a frolic by hedge funds trying to cause trouble and casting a wide net that had unfairly captured the Australian banks.Another hedge fund trader to recently make \"trouble\" was Paul Singer whose holdout on a debt deal led to Argentina defaulting on its sovereign debt. Earlier this year, he and other hedge fund traders settled for $US4.56 billion. </p></bodyText></nitf:body.content></nitf:body><metadata><dc:metadata xmlns:dc=\"http://purl.org/dc/elements/1.1/\"><dc:identifier identifierScheme=\"DOC-ID\">AGEAUS-1012608523</dc:identifier><dc:source sourceScheme=\"royaltyReportingKey\">AGEAUS2016</dc:source><dc:identifier identifierScheme=\"PGUID\">urn:contentItem:5KGV-5KN1-JBJ7-N1SB-00000-00</dc:identifier><dc:source sourceScheme=\"productContentSetIdentifier\">404060</dc:source><dc:date dateType=\"last-updated\">2016-08-20</dc:date></dc:metadata><wordCount number=\"910\"/><timeReceived>07:33 PM GMT</timeReceived><publicationInfo><copyright>Copyright 2016 Fairfax Media Publications Pty. Limited All Rights Reserved</copyright><publicationName>The Age (Melbourne, Australia) - Online</publicationName><publicationDate day=\"18\" month=\"08\" year=\"2016\"><dateText>August 18, 2016 Thursday</dateText></publicationDate><classification classificationScheme=\"publicationtype\"><classificationItem><className>Web Publication</className></classificationItem></classification><classification classificationScheme=\"publicationtype\"><classificationItem><className>Web-based Publications</className></classificationItem></classification></publicationInfo><classification classificationScheme=\"language\"><classificationItem classificationScheme=\"lang.english\"><className>ENGLISH</className></classificationItem></classification><classificationGroup classificationScheme=\"indexing-terms\"><classification classificationScheme=\"company\"><classificationItem score=\"91\"><classCode>CC0001V19</classCode><className>NATIONAL AUSTRALIA BANK LTD</className></classificationItem><classificationItem score=\"82\"><classCode>CC00091HS</classCode><className>AUSTRALIA &amp; NEW ZEALAND BANKING GROUP LTD</className></classificationItem><classificationItem score=\"74\"><classCode>CC000A36L</classCode><className>MACQUARIE GROUP LTD</className></classificationItem></classification><classification classificationScheme=\"ticker\"><classificationItem score=\"91\"><className>NAB (ASX)</className></classificationItem><classificationItem score=\"82\"><className>ANZ (NZX)</className></classificationItem><classificationItem score=\"82\"><className>ANZ (ASX)</className></classificationItem><classificationItem score=\"74\"><className>MQG (ASX)</className></classificationItem></classification></classificationGroup><classificationGroup classificationScheme=\"licensor.indexing-terms\"><classification classificationScheme=\"licensor.subject\"><classificationItem><className>Banking and Finance</className></classificationItem></classification></classificationGroup><classificationGroup classificationScheme=\"indexing-terms\"><classification classificationScheme=\"legal\"><classificationItem><className>Criminal Law &amp; Procedure</className><classCode>Z3VpZD11cm46dG9waWM6NEU0RkE1OUQwNUQwNDgxODhEODZCMjkzOTg3NThBNzk7cGFyZW50Z3VpZD0</classCode><classificationItem score=\"71\"><className>Penalties</className><classCode>Z3VpZD11cm46dG9waWM6RUFDNTc3MDRCNTBBNDVGMTkxNDlDRDBCNEEzNjhCQkY7cGFyZW50Z3VpZD11cm46dG9waWM6RTlCRDk0QTA4RjgzNDVBN0I4RjI0RTVGQjNDMkZBOEQ</classCode></classificationItem><classificationItem score=\"50\"><className>Wire Fraud</className><classCode>Z3VpZD11cm46dG9waWM6RTlCRDk0QTA4RjgzNDVBN0I4RjI0RTVGQjNDMkZBOEQ7cGFyZW50Z3VpZD11cm46dG9waWM6NjY5RDJFRkEwRDgwNEFCOEIzQ0Y5RTUzQ0Y4MDZENzg</classCode></classificationItem></classificationItem><classificationItem><className>Securities Law</className><classCode>Z3VpZD11cm46dG9waWM6RkFFMTQ3ODhCRDYyNDkyN0IwQkEyQzRCRDlFMEM5ODc7cGFyZW50Z3VpZD0</classCode><classificationItem score=\"56\"><className>Criminal Offenses &amp; RICO Actions</className><classCode>Z3VpZD11cm46dG9waWM6Mzc1M0IyRDM3QjE2NDYzMEFGNjBDOTREM0FEQzY5Qjk7cGFyZW50Z3VpZD11cm46dG9waWM6RkFFMTQ3ODhCRDYyNDkyN0IwQkEyQzRCRDlFMEM5ODc</classCode></classificationItem></classificationItem></classification><classification classificationScheme=\"subject\"><classificationItem score=\"91\"><classCode>STX001648</classCode><className>SUITS &amp; CLAIMS</className><classCode/><className/></classificationItem><classificationItem score=\"89\"><classCode>STX000943</classCode><className>INTEREST RATES</className><classCode/><className/></classificationItem><classificationItem score=\"78\"><classCode>N926150GC</classCode><className>BANKING &amp; FINANCE REGULATION</className><classCode/><className/></classificationItem><classificationItem score=\"78\"><classCode>STX000989</classCode><className>JURY TRIALS</className><classCode/><className/></classificationItem><classificationItem score=\"78\"><classCode>STX000442</classCode><className>DAMAGES</className><classCode>Z3VpZD11cm46dG9waWM6QzQyQ0JFRkFDNDIzNDU3RjhFMkE1N0JEOTFGNzIwQzE7cGFyZW50Z3VpZD11cm46dG9waWM6NEY5RDZFNTJBQzJGNERFQjg0MEIyMEVBRUU4NjI0RjU</classCode><className>Damages</className></classificationItem><classificationItem score=\"78\"><classCode>ST0009UQC</classCode><className>LONDON INTERBANK OFFERED RATES</className><classCode/><className/></classificationItem><classificationItem score=\"78\"><classCode>STX001040</classCode><className>LITIGATION</className><classCode/><className/></classificationItem><classificationItem score=\"77\"><classCode>ST000D5SG</classCode><className>CORRUPTION</className><classCode/><className/></classificationItem><classificationItem score=\"76\"><classCode>STX001266</classCode><className>ORGANIZED CRIME</className><classCode/><className/></classificationItem><classificationItem score=\"73\"><classCode>ST000A7IS</classCode><className>ASSOCIATIONS &amp; ORGANIZATIONS</className><classCode/><className/></classificationItem><classificationItem score=\"71\"><classCode>N922110CC</classCode><className>LAW COURTS &amp; TRIBUNALS</className><classCode/><className/></classificationItem><classificationItem score=\"71\"><classCode>ST000D90O</classCode><className>IMPROVISED EXPLOSIVE DEVICES</className><classCode/><className/></classificationItem><classificationItem score=\"66\"><classCode>STX000722</classCode><className>FINES &amp; PENALTIES</className><classCode/><className/></classificationItem><classificationItem score=\"55\"><classCode>ST000DB0R</classCode><className>WIRE FRAUD</className><classCode>Z3VpZD11cm46dG9waWM6RTlCRDk0QTA4RjgzNDVBN0I4RjI0RTVGQjNDMkZBOEQ7cGFyZW50Z3VpZD11cm46dG9waWM6NjY5RDJFRkEwRDgwNEFCOEIzQ0Y5RTUzQ0Y4MDZENzg</classCode><className>Wire Fraud</className></classificationItem></classification><classification classificationScheme=\"industry\"><classificationItem score=\"90\"><classCode>ST0008X6T</classCode><className>DERIVATIVE INSTRUMENTS</className><classCode/><className/></classificationItem><classificationItem score=\"90\"><classCode>N520000CC</classCode><className>BANKING &amp; FINANCE</className><classCode/><className/></classificationItem><classificationItem score=\"90\"><classCode>N525910EE</classCode><className>HEDGE FUNDS</className><classCode>Z3VpZD11cm46dG9waWM6QkY2N0Y5NDExMUY3NEE0NEJERkNDM0ZCNzIxRUU3OTg7cGFyZW50Z3VpZD11cm46dG9waWM6NEZBNjUwRkEwQjJGNDgzQzlEMzMyNEE1RDAyOTY4RkE</classCode><className>Hedge Funds</className></classificationItem><classificationItem score=\"90\"><classCode>STX001661</classCode><className>SWAP TRANSACTIONS</className><classCode/><className/></classificationItem><classificationItem score=\"89\"><classCode>STX000943</classCode><className>INTEREST RATES</className><classCode/><className/></classificationItem><classificationItem score=\"78\"><classCode>N926150GC</classCode><className>BANKING &amp; FINANCE REGULATION</className><classCode/><className/></classificationItem><classificationItem score=\"78\"><classCode>ST0009RX6</classCode><classCode/><className/></classificationItem><classificationItem score=\"78\"><classCode>ST000DLZ7</classCode><className>MARKET MANIPULATION</className><classCode/><className/></classificationItem><classificationItem score=\"78\"><classCode>ST0009UQC</classCode><className>LONDON INTERBANK OFFERED RATES</className><classCode/><className/></classificationItem><classificationItem score=\"55\"><classCode>ST000DB0R</classCode><className>WIRE FRAUD</className><classCode>Z3VpZD11cm46dG9waWM6RTlCRDk0QTA4RjgzNDVBN0I4RjI0RTVGQjNDMkZBOEQ7cGFyZW50Z3VpZD11cm46dG9waWM6NjY5RDJFRkEwRDgwNEFCOEIzQ0Y5RTUzQ0Y4MDZENzg</classCode><className>Wire Fraud</className></classificationItem></classification><classification classificationScheme=\"state\"><classificationItem score=\"92\"><classCode>GS148</classCode><className>NEW YORK, USA</className><classCode/><className/></classificationItem><classificationItem score=\"79\"><classCode>GS125</classCode><className>FLORIDA, USA</className><classCode/><className/></classificationItem></classification><classification classificationScheme=\"country\"><classificationItem score=\"96\"><classCode>GC301</classCode><className>AUSTRALIA</className><classCode/><className/></classificationItem><classificationItem score=\"94\"><classCode>GC343</classCode><className>UNITED STATES</className><classCode/><className/></classificationItem></classification></classificationGroup></metadata></articleDoc></content></entry>"}