{"prediction_class": "Money laundering", "prediction_score": "0.99", "name": "Westpac", "title": "Lessons for Westpac in telco confession", "published": "2019-12-11T00:00:00Z", "updated": "2020-11-15T19:52:29Z", "cleaned_article": "[TITLE] Lessons for Westpac in telco confession [TITLE] \n\nIt will be no comfort to Westpac Banking Corp shareholders but the bank is not alone in having experienced a decade-long breakdown in the implementation and monitoring of a regulated compliance program. At the weekend, Ericsson, the Swedish telecommunications company and the largest supplier of 5G mobile equipment in Australia, confessed to bribery and corruption in Djibouti, China, Vietnam, Indonesia and Kuwait over the period from 2000 to 2016. Ericsson agreed to pay more than $US1 billion ($1.46 billion) to the Securities and Exchange Commission and the US Department of Justice (DoJ), and to install an independent compliance monitor. [...] \n\nFor example, the bribery in Indonesia, which totalled $US45 million between 2012 and 2015, involved the use of a cash account labelled the \"Fridge\" account. It was used for \"off the book\" expenses, such as pleasure travel to Bali, that certain employees did not want to record on the company's books. Chanticleer's purpose for raising this case is to explore the lessons learnt by the Ericsson management following the sacking of about 49 different employees directly involved in the corruption and bribery. First, it should be stressed that Westpac's anti-money laundering problems did not involve deliberate criminal actions by staff. Also, it is not clear exactly what the senior management and the board knew about the breaches that occurred in the bank's financial crime division.But it is not unreasonable to question Westpac's culture when the evidence shows that bad news did not travel up the management reporting chain.One former senior employee of the bank, who has worked in the banking industry for about 40 years, says the statement he heard most often at Westpac during his near decade-long stint there was: \"I want solutions, not problems.\"The former banker says another aspect of the Westpac culture that could have contributed to the bank's anti-money laundering problems was the emphasis placed on making money from the LitePay transfer product.\"I understand the product that has caused all this grief was developed in order to combat the threat posed by new rival start-ups that offered a cheap service with little much in the way of difficulty for the customer,\" the former Westpac banker says.\"That had revenue implications for Westpac, hence it would get, and did get, strong line management support. A combination of a need to get the product to market quickly, the inability of middle management and project management to deliver bad news effectively up the management line (at all points) was the likely cause of this debacle. \"My experience is that such a problem of inability to deliver a product that met the regulatory reporting requirements would generally lead to the release being delayed until the issue was solved. But that ignores that fact that there was likely heavy lobbying to get the product to market, corners were cut and considered risk decisions made.\"Whether the banker is right will have to await the report into the accountability of Westpac staff, which is being conducted by Jeff Carmichael from Promontory Financial Group. Tougher compliance At Ericsson, the board repeatedly called on the management to develop and implement a tougher compliance program to prevent bribery and corruption in the three years leading up to the investigation by the SEC and DoJ. [...] \n\nThis cultural trait is one that has been learnt by the banking industry in Australia and the United Kingdom over the past decade. In Australia, the banks did not do the right thing by clients of financial planning businesses. In the UK, the big banks have paid out ??55 billion in remediation charges to cover the abuse of payment protection insurance, which was sold as part of volume-based remuneration schemes. Virgin Money Plc chief executive David Duffy told Chanticleer on Tuesday the response to the PPI insurance scandal and Westpac's response to its anti-money laundering problems should not be simply a \"massive scale increase in compliance\". \"It's the behaviours in a culture that are the root cause of the issue,\" he says. \"And just to chloroform the organisation with massive scale resources is only part of the answer. You have to do that to fix it. But breeding a culture in the institution that doesn't generate that kind of behaviour is really important and then you can add a layer of control and monitoring.\"", "raw_cleaned_article": "<h2>Lessons for Westpac in telco confession</h2><p><b>It will be no comfort to Westpac Banking Corp shareholders but the bank is not alone in having experienced a decade-long breakdown in the implementation and monitoring of a regulated compliance program.</b> At the weekend, Ericsson, the Swedish telecommunications company and the largest supplier of 5G mobile equipment in Australia, confessed to bribery and corruption in Djibouti, China, Vietnam, Indonesia and Kuwait over the period from 2000 to 2016. Ericsson agreed to pay more than $US1 billion ($1.46 billion) to the Securities and Exchange Commission and the US Department of Justice (DoJ), and to install an independent compliance monitor.</p><p>[...]</p><p>For example, the bribery in Indonesia, which totalled $US45 million between 2012 and 2015, involved the use of a cash account labelled the \"Fridge\" account. It was used for \"off the book\" expenses, such as pleasure travel to Bali, that certain employees did not want to record on the company's books. Chanticleer's purpose for raising this case is to explore the lessons learnt by the Ericsson management following the sacking of about 49 different employees directly involved in the corruption and bribery. <b>First, it should be stressed that Westpac's anti-money laundering problems did not involve deliberate criminal actions by staff. Also, it is not clear exactly what the senior management and the board knew about the breaches that occurred in the bank's financial crime division.</b></p><p>[...]</p><p>For example, the bribery in Indonesia, which totalled $US45 million between 2012 and 2015, involved the use of a cash account labelled the \"Fridge\" account. It was used for \"off the book\" expenses, such as pleasure travel to Bali, that certain employees did not want to record on the company's books. <b>But it is not unreasonable to question Westpac's culture when the evidence shows that bad news did not travel up the management reporting chain.</b><b>One former senior employee of the bank, who has worked in the banking industry for about 40 years, says the statement he heard most often at Westpac during his near decade-long stint there was: \"I want solutions, not problems.\"</b><b>The former banker says another aspect of the Westpac culture that could have contributed to the bank's anti-money laundering problems was the emphasis placed on making money from the LitePay transfer product.</b><b>\"I understand the product that has caused all this grief was developed in order to combat the threat posed by new rival start-ups that offered a cheap service with little much in the way of difficulty for the customer,\" the former Westpac banker says.</b><b>\"That had revenue implications for Westpac, hence it would get, and did get, strong line management support. A combination of a need to get the product to market quickly, the inability of middle management and project management to deliver bad news effectively up the management line (at all points) was the likely cause of this debacle.</b> \"My experience is that such a problem of inability to deliver a product that met the regulatory reporting requirements would generally lead to the release being delayed until the issue was solved. But that ignores that fact that there was likely heavy lobbying to get the product to market, corners were cut and considered risk decisions made.\"<b>Whether the banker is right will have to await the report into the accountability of Westpac staff, which is being conducted by Jeff Carmichael from Promontory Financial Group.</b> Tougher compliance At Ericsson, the board repeatedly called on the management to develop and implement a tougher compliance program to prevent bribery and corruption in the three years leading up to the investigation by the SEC and DoJ.</p><p>[...]</p><p>This cultural trait is one that has been learnt by the banking industry in Australia and the United Kingdom over the past decade. In Australia, the banks did not do the right thing by clients of financial planning businesses. In the UK, the big banks have paid out ??55 billion in remediation charges to cover the abuse of payment protection insurance, which was sold as part of volume-based remuneration schemes. <b>Virgin Money Plc chief executive David Duffy told Chanticleer on Tuesday the response to the PPI insurance scandal and Westpac's response to its anti-money laundering problems should not be simply a \"massive scale increase in compliance\".</b> \"It's the behaviours in a culture that are the root cause of the issue,\" he says. \"And just to chloroform the organisation with massive scale resources is only part of the answer. You have to do that to fix it. But breeding a culture in the institution that doesn't generate that kind of behaviour is really important and then you can add a layer of control and monitoring.\"</p>", "original_content": "<entry xmlns=\"http://www.w3.org/2005/Atom\"><id>urn:contentItem:5XPM-X8B1-DY19-C000-00000-00</id><title>Lessons for Westpac in telco confession</title><published>2019-12-11T00:00:00Z</published><updated>2020-11-15T19:52:29Z</updated><author><name>LexisNexis</name></author><content type=\"application/xml\"><!--Transformation version 1.23--><articleDoc xmlns=\"\" xmlns:xsi=\"http://www.w3.org/2001/XMLSchema-instance\" xsi:noNamespaceSchemaLocation=\"http://www.lexisnexis.com/xmlschemas/content/public/articledoc/1/\" schemaVersion=\"1.8\" xml:lang=\"en\"><articleDocHead><itemInfo/></articleDocHead><nitf:body xmlns:nitf=\"http://iptc.org/std/NITF/2006-10-18/\"><nitf:body.head><nitf:hedline><nitf:hl1>Lessons for Westpac in telco confession</nitf:hl1></nitf:hedline><nitf:byline><author><person><nameText>Tony Boyd</nameText></person></author></nitf:byline><highlight><bodyText><p>Many of Ericsson's comments could be inserted into the speech being prepared for Westpac chairman Lindsay Maxsted for Thursday's annual meeting.</p></bodyText></highlight></nitf:body.head><nitf:body.content><bodyText><p nitf:lede=\"true\">It will be no comfort to Westpac Banking Corp shareholders but the bank is not alone in having experienced a decade-long breakdown in the implementation and monitoring of a regulated compliance program.</p><p nitf:lede=\"true\">At the weekend, Ericsson, the Swedish telecommunications company and the largest supplier of 5G mobile equipment in Australia, confessed to bribery and corruption in Djibouti, China, Vietnam, Indonesia and Kuwait over the period from 2000 to 2016.</p><p nitf:lede=\"true\">Ericsson agreed to pay more than $US1 billion ($1.46 billion) to the Securities and Exchange Commission and the US Department of Justice (DoJ), and to install an independent compliance monitor.</p><p nitf:lede=\"true\">The SEC alleged that Ericsson had third parties pay for lavish trips and entertainment for government officials or their family members. At least one of these trips was a sightseeing tour to Australia involving a group of officials from a Chinese state-owned enterprise.</p><p>In exchange for the bribes, Ericsson received lucrative contracts from state-owned telecommunications entities in those countries, the SEC said. The SEC complaint alleges that Ericsson's subsidiaries further violated the Foreign Corrupt Practices Act (FCPA) in Vietnam, Indonesia and Kuwait by maintaining slush funds, using code names, and creating sham transactions and invoices.</p><p>Separately, Ericsson entered into a deferred prosecution agreement with the DoJ admitting it had falsified its books and records, and failed to implement reasonable internal accounting controls.</p><p>Ericsson compounded its problems with the DoJ because it \"did not disclose allegations of corruption with respect to two relevant matters; it produced certain materials in an untimely manner; and it did not fully remediate, including by failing to take adequate disciplinary measures with respect to certain employees involved in the misconduct\".</p><p>Students of corrupt behaviour will be fascinated to read the DoJ court documents, which reveal the bumbling attempts by senior Ericsson employees to cover their tracks while they managed millions of dollars of corrupt payments.</p><p>'Fridge' account</p><p>For example, the bribery in Indonesia, which totalled $US45 million between 2012 and 2015, involved the use of a cash account labelled the \"Fridge\" account. It was used for \"off the book\" expenses, such as pleasure travel to Bali, that certain employees did not want to record on the company's books.</p><p>Chanticleer's purpose for raising this case is to explore the lessons learnt by the Ericsson management following the sacking of about 49 different employees directly involved in the corruption and bribery.</p><p>First, it should be stressed that <url normalizedValue=\"https://www.afr.com/companies/financial-services/austrac-confident-of-quick-resolution-to-westpac-case-20191209-p53iao\">Westpac's anti-money laundering problems</url> did not involve deliberate criminal actions by staff. Also, it is not clear exactly what the senior management and the board knew about the breaches that occurred in the bank's financial crime division.</p><p>But it is <url normalizedValue=\"https://www.afr.com/companies/financial-services/westpac-execs-driven-by-status-money-power-20191201-p53fsj\">not unreasonable to question Westpac's culture</url> when the evidence shows that bad news did not travel up the management reporting chain.</p><p>One former senior employee of the bank, who has worked in the banking industry for about 40 years, says the statement he heard most often at Westpac during his near decade-long stint there was: \"I want solutions, not problems.\"</p><p>The former banker says another aspect of the Westpac culture that could have contributed to the bank's anti-money laundering problems was the <url normalizedValue=\"https://www.afr.com/companies/financial-services/westpac-shut-remittance-firms-over-money-laundering-risk-20191126-p53e3w\">emphasis placed on making money from the LitePay transfer product.</url></p><p>\"I understand the product that has caused all this grief was developed in order to combat the threat posed by new rival start-ups that offered a cheap service with little much in the way of difficulty for the customer,\" the former Westpac banker says.</p><p>\"That had revenue implications for Westpac, hence it would get, and did get, strong line management support. A combination of a need to get the product to market quickly, the inability of middle management and project management to deliver bad news effectively up the management line (at all points) was the likely cause of this debacle.</p><p>\"My experience is that such a problem of inability to deliver a product that met the regulatory reporting requirements would generally lead to the release being delayed until the issue was solved. But that ignores that fact that there was likely heavy lobbying to get the product to market, corners were cut and considered risk decisions made.\"</p><p>Whether the banker is right will have to await the report into the accountability of Westpac staff, which is being conducted by Jeff Carmichael from Promontory Financial Group.</p><p>Tougher compliance</p><p>At Ericsson, the board repeatedly called on the management to develop and implement a tougher compliance program to prevent bribery and corruption in the three years leading up to the investigation by the SEC and DoJ.</p><p>But its senior executives, particularly in Asia, were determined to win as much new business as possible. Chanticleer spoke to someone who worked for a rival company during the time Ericsson was winning the big contracts in China, Indonesia and Vietnam.</p><p>The telco executive knew potential clients and officials in these countries were demanding bribes but he refused to participate. He knew he had to put a commitment to do the right thing ahead of making money.</p><p>This cultural trait is one that has been learnt by the banking industry in Australia and the United Kingdom over the past decade. In Australia, the banks did not do the right thing by clients of financial planning businesses.</p><p>In the UK, the big banks have paid out ??55 billion in remediation charges to cover the abuse of payment protection insurance, which was sold as part of volume-based remuneration schemes.</p><p>Virgin Money Plc chief executive David Duffy told Chanticleer on Tuesday the response to the PPI insurance scandal and Westpac's response to its anti-money laundering problems should not be simply a \"massive scale increase in compliance\".</p><p>\"It's the behaviours in a culture that are the root cause of the issue,\" he says.</p><p>\"And just to chloroform the organisation with massive scale resources is only part of the answer. You have to do that to fix it. But breeding a culture in the institution that doesn't generate that kind of behaviour is really important and then you can add a layer of control and monitoring.\"</p><p>Broken culture</p><p>Ericsson's president and chief executive, B??rje Ekholm, recognised that his company had a broken culture over a long period. During a briefing for analysts on Saturday, he said: \"I am upset by these past failings. Reaching a resolution with the US authorities allows us to close this legacy chapter. We can now move forward and build a stronger company.</p><p>\"The settlement with the SEC and DoJ shows that we have not always met our standards in doing business the right way. This episode shows the importance of fact-based decision-making and a culture that supports speaking up and confronting issues.</p><p>\"We have worked tirelessly to implement a robust compliance program. This work will never stop.\"</p><p>Many of these comments could be inserted into the speech being prepared for <url normalizedValue=\"https://www.afr.com/companies/financial-services/westpac-faces-agm-revolt-20191206-p53hka\">Westpac chairman Lindsay Maxsted for Thursday's annual meeting.</url></p><p>Obviously, Westpac has yet to reach an agreement with the financial crime agency AUSTRAC on the size of the penalty to be paid for the failure of its processes and systems.</p><p>But judging from this week's court hearing, a deal is only months away.</p><p>The important message that Maxsted should send to shareholders on Thursday is to emphasise the board's commitment to exploring the reasons behind the breakdown in the bank's compliance culture. This is something that must survive the transition to the new chairman and chief executive.</p></bodyText></nitf:body.content></nitf:body><metadata><dc:metadata xmlns:dc=\"http://purl.org/dc/elements/1.1/\"><dc:identifier identifierScheme=\"DOC-ID\">AFRONL-1520216549</dc:identifier><dc:source sourceScheme=\"royaltyReportingKey\">AFRONL2019</dc:source><dc:identifier identifierScheme=\"PGUID\">urn:contentItem:5XPM-X8B1-DY19-C000-00000-00</dc:identifier><dc:source sourceScheme=\"productContentSetIdentifier\">429670</dc:source><dc:date dateType=\"last-updated\">2019-12-10</dc:date></dc:metadata><wordCount number=\"1273\"/><timeReceived>00:00 GMT</timeReceived><publicationInfo><copyright>Copyright 2019 Fairfax Media Publications Pty. Limited All Rights Reserved</copyright><publicationName>AFR Online</publicationName><publicationDate day=\"11\" month=\"12\" year=\"2019\"><dateText>December 11, 2019 Wednesday</dateText></publicationDate><classification classificationScheme=\"publicationtype\"><classificationItem><className>Web Publication</className></classificationItem></classification><classification classificationScheme=\"publicationtype\"><classificationItem><className>Industry Trade Press</className></classificationItem></classification></publicationInfo><classification classificationScheme=\"language\"><classificationItem classificationScheme=\"lang.english\"><className>ENGLISH</className></classificationItem></classification><classificationGroup classificationScheme=\"indexing-terms\"><classification classificationScheme=\"company\"><classificationItem score=\"94\"><classCode>CC00027WH</classCode><className>TELEFONAKTIEBOLAGET LM ERICSSON</className></classificationItem><classificationItem score=\"91\"><classCode>CC0002RXP</classCode><className>WESTPAC BANKING CORP</className></classificationItem><classificationItem score=\"57\"><classCode>CC000D9FB</classCode><className>AL MUDON INTERNATIONAL REAL ESTATE CO KSCC</className></classificationItem></classification><classification classificationScheme=\"organization\"><classificationItem score=\"90\"><className>SECURITIES &amp; EXCHANGE COMMISSION</className></classificationItem><classificationItem score=\"83\"><className>US DEPARTMENT OF JUSTICE</className></classificationItem></classification><classification classificationScheme=\"industry\"><classificationItem score=\"94\"><className>NAICS334220 RADIO &amp; TELEVISION BROADCASTING &amp; WIRELESS COMMUNICATIONS EQUIPMENT MANUFACTURING</className></classificationItem><classificationItem score=\"94\"><className>SIC3663 RADIO &amp; TELEVISION BROADCASTING &amp; COMMUNICATIONS EQUIPMENT</className></classificationItem><classificationItem score=\"91\"><className>NAICS522110 COMMERCIAL BANKING</className></classificationItem><classificationItem score=\"91\"><className>SIC6029 COMMERCIAL BANKS, NEC</className></classificationItem><classificationItem score=\"57\"><className>NAICS531110 LESSORS OF RESIDENTIAL BUILDINGS &amp; DWELLINGS</className></classificationItem><classificationItem score=\"57\"><className>SIC6513 OPERATORS OF APARTMENT BUILDINGS</className></classificationItem></classification><classification classificationScheme=\"ticker\"><classificationItem score=\"94\"><className>ERIC.B (STO)</className></classificationItem><classificationItem score=\"94\"><className>ERIC.A (STO)</className></classificationItem><classificationItem score=\"94\"><className>ERIC (NASDAQ)</className></classificationItem><classificationItem score=\"91\"><className>WBK (NYSE)</className></classificationItem><classificationItem score=\"91\"><className>WBC (NZX)</className></classificationItem><classificationItem score=\"91\"><className>WBC (ASX)</className></classificationItem><classificationItem score=\"57\"><className>ALMUDON (KUW)</className></classificationItem></classification></classificationGroup><classificationGroup classificationScheme=\"licensor.indexing-terms\"><classification classificationScheme=\"licensor.subject\"><classificationItem><className>Chanticleer</className></classificationItem></classification></classificationGroup><classificationGroup classificationScheme=\"indexing-terms\"><classification classificationScheme=\"legal\"><classificationItem><className>Business &amp; Corporate Compliance</className><classCode>Z3VpZD11cm46dG9waWM6MUFEMUQ2QTA1OUZCNEE5RjkzNTA2RERFMUNEOTk1RTI7cGFyZW50Z3VpZD0</classCode><classificationItem score=\"50\"><className>Foreign Corrupt Practices Act</className><classCode>Z3VpZD11cm46dG9waWM6RTIyNjMwREI2RDU0NEQyNkExQjRCNzcwN0QwNTA1MzA7cGFyZW50Z3VpZD11cm46dG9waWM6RkFFMTQ3ODhCRDYyNDkyN0IwQkEyQzRCRDlFMEM5ODc</classCode></classificationItem></classificationItem><classificationItem><className>Criminal Law &amp; Procedure</className><classCode>Z3VpZD11cm46dG9waWM6NEU0RkE1OUQwNUQwNDgxODhEODZCMjkzOTg3NThBNzk7cGFyZW50Z3VpZD0</classCode><classificationItem score=\"62\"><className>General Overview</className><classCode>Z3VpZD11cm46dG9waWM6MUM4RjZFOEE4MDc3NDE4QjhCMkQwNzc2QTM0OUQ5NjI7cGFyZW50Z3VpZD11cm46dG9waWM6QzBDQzA4NEVCN0Q0NEZCRkEwNjY3Qzk3MDA3NzlCMjU</classCode></classificationItem></classificationItem><classificationItem><className>Securities Law</className><classCode>Z3VpZD11cm46dG9waWM6RkFFMTQ3ODhCRDYyNDkyN0IwQkEyQzRCRDlFMEM5ODc7cGFyZW50Z3VpZD0</classCode><classificationItem score=\"50\"><className>Foreign Corrupt Practices Act</className><classCode>Z3VpZD11cm46dG9waWM6RTIyNjMwREI2RDU0NEQyNkExQjRCNzcwN0QwNTA1MzA7cGFyZW50Z3VpZD11cm46dG9waWM6RkMxQkJCRDI5RkRBNDQxOThGQzcyMzYxOTVCRjRGQUU</classCode></classificationItem></classificationItem></classification><classification classificationScheme=\"subject\"><classificationItem score=\"90\"><classCode>ST000CEAQ</classCode><className>ADMISSIONS &amp; CONFESSIONS</className><classCode/><className/></classificationItem><classificationItem score=\"90\"><classCode>ST000A4CY</classCode><className>BANKING &amp; FINANCE REGULATORY COMPLIANCE</className><classCode/><className/></classificationItem><classificationItem score=\"90\"><classCode>ST000D5SG</classCode><className>CORRUPTION</className><classCode/><className/></classificationItem><classificationItem score=\"90\"><classCode>ST00097CJ</classCode><className>JUSTICE DEPARTMENTS</className><classCode/><className/></classificationItem><classificationItem score=\"90\"><classCode>ST0009FJK</classCode><className>NEGATIVE PERSONAL NEWS</className><classCode/><className/></classificationItem><classificationItem score=\"90\"><classCode>N926150GM</classCode><className>SECURITIES LAW</className><classCode>Z3VpZD11cm46dG9waWM6RkFFMTQ3ODhCRDYyNDkyN0IwQkEyQzRCRDlFMEM5ODc7cGFyZW50Z3VpZD11cm46dG9waWM6MUFEMUQ2QTA1OUZCNEE5RjkzNTA2RERFMUNEOTk1RTI</classCode><className>Securities</className></classificationItem><classificationItem score=\"90\"><classCode>STX001561</classCode><className>SHAREHOLDERS</className><classCode>Z3VpZD11cm46dG9waWM6NEI2QjYxNjkwMTkzNDhFRUExNjlFRjVFRUU3NDhBQkE7cGFyZW50Z3VpZD11cm46dG9waWM6MDQ3M0RFODczN0I4NDg2RjlFRDNFMUNBODRDQTU0Q0E</classCode><className>Shareholders</className></classificationItem><classificationItem score=\"90\"><classCode>ST000DB5B</classCode><className>US FOREIGN CORRUPT PRACTICES ACT</className><classCode>Z3VpZD11cm46dG9waWM6RTIyNjMwREI2RDU0NEQyNkExQjRCNzcwN0QwNTA1MzA7cGFyZW50Z3VpZD11cm46dG9waWM6RkFFMTQ3ODhCRDYyNDkyN0IwQkEyQzRCRDlFMEM5ODc</classCode><className>Foreign Corrupt Practices Act</className></classificationItem><classificationItem score=\"89\"><classCode>STX000211</classCode><className>BRIBERY</className><classCode>Z3VpZD11cm46dG9waWM6MDdBNUZBQTcxQ0QzNEQ2MDk3MUU1RUM0Rjg0RDM1NDk7cGFyZW50Z3VpZD11cm46dG9waWM6RjgwNUY4MjJCMTg5NDgzRUJBMDQwNkM4NkUyNTJBMEY</classCode><className>Bribery</className></classificationItem><classificationItem score=\"89\"><classCode>STX000713</classCode><className>FINANCIAL CRIME COUNTERMEASURES</className><classCode/><className/></classificationItem><classificationItem score=\"89\"><classCode>N922120CC</classCode><className>LAW ENFORCEMENT</className><classCode/><className/></classificationItem><classificationItem score=\"78\"><classCode>ST000DH0Q</classCode><className>AGREEMENTS</className><classCode/><className/></classificationItem><classificationItem score=\"78\"><classCode>N926150GC</classCode><className>BANKING &amp; FINANCE REGULATION</className><classCode/><className/></classificationItem><classificationItem score=\"78\"><classCode>STX001976</classCode><className>SECURITIES &amp; OTHER INVESTMENTS</className><classCode/><className/></classificationItem><classificationItem score=\"78\"><classCode>ST0008X5Q</classCode><className>SHAREHOLDER MEETINGS</className><classCode>Z3VpZD11cm46dG9waWM6NTQzNjBDNjkzMDg4NEIxOEFERDREN0Y3RDM1MkRGNTA7cGFyZW50Z3VpZD11cm46dG9waWM6NEI2QjYxNjkwMTkzNDhFRUExNjlFRjVFRUU3NDhBQkE</classCode><className>Meetings &amp; Voting</className></classificationItem><classificationItem score=\"78\"><classCode>ST0008X0B</classCode><className>STATE OWNED BUSINESSES</className><classCode/><className/></classificationItem><classificationItem score=\"77\"><classCode>STX001149</classCode><className>MISCONDUCT</className><classCode/><className/></classificationItem><classificationItem score=\"77\"><classCode>STX001669</classCode><className>TALKS &amp; MEETINGS</className><classCode/><className/></classificationItem><classificationItem score=\"76\"><classCode>STX000759</classCode><className>FRAUD &amp; FINANCIAL CRIME</className><classCode/><className/></classificationItem><classificationItem score=\"76\"><classCode>STX001159</classCode><className>MONEY LAUNDERING</className><classCode>Z3VpZD11cm46dG9waWM6QzBDQzA4NEVCN0Q0NEZCRkEwNjY3Qzk3MDA3NzlCMjU7cGFyZW50Z3VpZD11cm46dG9waWM6NkUzNTQ1QUZBM0Y5NDcyQjk4N0I5Mjg0QzU3NDk0MDI</classCode><className>Money Laundering</className></classificationItem><classificationItem score=\"75\"><classCode>STX001932</classCode><className>CRIME, LAW ENFORCEMENT &amp; CORRECTIONS</className><classCode/><className/></classificationItem><classificationItem score=\"75\"><classCode>STX001648</classCode><className>SUITS &amp; CLAIMS</className><classCode/><className/></classificationItem><classificationItem score=\"74\"><classCode>ST000DN6R</classCode><className>PUBLIC OFFICIALS</className><classCode/><className/></classificationItem><classificationItem score=\"72\"><classCode>N920000CC</classCode><className>GOVERNMENT &amp; PUBLIC ADMINISTRATION</className><classCode>Z3VpZD11cm46dG9waWM6MjdEQjE4OUJDMzQxNDNEMEI0RTI1QUFCMzJENjEwRTA7cGFyZW50Z3VpZD11cm46dG9waWM6MUFEMUQ2QTA1OUZCNEE5RjkzNTA2RERFMUNEOTk1RTI</classCode><className>Governments</className></classificationItem><classificationItem score=\"72\"><classCode>STX001040</classCode><className>LITIGATION</className><classCode/><className/></classificationItem><classificationItem score=\"68\"><classCode>ST0008YXR</classCode><className>LEISURE TRAVEL</className><classCode/><className/></classificationItem></classification><classification classificationScheme=\"industry\"><classificationItem score=\"94\"><classCode>N517000CC</classCode><className>TELECOMMUNICATIONS SERVICES</className><classCode/><className/></classificationItem><classificationItem score=\"92\"><classCode>N520000CC</classCode><className>BANKING &amp; FINANCE</className><classCode/><className/></classificationItem><classificationItem score=\"92\"><classCode>STX001693</classCode><className>TELECOMMUNICATIONS</className><classCode/><className/></classificationItem><classificationItem score=\"92\"><classCode>ST0009RX6</classCode><classCode/><className/></classificationItem><classificationItem score=\"90\"><classCode>ST000A4CY</classCode><className>BANKING &amp; FINANCE REGULATORY COMPLIANCE</className><classCode/><className/></classificationItem><classificationItem score=\"90\"><classCode>N522110DC</classCode><className>COMMERCIAL BANKING</className><classCode>Z3VpZD11cm46dG9waWM6NDIyQTAxOUNERDI4NDdFNjkyMEFDOTFFM0MwMTQzNjQ7cGFyZW50Z3VpZD11cm46dG9waWM6QjQyMUFCOUJBNURBNEFDREE3MTNCNDk5QkQ4NUM3RjI</classCode><className>Commercial Banks</className></classificationItem><classificationItem score=\"90\"><classCode>N334200CC</classCode><className>COMMUNICATIONS EQUIPMENT MFG</className><classCode/><className/></classificationItem><classificationItem score=\"90\"><classCode>STX000269</classCode><className>MOBILE &amp; CELLULAR COMMUNICATIONS</className><classCode/><className/></classificationItem><classificationItem score=\"90\"><classCode>ST000CY81</classCode><className>MULTIFAMILY REAL ESTATE</className><classCode/><className/></classificationItem><classificationItem score=\"90\"><classCode>STX001455</classCode><className>REAL ESTATE</className><classCode/><className/></classificationItem><classificationItem score=\"90\"><classCode>N926150GM</classCode><className>SECURITIES LAW</className><classCode>Z3VpZD11cm46dG9waWM6RkFFMTQ3ODhCRDYyNDkyN0IwQkEyQzRCRDlFMEM5ODc7cGFyZW50Z3VpZD11cm46dG9waWM6MUFEMUQ2QTA1OUZCNEE5RjkzNTA2RERFMUNEOTk1RTI</classCode><className>Securities</className></classificationItem><classificationItem score=\"90\"><classCode>STX001694</classCode><className>TELECOMMUNICATIONS EQUIPMENT</className><classCode/><className/></classificationItem><classificationItem score=\"90\"><classCode>N334200CM</classCode><className>TELECOMMUNICATIONS EQUIPMENT MFG</className><classCode/><className/></classificationItem><classificationItem score=\"90\"><classCode>N515120CC</classCode><className>TELEVISION INDUSTRY</className><classCode/><className/></classificationItem><classificationItem score=\"90\"><classCode>STX001881</classCode><className>WIRELESS INDUSTRY</className><classCode/><className/></classificationItem><classificationItem score=\"90\"><classCode>ST000A2W7</classCode><classCode/><className/></classificationItem><classificationItem score=\"89\"><classCode>N515000CC</classCode><className>BROADCASTING INDUSTRY</className><classCode/><className/></classificationItem><classificationItem score=\"89\"><classCode>STX002014</classCode><className>MANUFACTURING</className><classCode/><className/></classificationItem><classificationItem score=\"78\"><classCode>N926150GC</classCode><className>BANKING &amp; FINANCE REGULATION</className><classCode/><className/></classificationItem><classificationItem score=\"78\"><classCode>N510000CC</classCode><className>MEDIA &amp; TELECOMMUNICATIONS</className><classCode/><className/></classificationItem><classificationItem score=\"78\"><classCode>STX001976</classCode><className>SECURITIES &amp; OTHER INVESTMENTS</className><classCode/><className/></classificationItem><classificationItem score=\"77\"><classCode>N541211GM</classCode><className>ACCOUNTING</className><classCode/><className/></classificationItem><classificationItem score=\"73\"><classCode>ST000DLXX</classCode><className>5G WIRELESS</className><classCode/><className/></classificationItem><classificationItem score=\"68\"><classCode>ST0008YXR</classCode><className>LEISURE TRAVEL</className><classCode/><className/></classificationItem></classification><classification classificationScheme=\"country\"><classificationItem score=\"93\"><classCode>GC305</classCode><className>INDONESIA</className><classCode/><className/></classificationItem><classificationItem score=\"92\"><classCode>GC301</classCode><className>AUSTRALIA</className><classCode/><className/></classificationItem><classificationItem score=\"92\"><classCode>GC302</classCode><className>CHINA</className><classCode/><className/></classificationItem><classificationItem score=\"92\"><classCode>GC385</classCode><className>VIET NAM</className><classCode/><className/></classificationItem><classificationItem score=\"79\"><classCode>GC530</classCode><className>DJIBOUTI</className><classCode/><className/></classificationItem><classificationItem score=\"79\"><classCode>GC343</classCode><className>UNITED STATES</className><classCode/><className/></classificationItem></classification></classificationGroup></metadata></articleDoc></content></entry>"}