{"prediction_class": "Money laundering", "prediction_score": "1.0", "name": "Westpac", "title": "Bank secrecy lifting pushed to avoid financial fraud", "published": "2020-07-13T00:00:00Z", "updated": "2020-11-15T19:43:43Z", "cleaned_article": "[TITLE] Bank secrecy lifting pushed to avoid financial fraud [TITLE] \n\n To avoid a repeat of cross-border financial fraud that implicated local financial institutions, it's time for Congress to ease the antiquated bank secrecy law while the government tightens enforcement against such crimes, Finance Secretary Carlos Dominguez III said. Stephen Cutler, a security analyst and antimoney laundering consultant, noted that the Philippines seemed 'to attract financial fraud,' citing the involvement of local banks in the Bangladesh Bank cyberheist in 2016 and the more recent controversies involving Australia's Westpac and Germany's Wirecard. Cutler blamed the Philippine financial sector's vulnerability to fraudulent activities to shortcomings in enforcement of regulators such as the Securities and Exchange Commission (SEC), the Bangko Sentral ng Pilipinas (BSP) and the Anti-Money Laundering Council (AMLC) as well as a weak whistleblower program covering crimes in the private sector. Dominguez said this vulnerability could be addressed by focusing on enforcement-detection, prosecution and conviction.", "raw_cleaned_article": "<h2>Bank secrecy lifting pushed to avoid financial fraud</h2><p> To avoid a repeat of cross-border financial fraud that implicated local financial institutions, it's time for Congress to ease the antiquated bank secrecy law while the government tightens enforcement against such crimes, Finance Secretary Carlos Dominguez III said. <b>Stephen Cutler, a security analyst and antimoney laundering consultant, noted that the Philippines seemed 'to attract financial fraud,' citing the involvement of local banks in the Bangladesh Bank cyberheist in 2016 and the more recent controversies involving Australia's Westpac and Germany's Wirecard.</b> Cutler blamed the Philippine financial sector's vulnerability to fraudulent activities to shortcomings in enforcement of regulators such as the Securities and Exchange Commission (SEC), the Bangko Sentral ng Pilipinas (BSP) and the Anti-Money Laundering Council (AMLC) as well as a weak whistleblower program covering crimes in the private sector. Dominguez said this vulnerability could be addressed by focusing on enforcement-detection, prosecution and conviction.</p>", "original_content": "<entry xmlns=\"http://www.w3.org/2005/Atom\"><id>urn:contentItem:60BX-6YY1-F00C-62PY-00000-00</id><title>Bank secrecy lifting pushed to avoid financial fraud</title><published>2020-07-13T00:00:00Z</published><updated>2020-11-15T19:43:43Z</updated><author><name>LexisNexis</name></author><content type=\"application/xml\"><!--Transformation version 1.23--><articleDoc xmlns=\"\" xmlns:xsi=\"http://www.w3.org/2001/XMLSchema-instance\" xsi:noNamespaceSchemaLocation=\"http://www.lexisnexis.com/xmlschemas/content/public/articledoc/1/\" schemaVersion=\"1.8\" xml:lang=\"en\"><articleDocHead><itemInfo/></articleDocHead><nitf:body xmlns:nitf=\"http://iptc.org/std/NITF/2006-10-18/\"><nitf:body.head><nitf:hedline><nitf:hl1>Bank secrecy lifting pushed to avoid financial fraud</nitf:hl1></nitf:hedline></nitf:body.head><nitf:body.content><bodyText><p nitf:lede=\"true\"> To avoid a repeat of cross-border financial fraud that implicated local financial institutions, it's time for Congress to ease the antiquated bank secrecy law while the government tightens enforcement against such crimes, Finance Secretary Carlos Dominguez III said.</p><p>Stephen Cutler, a security analyst and antimoney laundering consultant, noted that the Philippines seemed 'to attract financial fraud,' citing the involvement of local banks in the Bangladesh Bank cyberheist in 2016 and the more recent controversies involving Australia's Westpac and Germany's Wirecard.</p><p>Cutler blamed the Philippine financial sector's vulnerability to fraudulent activities to shortcomings in enforcement of regulators such as the Securities and Exchange Commission (SEC), the Bangko Sentral ng Pilipinas (BSP) and the Anti-Money Laundering Council (AMLC) as well as a weak whistleblower program covering crimes in the private sector.</p><p>Dominguez said this vulnerability could be addressed by focusing on enforcement-detection, prosecution and conviction.</p><p>Dominguez admitted that the SEC, for instance, had a poor record of law enforcement of financial fraud perpetrators.</p><p>'For example, [there were] no convictions of pyramid scheme operators,' Dominguez noted, even as the SEC had been going after these Ponzi schemes.Dominguez said he had discussed how to address this concern with the SEC.</p><p>Dominguez added that the passage of the proposed measure to get the country's bank secrecy law in line with international best practices would be necessary to prevent the involvement of domestic players in global-scale financial crimes.</p><p>The Department of Finance and the BSP have been pushing to lift bank secrecy for tax purposes and automatic exchange of information as well as amendments to give more teeth to the Anti-Money Laundering Act (Amla).</p><p>Congress had been lukewarm to proposals to ease the law, which had been in place since 1955, despite the fact that the Philippines and Lebanon remained the only countries still restricting access to bank accounts.</p><p>In March, Dominguez said the Amla 'remains a weak tool against money laundering and other unlawful activities.'</p><p>'Tax evasion and other financial wrongdoings are not among the predicate crimes listed under the law that would allow the AMLC to examine bank accounts after securing a court order. This leaves us powerless in going after tax evaders and other criminals using funds for other illegal activities,' Dominguez said. INQ</p></bodyText></nitf:body.content></nitf:body><metadata><dc:metadata xmlns:dc=\"http://purl.org/dc/elements/1.1/\"><dc:identifier identifierScheme=\"DOC-ID\">PDYINQ-PDI130720200000502</dc:identifier><dc:source sourceScheme=\"royaltyReportingKey\">PDYINQ2020</dc:source><dc:identifier identifierScheme=\"PGUID\">urn:contentItem:60BX-6YY1-F00C-62PY-00000-00</dc:identifier><dc:source sourceScheme=\"productContentSetIdentifier\">400855</dc:source><dc:date dateType=\"last-updated\">2020-07-14</dc:date></dc:metadata><wordCount number=\"409\"/><publicationInfo><copyright>Copyright 2020 Philippines Daily Inquirer All Rights Reserved</copyright><publicationName>Philippines Daily Inquirer</publicationName><publicationDate day=\"13\" month=\"07\" year=\"2020\"><dateText>July 13, 2020 Monday</dateText></publicationDate><classification classificationScheme=\"publicationtype\"><classificationItem><className>Newspaper</className></classificationItem></classification><classification classificationScheme=\"publicationtype\"><classificationItem><className>Newspapers</className></classificationItem></classification></publicationInfo><classification classificationScheme=\"language\"><classificationItem classificationScheme=\"lang.english\"><className>ENGLISH</className></classificationItem></classification><classificationGroup classificationScheme=\"indexing-terms\"><classification classificationScheme=\"company\"><classificationItem score=\"57\"><classCode>CC0003VVZ</classCode><className>BANGLADESH BANK</className></classificationItem></classification><classification classificationScheme=\"industry\"><classificationItem score=\"57\"><className>NAICS521110 MONETARY AUTHORITIES - CENTRAL BANK</className></classificationItem><classificationItem score=\"57\"><className>SIC6011 FEDERAL RESERVE BANKS</className></classificationItem></classification></classificationGroup><classificationGroup classificationScheme=\"indexing-terms\"><classification classificationScheme=\"legal\"><classificationItem><className>Criminal Law &amp; Procedure</className><classCode>Z3VpZD11cm46dG9waWM6NEU0RkE1OUQwNUQwNDgxODhEODZCMjkzOTg3NThBNzk7cGFyZW50Z3VpZD0</classCode><classificationItem score=\"87\"><className>General Overview</className><classCode>Z3VpZD11cm46dG9waWM6MUM4RjZFOEE4MDc3NDE4QjhCMkQwNzc2QTM0OUQ5NjI7cGFyZW50Z3VpZD11cm46dG9waWM6QzBDQzA4NEVCN0Q0NEZCRkEwNjY3Qzk3MDA3NzlCMjU</classCode></classificationItem></classificationItem><classificationItem><className>Securities Law</className><classCode>Z3VpZD11cm46dG9waWM6RkFFMTQ3ODhCRDYyNDkyN0IwQkEyQzRCRDlFMEM5ODc7cGFyZW50Z3VpZD0</classCode><classificationItem score=\"50\"><className>Administration &amp; Establishment</className><classCode>Z3VpZD11cm46dG9waWM6NzQzRUE1RjlGNkRENDQ1Nzk5RTU4RDhDRkI4ODg3OTE7cGFyZW50Z3VpZD11cm46dG9waWM6NTIwNDgzMTY4QzQ5NDYzOEE0Njg0ODk0QzZBNEZFNUM</classCode></classificationItem><classificationItem score=\"50\"><className>General Overview</className><classCode>Z3VpZD11cm46dG9waWM6Mjg0MTE1QzIwODg2NDA3ODgzNUQxMUU4MzRGODZFRjA7cGFyZW50Z3VpZD11cm46dG9waWM6NTIwNDgzMTY4QzQ5NDYzOEE0Njg0ODk0QzZBNEZFNUM</classCode></classificationItem></classificationItem></classification><classification classificationScheme=\"subject\"><classificationItem score=\"91\"><classCode>N521100MM</classCode><className>CENTRAL BANKS</className><classCode/><className/></classificationItem><classificationItem score=\"90\"><classCode>STX001932</classCode><className>CRIME, LAW ENFORCEMENT &amp; CORRECTIONS</className><classCode/><className/></classificationItem><classificationItem score=\"90\"><classCode>ST000A4JU</classCode><className>CRIMINAL CONVICTIONS</className><classCode/><className/></classificationItem><classificationItem score=\"90\"><classCode>STX000713</classCode><className>FINANCIAL CRIME COUNTERMEASURES</className><classCode/><className/></classificationItem><classificationItem score=\"90\"><classCode>STX000759</classCode><className>FRAUD &amp; FINANCIAL CRIME</className><classCode/><className/></classificationItem><classificationItem score=\"90\"><classCode>STX001159</classCode><className>MONEY LAUNDERING</className><classCode>Z3VpZD11cm46dG9waWM6QzBDQzA4NEVCN0Q0NEZCRkEwNjY3Qzk3MDA3NzlCMjU7cGFyZW50Z3VpZD11cm46dG9waWM6NkUzNTQ1QUZBM0Y5NDcyQjk4N0I5Mjg0QzU3NDk0MDI</classCode><className>Money Laundering</className></classificationItem><classificationItem score=\"90\"><classCode>ST0009FJK</classCode><className>NEGATIVE PERSONAL NEWS</className><classCode/><className/></classificationItem><classificationItem score=\"89\"><classCode>ST000959S</classCode><className>CRIMINAL OFFENSES</className><classCode>Z3VpZD11cm46dG9waWM6REE3RUI5RUNDMTgyNDU3Rjk2QUMwOTVBOUI1NDNFOTY7cGFyZW50Z3VpZD11cm46dG9waWM6NEU0RkE1OUQwNUQwNDgxODhEODZCMjkzOTg3NThBNzk</classCode><className>Criminal Offenses</className></classificationItem><classificationItem score=\"89\"><classCode>STX001676</classCode><className>TAX ENFORCEMENT</className><classCode/><className/></classificationItem><classificationItem score=\"89\"><classCode>STX001678</classCode><className>TAX FRAUD</className><classCode>Z3VpZD11cm46dG9waWM6QUQ3NTEzQ0ZENTYxNEY1MDgwREQ3OTcwNUIyRjczNDY7cGFyZW50Z3VpZD11cm46dG9waWM6QjUxMzkyMTA2MTNDNDhDOUJDMkY5MkRGRDY1NjZBQjg</classCode><className>Tax Fraud</className></classificationItem><classificationItem score=\"78\"><classCode>N926150GC</classCode><className>BANKING &amp; FINANCE REGULATION</className><classCode/><className/></classificationItem><classificationItem score=\"78\"><classCode>N922120CC</classCode><className>LAW ENFORCEMENT</className><classCode/><className/></classificationItem><classificationItem score=\"78\"><classCode>STX001040</classCode><className>LITIGATION</className><classCode/><className/></classificationItem><classificationItem score=\"78\"><classCode>ST000A4N7</classCode><className>PONZI SCHEMES</className><classCode>Z3VpZD11cm46dG9waWM6NzQ4MzAzQzUxOUVFNDREMUE0NzY2QTZBMUNDNDZDOTg7cGFyZW50Z3VpZD11cm46dG9waWM6QjQxNTVCMjZFQUYwNDk1OEIzNzAxQjI0NTk5QTA0NEY</classCode><className>Ponzi Schemes</className></classificationItem><classificationItem score=\"78\"><classCode>ST00097CL</classCode><className>PUBLIC FINANCE AGENCIES &amp; TREASURIES</className><classCode/><className/></classificationItem><classificationItem score=\"78\"><classCode>ST000A4N8</classCode><className>PYRAMID SCHEMES</className><classCode>Z3VpZD11cm46dG9waWM6RDlBRjE5M0Q5RkZGNDhENzk0RjJENzNCNUJGN0U2Qjc7cGFyZW50Z3VpZD11cm46dG9waWM6QjQxNTVCMjZFQUYwNDk1OEIzNzAxQjI0NTk5QTA0NEY</classCode><className>Pyramid Schemes</className></classificationItem><classificationItem score=\"78\"><classCode>N921100MM</classCode><className>US FEDERAL GOVERNMENT</className><classCode>Z3VpZD11cm46dG9waWM6MkM1MTYwRDE0NkJBNEVFMEIxQjM3RUE2NDRFQUFEODY7cGFyZW50Z3VpZD11cm46dG9waWM6MjdEQjE4OUJDMzQxNDNEMEI0RTI1QUFCMzJENjEwRTA</classCode><className>Federal Government</className></classificationItem><classificationItem score=\"78\"><classCode>ST000D1CF</classCode><className>WHISTLEBLOWERS</className><classCode/><className/></classificationItem><classificationItem score=\"74\"><classCode>STX001976</classCode><className>SECURITIES &amp; OTHER INVESTMENTS</className><classCode/><className/></classificationItem><classificationItem score=\"73\"><classCode>ST0008ZGX</classCode><className>CYBERCRIME</className><classCode/><className/></classificationItem><classificationItem score=\"66\"><classCode>STX001688</classCode><className>TAXES &amp; TAXATION</className><classCode/><className/></classificationItem><classificationItem score=\"64\"><classCode>STX000175</classCode><className>BEST PRACTICES</className><classCode/><className/></classificationItem></classification><classification classificationScheme=\"industry\"><classificationItem score=\"92\"><classCode>N520000CC</classCode><className>BANKING &amp; FINANCE</className><classCode/><className/></classificationItem><classificationItem score=\"91\"><classCode>N521100MM</classCode><className>CENTRAL BANKS</className><classCode/><className/></classificationItem><classificationItem score=\"90\"><classCode>ST0009RX6</classCode><classCode/><className/></classificationItem><classificationItem score=\"78\"><classCode>N926150GC</classCode><className>BANKING &amp; FINANCE REGULATION</className><classCode/><className/></classificationItem><classificationItem score=\"78\"><classCode>ST00090O3</classCode><className>BANKING &amp; FINANCE REGULATION &amp; POLICY</className><classCode/><className/></classificationItem><classificationItem score=\"78\"><classCode>ST00097CL</classCode><className>PUBLIC FINANCE AGENCIES &amp; TREASURIES</className><classCode/><className/></classificationItem><classificationItem score=\"74\"><classCode>STX001976</classCode><className>SECURITIES &amp; OTHER INVESTMENTS</className><classCode/><className/></classificationItem><classificationItem score=\"73\"><classCode>ST0008ZGX</classCode><className>CYBERCRIME</className><classCode/><className/></classificationItem></classification><classification classificationScheme=\"country\"><classificationItem score=\"96\"><classCode>GC310</classCode><className>PHILIPPINES</className><classCode/><className/></classificationItem><classificationItem score=\"79\"><classCode>GC301</classCode><className>AUSTRALIA</className><classCode/><className/></classificationItem><classificationItem score=\"79\"><classCode>GC318</classCode><className>GERMANY</className><classCode/><className/></classificationItem><classificationItem score=\"79\"><classCode>GC373</classCode><className>LEBANON</className><classCode/><className/></classificationItem></classification></classificationGroup></metadata></articleDoc></content></entry>"}