{"prediction_class": "Money laundering", "prediction_score": "1.0", "name": "Westpac", "title": "Devil in the detail rocks Westpac", "published": "2019-11-23T00:00:00Z", "updated": "2020-11-15T20:11:53Z", "cleaned_article": "[TITLE] Devil in the detail rocks Westpac [TITLE] \n\nThe country's oldest bank is engulfed by a crisis involving possible child exploitation, putting Brian Hartzer's future in doubt. Clancy Yeates and Sarah Danckert report. As Westpac's board yesterday dissected bombshell allegations by the money laundering regulator, the pall of community outrage lay over the nation's oldest bank. In a meeting that many directors dialled into via phone, the Lindsay Maxsted-chaired board was briefed on the rolling crisis, which has cast a shadow over the future of chief executive Brian Hartzer. Late yesterday afternoon Maxsted apologised \"unreservedly\" for the mass breach, backing Hartzer and ordering a review to ensure there is accountability for the scandal.While allegations of 23 million breaches of the law grabbed the headlines, Westpac knows it's the smaller numbers - the ones relating to possible child exploitation - that have rocked the bank the most.AUSTRAC alleges Westpac ought to have detected 12 customers who made almost 3000 transactions to the Philippines - including a person convicted of child exploitation and another doing deals with a person later arrested for running live child sex shows as having transfer patterns indicative of child exploitation. These sordid allegations this week unleashed a torrent of criticism and intense pressure on the nation's second-largest financial institution and sparked predictions Hartzer could become the third big four bank CEO scalp in just over two years. Public pressure [...] \n\nShareholders also felt the impact, with $6 billion wiped off the bank's market capitalisation since the lawsuit was filed. Further raising the stakes, Maxsted will in three weeks face shareholders at an annual general meeting, where the bank is desperately trying to avoid another backlash on executive pay, as occurred last year. Beyond the turmoil at Westpac, the scandal has implications for the wider banking sector, which is still reeling after a year of shock revelations at the Hayne royal commission. With profits already being squeezed by a weak economy, it is a blunt reminder that the industry will not be getting any respite from high compliance costs and regulators intent on publicly pulling the industry into line. In a case that has echoes of the AUSTRAC lawsuit against Commonwealth Bank in 2017, the regulator this week alleged \"systemic non-compliance\" with the Anti-Money Laundering and Counter-Terrorism Financing Act. It says all up $11 billion was transferred in ways or to locations - like terrorism hotspots and sanctioned countries including North Korea, Syria, Iran and Iraq - that ought to have been reported to the watchdog, or raised the bank's suspicions.Westpac says the vast bulk of the 23 million breaches relate to pension payments from foreign governments to Australian residents. Child exploitation But it is the allegations that 12 customers made almost 3000 transactions that were indicative of risks for child exploitation payments that has cut through in a public psyche now so used to banking scandals.One customer alone, Customer 1, sent $132,000 in hundreds of smaller payments to people in the Philippines including a person who was arrested in 2015 for running a live streaming child sex show. Another customer, Customer 12, made transactions after Westpac learned he had been convicted of child exploitation previously. The Australian Federal Police confirmed this week it had received a referral from AUSTRAC regarding the 12 customers who made the payments and then made frequent trips to the Philippines. Police sources say no charges or arrests have been made as a result of the very recent referral by the regulator. Child exploitation in the Philippines and other parts of south-east Asia is known to be rife. In 2018 alone, 44 children were rescued from child exploitation premises in the Philippines as a result of collaboration between the AFP and the Philippines National Police, the Department of Home Affairs said.In August that year Westpac put in some controls to help it identify the customers sending funds to multiple beneficiaries, but the system did not pick up the child exploitation payments. A further tweak still failed to pick up the payments.AUSTRAC also alleges that the transactions continued after Westpac became aware on June 3 , 2019 that 'Customer 12', who has a prior conviction for a child exploitation offence, was moving money to the Philippines in a manner indicative of child exploitation. Between June 10 and August 19, the customer sent thousands of dollars to the Philippines.\"At no time has Westpac implemented an appropriate detection scenario to monitor for the known child exploitation typologies involving frequent low-value payments to the Philippines and south-east Asia via non-LifePay channels.Andrew Grant, a senior business lecturer at the University of Sydney, says Westpac had clearly fallen short in regards to its adherence to anti-money laundering and counter-terrorism financing laws. Grant says he would not be surprised if Westpac's \"blase\" attitude to AUSTRAC's demands was mirrored in other banks. \"We have to decide, would we be happy for our money to arrive overseas a little later if we are being assured that the funds were checked for drug importation or child exploitation or so on?\" he says.Under Hartzer, Westpac has had a reputation for being more likely to defend itself against regulatory lawsuits and it also escaped the royal commission with fewer blemishes than its biggest rival, CBA. This week, however, Hartzer said he accepted the case against the bank \"almost overwhelmingly\" as he apologised and said he was \"disgusted and appalled\" at the allegations involving potential child exploitation. He said the first he learnt of its failures regarding customer \"due diligence\" was a month ago. [...] \n\nThat comes at a time when profits are already under pressure, with Harzter this month describing the backdrop of falling interest rates and weak loan growth as \"very challenging\". Analysts worry that on top of the fine, AUSTRAC's lawsuit will further squeeze the bottom line by requiring extra spending on compliance. Moreover, money laundering is not a problem that is unique to Westpac. NAB's new chairman Phil Chronican this month told investors the bank had reported some new breaches to AUSTRAC, in addition to \"issues\" that it first disclosed two years ago. Macquarie analyst Victor German says he thinks it is \" improbable that peers would avoid AUSTRAC issues\".", "raw_cleaned_article": "<h2>Devil in the detail rocks Westpac</h2><p>The country's oldest bank is engulfed by a crisis involving possible child exploitation, putting Brian Hartzer's future in doubt. Clancy Yeates and Sarah Danckert report. <b>As Westpac's board yesterday dissected bombshell allegations by the money laundering regulator, the pall of community outrage lay over the nation's oldest bank.</b> In a meeting that many directors dialled into via phone, the Lindsay Maxsted-chaired board was briefed on the rolling crisis, which has cast a shadow over the future of chief executive Brian Hartzer. Late yesterday afternoon Maxsted apologised \"unreservedly\" for the mass breach, backing Hartzer and ordering a review to ensure there is accountability for the scandal.</p><p>[...]</p><p>The country's oldest bank is engulfed by a crisis involving possible child exploitation, putting Brian Hartzer's future in doubt. Clancy Yeates and Sarah Danckert report. <b>While allegations of 23 million breaches of the law grabbed the headlines, Westpac knows it's the smaller numbers - the ones relating to possible child exploitation - that have rocked the bank the most.</b><b>AUSTRAC alleges Westpac ought to have detected 12 customers who made almost 3000 transactions to the Philippines - including a person convicted of child exploitation and another doing deals with a person later arrested for running live child sex shows as having transfer patterns indicative of child exploitation.</b> These sordid allegations this week unleashed a torrent of criticism and intense pressure on the nation's second-largest financial institution and sparked predictions Hartzer could become the third big four bank CEO scalp in just over two years. Public pressure</p><p>[...]</p><p>Shareholders also felt the impact, with $6 billion wiped off the bank's market capitalisation since the lawsuit was filed. Further raising the stakes, Maxsted will in three weeks face shareholders at an annual general meeting, where the bank is desperately trying to avoid another backlash on executive pay, as occurred last year. <b>Beyond the turmoil at Westpac, the scandal has implications for the wider banking sector, which is still reeling after a year of shock revelations at the Hayne royal commission. With profits already being squeezed by a weak economy, it is a blunt reminder that the industry will not be getting any respite from high compliance costs and regulators intent on publicly pulling the industry into line.</b> In a case that has echoes of the AUSTRAC lawsuit against Commonwealth Bank in 2017, the regulator this week alleged \"systemic non-compliance\" with the Anti-Money Laundering and Counter-Terrorism Financing Act. It says all up $11 billion was transferred in ways or to locations - like terrorism hotspots and sanctioned countries including North Korea, Syria, Iran and Iraq - that ought to have been reported to the watchdog, or raised the bank's suspicions.</p><p>[...]</p><p>Shareholders also felt the impact, with $6 billion wiped off the bank's market capitalisation since the lawsuit was filed. <b>Westpac says the vast bulk of the 23 million breaches relate to pension payments from foreign governments to Australian residents.</b> Child exploitation But it is the allegations that 12 customers made almost 3000 transactions that were indicative of risks for child exploitation payments that has cut through in a public psyche now so used to banking scandals.<b>One customer alone, Customer 1, sent $132,000 in hundreds of smaller payments to people in the Philippines including a person who was arrested in 2015 for running a live streaming child sex show. Another customer, Customer 12, made transactions after Westpac learned he had been convicted of child exploitation previously.</b> The Australian Federal Police confirmed this week it had received a referral from AUSTRAC regarding the 12 customers who made the payments and then made frequent trips to the Philippines. Police sources say no charges or arrests have been made as a result of the very recent referral by the regulator. Child exploitation in the Philippines and other parts of south-east Asia is known to be rife. In 2018 alone, 44 children were rescued from child exploitation premises in the Philippines as a result of collaboration between the AFP and the Philippines National Police, the Department of Home Affairs said.<b>In August that year Westpac put in some controls to help it identify the customers sending funds to multiple beneficiaries, but the system did not pick up the child exploitation payments. A further tweak still failed to pick up the payments.</b><b>AUSTRAC also alleges that the transactions continued after Westpac became aware on June 3 , 2019 that 'Customer 12', who has a prior conviction for a child exploitation offence, was moving money to the Philippines in a manner indicative of child exploitation. Between June 10 and August 19, the customer sent thousands of dollars to the Philippines.</b><b>\"At no time has Westpac implemented an appropriate detection scenario to monitor for the known child exploitation typologies involving frequent low-value payments to the Philippines and south-east Asia via non-LifePay channels.</b><b>Andrew Grant, a senior business lecturer at the University of Sydney, says Westpac had clearly fallen short in regards to its adherence to anti-money laundering and counter-terrorism financing laws. Grant says he would not be surprised if Westpac's \"blase\" attitude to AUSTRAC's demands was mirrored in other banks.</b> \"We have to decide, would we be happy for our money to arrive overseas a little later if we are being assured that the funds were checked for drug importation or child exploitation or so on?\" he says.<b>Under Hartzer, Westpac has had a reputation for being more likely to defend itself against regulatory lawsuits and it also escaped the royal commission with fewer blemishes than its biggest rival, CBA.</b> This week, however, Hartzer said he accepted the case against the bank \"almost overwhelmingly\" as he apologised and said he was \"disgusted and appalled\" at the allegations involving potential child exploitation. He said the first he learnt of its failures regarding customer \"due diligence\" was a month ago.</p><p>[...]</p><p>That comes at a time when profits are already under pressure, with Harzter this month describing the backdrop of falling interest rates and weak loan growth as \"very challenging\". Analysts worry that on top of the fine, AUSTRAC's lawsuit will further squeeze the bottom line by requiring extra spending on compliance. <b>Moreover, money laundering is not a problem that is unique to Westpac.</b> NAB's new chairman Phil Chronican this month told investors the bank had reported some new breaches to AUSTRAC, in addition to \"issues\" that it first disclosed two years ago. Macquarie analyst Victor German says he thinks it is \" improbable that peers would avoid AUSTRAC issues\".</p>", "original_content": "<entry xmlns=\"http://www.w3.org/2005/Atom\"><id>urn:contentItem:5XJS-FB01-F0J6-J2N4-00000-00</id><title>Devil in the detail rocks Westpac</title><published>2019-11-23T00:00:00Z</published><updated>2020-11-15T20:11:53Z</updated><author><name>LexisNexis</name></author><content type=\"application/xml\"><!--Transformation version 1.23--><articleDoc xmlns=\"\" xmlns:xsi=\"http://www.w3.org/2001/XMLSchema-instance\" xsi:noNamespaceSchemaLocation=\"http://www.lexisnexis.com/xmlschemas/content/public/articledoc/1/\" schemaVersion=\"1.8\" xml:lang=\"en\"><articleDocHead><itemInfo><sourceSectionInfo><positionSection>BUSINESS</positionSection><positionSequence>Pg. 4</positionSequence></sourceSectionInfo></itemInfo></articleDocHead><nitf:body xmlns:nitf=\"http://iptc.org/std/NITF/2006-10-18/\"><nitf:body.head><nitf:hedline><nitf:hl1>Devil in the detail rocks Westpac</nitf:hl1></nitf:hedline><nitf:byline><author><person><nameText>Clancy Yeates and Sarah Danckert</nameText></person></author></nitf:byline></nitf:body.head><nitf:body.content><bodyText><p nitf:lede=\"true\">The country's oldest bank is engulfed by a crisis involving possible child exploitation, putting Brian Hartzer's future in doubt. Clancy Yeates and Sarah Danckert report.</p><p nitf:lede=\"true\">As Westpac's board yesterday dissected bombshell allegations by the money laundering regulator, the pall of community outrage lay over the nation's oldest bank.</p><p nitf:lede=\"true\">In a meeting that many directors dialled into via phone, the Lindsay Maxsted-chaired board was briefed on the rolling crisis, which has cast a shadow over the future of chief executive Brian Hartzer. Late yesterday afternoon Maxsted apologised \"unreservedly\" for the mass breach, backing Hartzer and ordering a review to ensure there is accountability for the scandal.</p><p nitf:lede=\"true\">While allegations of 23 million breaches of the law grabbed the headlines, Westpac knows it's the smaller numbers - the ones relating to possible child exploitation - that have rocked the bank the most.</p><p>AUSTRAC alleges Westpac ought to have detected 12 customers who made almost 3000 transactions to the Philippines - including a person convicted of child exploitation and another doing deals with a person later arrested for running live child sex shows as having transfer patterns indicative of child exploitation.</p><p>These sordid allegations this week unleashed a torrent of criticism and intense pressure on the nation's second-largest financial institution and sparked predictions Hartzer could become the third big four bank CEO scalp in just over two years.</p><p>Public pressure</p><p>Prime Minister Scott Morrison yesterday sustained the public pressure, saying he wanted to see accountability from the board.</p><p>\"I would like to see at this board meeting and the many board meetings that will follow a confident plan to address, firstly, the clear weaknesses they've had in their systems that have allowed this to take place, which they've identified,\" Morrison said.</p><p>\"And secondly, there has to be some understanding of the accountability for when these things happen.\"</p><p>Shareholders also felt the impact, with $6 billion wiped off the bank's market capitalisation since the lawsuit was filed.</p><p>Further raising the stakes, Maxsted will in three weeks face shareholders at an annual general meeting, where the bank is desperately trying to avoid another backlash on executive pay, as occurred last year.</p><p>Beyond the turmoil at Westpac, the scandal has implications for the wider banking sector, which is still reeling after a year of shock revelations at the Hayne royal commission. With profits already being squeezed by a weak economy, it is a blunt reminder that the industry will not be getting any respite from high compliance costs and regulators intent on publicly pulling the industry into line.</p><p>In a case that has echoes of the AUSTRAC lawsuit against Commonwealth Bank in 2017, the regulator this week alleged \"systemic non-compliance\" with the Anti-Money Laundering and Counter-Terrorism Financing Act.</p><p>It says all up $11 billion was transferred in ways or to locations - like terrorism hotspots and sanctioned countries including North Korea, Syria, Iran and Iraq - that ought to have been reported to the watchdog, or raised the bank's suspicions.</p><p>Westpac says the vast bulk of the 23 million breaches relate to pension payments from foreign governments to Australian residents.</p><p>Child exploitation</p><p>But it is the allegations that 12 customers made almost 3000 transactions that were indicative of risks for child exploitation payments that has cut through in a public psyche now so used to banking scandals.</p><p>One customer alone, Customer 1, sent $132,000 in hundreds of smaller payments to people in the Philippines including a person who was arrested in 2015 for running a live streaming child sex show. Another customer, Customer 12, made transactions after Westpac learned he had been convicted of child exploitation previously.</p><p>The Australian Federal Police confirmed this week it had received a referral from AUSTRAC regarding the 12 customers who made the payments and then made frequent trips to the Philippines. Police sources say no charges or arrests have been made as a result of the very recent referral by the regulator.</p><p>Child exploitation in the Philippines and other parts of south-east Asia is known to be rife. In 2018 alone, 44 children were rescued from child exploitation premises in the Philippines as a result of collaboration between the AFP and the Philippines National Police, the Department of Home Affairs said.</p><p>Given police are generally crawling all over these transactions, offenders need to use multiple frequent payments to hide their tracks. Westpac's low-fee product to send money overseas - LitePay - became an attractive option for these types of transactions.</p><p>But AUSTRAC alleges Westpac ought to have picked up on the transactions because they fit a known type used by paedophiles.</p><p>According to the regulator, a red flag customer who is at risk of exploiting children is someone with no apparent family ties to the Philippines or south-east Asia frequently remitting small sums of money to multiple people there within short time-frames.</p><p>Linked to payments</p><p>AUSTRAC says that by May 2016 the bank had assessed a \"heightened child exploitation risk\" linked to payments to the Philippines through the LitePay product.</p><p>In August that year Westpac put in some controls to help it identify the customers sending funds to multiple beneficiaries, but the system did not pick up the child exploitation payments. A further tweak still failed to pick up the payments.</p><p>AUSTRAC also alleges that the transactions continued after Westpac became aware on June 3 , 2019 that 'Customer 12', who has a prior conviction for a child exploitation offence, was moving money to the Philippines in a manner indicative of child exploitation. Between June 10 and August 19, the customer sent thousands of dollars to the Philippines.</p><p>\"At no time has Westpac implemented an appropriate detection scenario to monitor for the known child exploitation typologies involving frequent low-value payments to the Philippines and south-east Asia via non-LifePay channels.</p><p>Andrew Grant, a senior business lecturer at the University of Sydney, says Westpac had clearly fallen short in regards to its adherence to anti-money laundering and counter-terrorism financing laws. Grant says he would not be surprised if Westpac's \"blase\" attitude to AUSTRAC's demands was mirrored in other banks.</p><p>\"We have to decide, would we be happy for our money to arrive overseas a little later if we are being assured that the funds were checked for drug importation or child exploitation or so on?\" he says.</p><p>Given the shocking nature of the allegations, the lawsuit almost immediately raised questions about the future of Westpac's American-born chief executive Brian Hartzer, who has been CEO since 2015.</p><p>Under Hartzer, Westpac has had a reputation for being more likely to defend itself against regulatory lawsuits and it also escaped the royal commission with fewer blemishes than its biggest rival, CBA.</p><p>This week, however, Hartzer said he accepted the case against the bank \"almost overwhelmingly\" as he apologised and said he was \"disgusted and appalled\" at the allegations involving potential child exploitation.</p><p>He said the first he learnt of its failures regarding customer \"due diligence\" was a month ago.</p><p>\"With respect to the specific customer matters that are in the detailed statement of claim, the first time I saw them was this morning, and I was, like everyone I'm sure on this call, utterly horrified at what I read,\" Hartzer told journalists.</p><p>\"I'm absolutely determined to get to the bottom of why on earth this was allowed to persist for a period of time and to make sure that we close it off.\"</p><p>Some in the financial markets, however, believe his position is untenable.</p><p>They point to the precedent of former Commonwealth Bank chief executive Ian Narev, whose departure from the bank was announced a little over a week after a bombshell AUSTRAC lawsuit. Former National Australia Bank chief executive Andrew Thorburn also resigned, alongside chairman Ken Henry, within days of harsh criticism of them from royal commissioner Kenneth Hayne.</p><p>Making matters worse for Hartzer, AUSTRAC alleges an underlying cause of the breaches was \"indifference\" among senior management - a claim that Hartzer strongly denies.</p><p>Even so, directors are under pressure to show there has been accountability, especially with the bank's annual general meeting on December 12, where irate shareholders will be demanding action.</p><p>Upping the stakes, directors and Maxsted are also desperate to avoid a repeat of last year's backlash, when a whopping 66 per cent of votes were cast against its remuneration report.</p><p>Whatever happens to the leadership, shareholders will almost certainly wear a hefty financial toll, on top of this month's dividend cut, and a $2.5 billion capital raising.</p><p>Estimates of the fine vary widely, and it will ultimately be set by the Federal Court. But analysts say it's likely to be somewhere near the $700 million record penalty paid by CBA.</p><p>Very challenging</p><p>That comes at a time when profits are already under pressure, with Harzter this month describing the backdrop of falling interest rates and weak loan growth as \"very challenging\".</p><p>Analysts worry that on top of the fine, AUSTRAC's lawsuit will further squeeze the bottom line by requiring extra spending on compliance.</p><p>Moreover, money laundering is not a problem that is unique to Westpac.</p><p>NAB's new chairman Phil Chronican this month told investors the bank had reported some new breaches to AUSTRAC, in addition to \"issues\" that it first disclosed two years ago.</p><p>Macquarie analyst Victor German says he thinks it is \" improbable that peers would avoid AUSTRAC issues\".</p><p>AUSTRAC chief executive Nicole Rose has been urging banks to fess up to any breaches, because ultimately, the regulator relies on tens of thousands of bank staff to be its eyes and ears in detecting suspicious activity. \"If they can be looking at money laundering for us, that's an incredible resource,\" Rose told The Sydney Morning Herald and The Age in August.</p><p>But Rose also said in the same interview that there was \"more to be done\" to make sure Australia was not a soft target for money launderers.</p><p>Inevitably, this will mean more spending by banks on monitoring flows of money, with a view to detecting crooks.</p><p>Todd Harland, a former AUSTRAC manager who is now chief executive of anti-money laundering consultancy AML Solutions Australia, says there has been an underinvestment by banks in the staff and technology needed to comply with laws on anti-money laundering.</p><p>\"There's some genuine operational challenges to it. The counterpoint is they've had a decade, and there's no escaping that.\"</p><p>with Charlotte Grieve</p></bodyText></nitf:body.content></nitf:body><metadata><dc:metadata xmlns:dc=\"http://purl.org/dc/elements/1.1/\"><dc:identifier identifierScheme=\"DOC-ID\">SMHRLD-doc7831ywntwuq2odw6lhe</dc:identifier><dc:source sourceScheme=\"royaltyReportingKey\">SMHRLD2019</dc:source><dc:identifier identifierScheme=\"PGUID\">urn:contentItem:5XJS-FB01-F0J6-J2N4-00000-00</dc:identifier><dc:source sourceScheme=\"productContentSetIdentifier\">314237</dc:source><dc:date dateType=\"last-updated\">2019-11-22</dc:date></dc:metadata><wordCount number=\"1782\"/><publicationInfo><copyright>Copyright 2019 John Fairfax Publications Pty Ltd All Rights Reserved</copyright><publicationName>Sydney Morning Herald (Australia)</publicationName><edition>Print &amp; First Editions</edition><publicationDate day=\"23\" month=\"11\" year=\"2019\"><dateText>November 23, 2019 Saturday</dateText></publicationDate><classification classificationScheme=\"publicationtype\"><classificationItem><className>Newspaper</className></classificationItem></classification><classification classificationScheme=\"publicationtype\"><classificationItem><className>Newspapers</className></classificationItem></classification></publicationInfo><classification classificationScheme=\"language\"><classificationItem classificationScheme=\"lang.english\"><className>ENGLISH</className></classificationItem></classification><classificationGroup classificationScheme=\"indexing-terms\"><classification classificationScheme=\"legal\"><classificationItem><className>Criminal Law &amp; Procedure</className><classCode>Z3VpZD11cm46dG9waWM6NEU0RkE1OUQwNUQwNDgxODhEODZCMjkzOTg3NThBNzk7cGFyZW50Z3VpZD0</classCode><classificationItem score=\"98\"><className>General Overview</className><classCode>Z3VpZD11cm46dG9waWM6MUM4RjZFOEE4MDc3NDE4QjhCMkQwNzc2QTM0OUQ5NjI7cGFyZW50Z3VpZD11cm46dG9waWM6QzBDQzA4NEVCN0Q0NEZCRkEwNjY3Qzk3MDA3NzlCMjU</classCode></classificationItem></classificationItem></classification><classification classificationScheme=\"subject\"><classificationItem score=\"91\"><classCode>ST0009FJK</classCode><className>NEGATIVE PERSONAL NEWS</className><classCode/><className/></classificationItem><classificationItem score=\"90\"><classCode>STLL000CVGE</classCode><className>CHILDREN'S RIGHTS</className><classCode/><className/></classificationItem><classificationItem score=\"89\"><classCode>ST000CTIZ</classCode><className>SCANDALS</className><classCode/><className/></classificationItem><classificationItem score=\"89\"><classCode>STX001669</classCode><className>TALKS &amp; MEETINGS</className><classCode/><className/></classificationItem><classificationItem score=\"78\"><classCode>ST000A4CY</classCode><className>BANKING &amp; FINANCE REGULATORY COMPLIANCE</className><classCode/><className/></classificationItem><classificationItem score=\"78\"><classCode>ST0009SVL</classCode><className>BANKING &amp; FINANCE SECTOR PERFORMANCE</className><classCode/><className/></classificationItem><classificationItem score=\"78\"><classCode>STX001561</classCode><className>SHAREHOLDERS</className><classCode>Z3VpZD11cm46dG9waWM6NEI2QjYxNjkwMTkzNDhFRUExNjlFRjVFRUU3NDhBQkE7cGFyZW50Z3VpZD11cm46dG9waWM6MDQ3M0RFODczN0I4NDg2RjlFRDNFMUNBODRDQTU0Q0E</classCode><className>Shareholders</className></classificationItem><classificationItem score=\"77\"><classCode>STX000112</classCode><className>ARRESTS</className><classCode>Z3VpZD11cm46dG9waWM6ODVCRjhDNURBRDYzNDAzNjlFMDA3ODgyMUQ0ODhDRjE7cGFyZW50Z3VpZD11cm46dG9waWM6MzkzMEJFRkNCRUQwNEIyOEE3QTBDOEFFM0ZDRDg0NzU</classCode><className>Arrests</className></classificationItem><classificationItem score=\"77\"><classCode>STX000713</classCode><className>FINANCIAL CRIME COUNTERMEASURES</className><classCode/><className/></classificationItem><classificationItem score=\"77\"><classCode>N921110CC</classCode><className>HEADS OF STATE &amp; GOVERNMENT</className><classCode/><className/></classificationItem><classificationItem score=\"77\"><classCode>STX001040</classCode><className>LITIGATION</className><classCode/><className/></classificationItem><classificationItem score=\"77\"><classCode>STX001159</classCode><className>MONEY LAUNDERING</className><classCode>Z3VpZD11cm46dG9waWM6QzBDQzA4NEVCN0Q0NEZCRkEwNjY3Qzk3MDA3NzlCMjU7cGFyZW50Z3VpZD11cm46dG9waWM6NkUzNTQ1QUZBM0Y5NDcyQjk4N0I5Mjg0QzU3NDk0MDI</classCode><className>Money Laundering</className></classificationItem><classificationItem score=\"77\"><classCode>ST0008X5Q</classCode><className>SHAREHOLDER MEETINGS</className><classCode>Z3VpZD11cm46dG9waWM6NTQzNjBDNjkzMDg4NEIxOEFERDREN0Y3RDM1MkRGNTA7cGFyZW50Z3VpZD11cm46dG9waWM6NEI2QjYxNjkwMTkzNDhFRUExNjlFRjVFRUU3NDhBQkE</classCode><className>Meetings &amp; Voting</className></classificationItem><classificationItem score=\"76\"><classCode>ST000D1BY</classCode><className>EXECUTIVES</className><classCode/><className/></classificationItem><classificationItem score=\"74\"><classCode>STX001648</classCode><className>SUITS &amp; CLAIMS</className><classCode/><className/></classificationItem><classificationItem score=\"73\"><classCode>ST000D4OZ</classCode><className>CHILD SEXUAL ABUSE</className><classCode>Z3VpZD11cm46dG9waWM6OTBBQjYwQkYwN0ZGNDQzOTlEMjIyRDEyMkE1RTAwRjc7cGFyZW50Z3VpZD11cm46dG9waWM6NzFENzYyRUI3RjFENEUwOEIyN0U0NEZBQjE5RjExMzk</classCode><className>Abuse of Children</className></classificationItem><classificationItem score=\"72\"><classCode>STX000417</classCode><className>COUNTERTERRORISM</className><classCode/><className/></classificationItem><classificationItem score=\"72\"><classCode>ST000DN6S</classCode><className>COUNTERTERRORISM LAWS</className><classCode/><className/></classificationItem><classificationItem score=\"71\"><classCode>STX000667</classCode><className>EXECUTIVE COMPENSATION</className><classCode/><className/></classificationItem><classificationItem score=\"69\"><classCode>STX001076</classCode><className>MARKET CAPITALIZATION</className><classCode/><className/></classificationItem><classificationItem score=\"60\"><classCode>STX001462</classCode><className>REGULATORY COMPLIANCE</className><classCode/><className/></classificationItem><classificationItem score=\"50\"><classCode>ST0009EOQ</classCode><className>PRIME MINISTERS</className><classCode/><className/></classificationItem><classificationItem score=\"50\"><classCode>STX001710</classCode><className>TERRORISM</className><classCode>Z3VpZD11cm46dG9waWM6ODg4MDhDQ0I2QkY5NDU2Rjg1RDNEREFBODk1Nzg1QTY7cGFyZW50Z3VpZD11cm46dG9waWM6RjgwNUY4MjJCMTg5NDgzRUJBMDQwNkM4NkUyNTJBMEY</classCode><className>Terrorism</className></classificationItem><classificationItem score=\"50\"><classCode>STX001813</classCode><className>WAGES &amp; SALARIES</className><classCode/><className/></classificationItem></classification><classification classificationScheme=\"industry\"><classificationItem score=\"89\"><classCode>N520000CC</classCode><className>BANKING &amp; FINANCE</className><classCode/><className/></classificationItem><classificationItem score=\"78\"><classCode>ST00090O3</classCode><className>BANKING &amp; FINANCE REGULATION &amp; POLICY</className><classCode/><className/></classificationItem><classificationItem score=\"78\"><classCode>ST000A4CY</classCode><className>BANKING &amp; FINANCE REGULATORY COMPLIANCE</className><classCode/><className/></classificationItem><classificationItem score=\"78\"><classCode>ST0009SVL</classCode><className>BANKING &amp; FINANCE SECTOR PERFORMANCE</className><classCode/><className/></classificationItem><classificationItem score=\"78\"><classCode>ST0009RX6</classCode><classCode/><className/></classificationItem></classification><classification classificationScheme=\"person\"><classificationItem score=\"73\"><classCode>PE000DO37</classCode><className>SCOTT MORRISON</className><classCode/><className/></classificationItem></classification><classification classificationScheme=\"city\"><classificationItem score=\"74\"><classCode>GX014</classCode><className>SYDNEY, AUSTRALIA</className><classCode/><className/></classificationItem></classification><classification classificationScheme=\"country\"><classificationItem score=\"92\"><classCode>GC301</classCode><className>AUSTRALIA</className><classCode/><className/></classificationItem><classificationItem score=\"79\"><classCode>GC310</classCode><className>PHILIPPINES</className><classCode/><className/></classificationItem></classification></classificationGroup></metadata></articleDoc></content></entry>"}