{"prediction_class": "Money laundering", "prediction_score": "0.99", "name": "Westpac", "title": "Investors cool on Westpac as lawyers swarm", "published": "2019-11-25T00:00:00Z", "updated": "2020-11-15T20:11:47Z", "cleaned_article": "[TITLE] Investors cool on Westpac as lawyers swarm [TITLE] \n\nCredit ratings agency Moody's warned that AUSTRAC's money laundering claims against Westpac are credit negative and says all of the nation's banks are under pressure from low-interest rates, weak credit growth, intense competition and increased regulatory scrutiny.It came as senior members of the government continued to demand more accountability from Westpac's leadership over the scandal and class action law firms swarmed around the beleaguered bank.Mounting concerns about the threats to profitability comes as Westpac scrambles to contain the fallout from the AUSTRAC scandal. Its chairman Lindsay Maxsted conducted several meetings with institutional investors and their advisers on Monday, which will continue this week. Proxy advisers are expected to begin issuing reports to institutional investors on Tuesday, which could advise voting against both the remuneration report and the re-election of directors at the annual general meeting on Thursday, December 12. It is understood at least one of the major proxy firms was concerned the board has not been aggressive enough to reduce pay across senior management following the bank's pledge on Sunday to withhold \"either all or part\" of 2019 short-term bonuses for the full executive team and some general manager until the independent report on accountability is completed.Meanwhile, federal ministers continued to lash Westpac's senior management for a lack of accountability in dealing with its alleged involvement in facilitating child exploitation.\"It is clear ... that the Westpac banking bosses, through their negligence, have given a free pass to paedophiles, and there is a price to pay for that and that price will be paid and we have been very clear about it,\" he said.Westpac faces not only the prospect of litigation brought by the corporate regulator but by class action laws firms.Phi Finney McDonald said it was investigating whether Westpac breached its continuous disclosure obligations and engaged in misleading and deceptive conduct by not keeping investors informed about the alleged breaches of anti-money laundering and counter-terrorism financing laws.It said in a media release it was considering a class action on behalf of investors who acquired Westpac shares before November 19 and could allege the bank failed to adequately assess the risks associated with using its Australian Cash Management and LitePay systems for international transfers. Both Australian Cash Management and LitePay have been closed by the bank.Westpac said it has worked closely with AUSTRAC for \"a number of years\" on addressing the risks of child exploitation and other serious crimes however it claims the regulator was not prescriptive about what it required of banks on the issue until December 2016. It furthermore said it did not know about AUSTRAC's concerns about the 12 customers until November 15, 2019. AUSTRAC pointed to a series of case studies it published six years ago as evidence of its program. Case study 19 from the typologies and case studies report 2013 contains details of how AUSTRAC busted a child-sex ring that saw 300,000 images collected and the arrest of more than 20 individuals.", "raw_cleaned_article": "<h2>Investors cool on Westpac as lawyers swarm</h2><p><b>Credit ratings agency Moody's warned that AUSTRAC's money laundering claims against Westpac are credit negative and says all of the nation's banks are under pressure from low-interest rates, weak credit growth, intense competition and increased regulatory scrutiny.</b><b>It came as senior members of the government continued to demand more accountability from Westpac's leadership over the scandal and class action law firms swarmed around the beleaguered bank.</b><b>Mounting concerns about the threats to profitability comes as Westpac scrambles to contain the fallout from the AUSTRAC scandal. Its chairman Lindsay Maxsted conducted several meetings with institutional investors and their advisers on Monday, which will continue this week.</b> Proxy advisers are expected to begin issuing reports to institutional investors on Tuesday, which could advise voting against both the remuneration report and the re-election of directors at the annual general meeting on Thursday, December 12. It is understood at least one of the major proxy firms was concerned the board has not been aggressive enough to reduce pay across senior management following the bank's pledge on Sunday to withhold \"either all or part\" of 2019 short-term bonuses for the full executive team and some general manager until the independent report on accountability is completed.<b>Meanwhile, federal ministers continued to lash Westpac's senior management for a lack of accountability in dealing with its alleged involvement in facilitating child exploitation.</b><b>\"It is clear ... that the Westpac banking bosses, through their negligence, have given a free pass to paedophiles, and there is a price to pay for that and that price will be paid and we have been very clear about it,\" he said.</b><b>Westpac faces not only the prospect of litigation brought by the corporate regulator but by class action laws firms.</b><b>Phi Finney McDonald said it was investigating whether Westpac breached its continuous disclosure obligations and engaged in misleading and deceptive conduct by not keeping investors informed about the alleged breaches of anti-money laundering and counter-terrorism financing laws.</b><b>It said in a media release it was considering a class action on behalf of investors who acquired Westpac shares before November 19 and could allege the bank failed to adequately assess the risks associated with using its Australian Cash Management and LitePay systems for international transfers. Both Australian Cash Management and LitePay have been closed by the bank.</b><b>Westpac said it has worked closely with AUSTRAC for \"a number of years\" on addressing the risks of child exploitation and other serious crimes however it claims the regulator was not prescriptive about what it required of banks on the issue until December 2016.</b> It furthermore said it did not know about AUSTRAC's concerns about the 12 customers until November 15, 2019. AUSTRAC pointed to a series of case studies it published six years ago as evidence of its program. Case study 19 from the typologies and case studies report 2013 contains details of how AUSTRAC busted a child-sex ring that saw 300,000 images collected and the arrest of more than 20 individuals.</p>", "original_content": "<entry xmlns=\"http://www.w3.org/2005/Atom\"><id>urn:contentItem:5XKC-PKX1-DY19-C2D5-00000-00</id><title>Investors cool on Westpac as lawyers swarm</title><published>2019-11-25T00:00:00Z</published><updated>2020-11-15T20:11:47Z</updated><author><name>LexisNexis</name></author><content type=\"application/xml\"><!--Transformation version 1.23--><articleDoc xmlns=\"\" xmlns:xsi=\"http://www.w3.org/2001/XMLSchema-instance\" xsi:noNamespaceSchemaLocation=\"http://www.lexisnexis.com/xmlschemas/content/public/articledoc/1/\" schemaVersion=\"1.8\" xml:lang=\"en\"><articleDocHead><itemInfo/></articleDocHead><nitf:body xmlns:nitf=\"http://iptc.org/std/NITF/2006-10-18/\"><nitf:body.head><nitf:hedline><nitf:hl1>Investors cool on Westpac as lawyers swarm</nitf:hl1></nitf:hedline><nitf:byline><author><person><nameText>James Eyers, James Frost and Robert Guy</nameText></person></author></nitf:byline><highlight><bodyText><p>Moody's says Austrac's allegations are a \"credit negative\" for Westpac as ministers continue to pile on pressure over accountability.</p></bodyText></highlight></nitf:body.head><nitf:body.content><bodyText><p nitf:lede=\"true\">Credit ratings agency Moody's warned that AUSTRAC's money laundering claims against Westpac are credit negative and says all of the nation's banks are under pressure from low-interest rates, weak credit growth, intense competition and increased regulatory scrutiny.</p><p nitf:lede=\"true\">It came as senior members of the government continued to demand more accountability from Westpac's leadership over the scandal and class action law firms swarmed around the beleaguered bank.</p><p>With the corporate cop confirming it was investigating potential legal breaches by Westpac, Moody's said that while it was too early to estimate the value of any potential financial penalties, the AUSTRAC case was \"credit negative because of the damage to the bank's reputation and the adverse financial impact from potential fines and costs related to remedial actions\".</p><p>\"Compliance problems of this nature also highlight the corporategovernance challenges of maintaining tight controls at large and complex institutions, and the negative spillover effects for the banks' reputations,\" Moody's said.</p><p>The AUSTRAC \"proceedings come at a time when Australian bank profitability is facing pressure from low-interest rates amid weak credit growth and intense competition, while costs relating to compliance, regulation and investments in technology are elevated,\" the rating agency said.</p><p>Westpac shares suffered a fourth day of losses, falling another 1.3 per cent as the prospects of a $1 billion-plus fine and higher compliance and technology costs rattled investors.</p><p>Credit Suisse cut its price target and slashed its earnings forecast by 7 per cent after the broker raised its estimate for notable items to $1 billion from $300 million.</p><p>In more bad news for the bank, state governments from Victoria and NSW said extensions of lucrative banking contracts worth hundreds of millions were being scrutinised.</p><p>Mounting concerns about the threats to profitability comes as Westpac scrambles to contain the fallout from the AUSTRAC scandal. Its chairman Lindsay Maxsted conducted several meetings with institutional investors and their advisers on Monday, which will continue this week.</p><p>Proxy advisers are expected to begin issuing reports to institutional investors on Tuesday, which could advise voting against both the remuneration report and the re-election of directors at the annual general meeting on Thursday, December 12.</p><p>It is understood at least one of the major proxy firms was concerned the board has not been aggressive enough to reduce pay across senior management following the bank's pledge on Sunday to withhold \"either all or part\" of 2019 short-term bonuses for the full executive team and some general manager until the independent report on accountability is completed.</p><p>Meanwhile, federal ministers continued to lash Westpac's senior management for a lack of accountability in dealing with its alleged involvement in facilitating child exploitation.</p><p>Home Affairs Minister Peter Dutton said <url normalizedValue=\"https://www.afr.com/link/follow-20180101-p53d4k\">Westpac bosses</url> have \"given a free pass to paedophiles\" and should pay the price. He told Parliament \"the incidents in relation to Westpac\" were \"completely unacceptable\".</p><p>\"It is clear ... that the Westpac banking bosses, through their negligence, have given a free pass to paedophiles, and there is a price to pay for that and that price will be paid and we have been very clear about it,\" he said.</p><p>Westpac faces not only the prospect of litigation brought by the corporate regulator but by class action laws firms.</p><p>Phi Finney McDonald said it was investigating whether Westpac breached its continuous disclosure obligations and engaged in misleading and deceptive conduct by not keeping investors informed about the alleged breaches of anti-money laundering and counter-terrorism financing laws.</p><p>It said in a media release it was considering a class action on behalf of investors who acquired Westpac shares before November 19 and could allege the bank failed to adequately assess the risks associated with using its Australian Cash Management and LitePay systems for international transfers. Both Australian Cash Management and LitePay have been closed by the bank.</p><p>The Australian Securities and Investments Commission's confirmation of its own investigation arrived the day after Treasurer Josh Frydenberg said the Australian Prudential Regulation Authority was also investigating Westpac and could possibly bring action under the Banking Executive Accountability Regime.</p><p>Any ASIC action coming off the back of its investigation could be brought under section 912A of the Corporations Act, which creates a general duty to act \"efficiently, honestly and fairly\", or section 180, which contains a duty to take the care and diligence expected of a reasonable person.</p><p>The financial intelligence regulator AUSTRAC has meanwhile defended its legacy, saying under the AML-CTF Act banks and other financial institutions are obliged to understand and manage their risks based on their business models and the services they offer.</p><p>\"AUSTRAC has a comprehensive industry education program in place to support regulated entities to meet their compliance and reporting obligations and understand their risks. Education is tailored for each sector and includes a range of guidance material and outreach activities,\" the regulator said in a statement.</p><p>Westpac defence</p><p>Westpac said it has worked closely with AUSTRAC for \"a number of years\" on addressing the risks of child exploitation and other serious crimes however it claims the regulator was not prescriptive about what it required of banks on the issue until December 2016.</p><p>It furthermore said it did not know about AUSTRAC's concerns about the 12 customers until November 15, 2019.</p><p>AUSTRAC pointed to a series of case studies it published six years ago as evidence of its program. Case study 19 from the typologies and case studies report 2013 contains details of how AUSTRAC busted a child-sex ring that saw 300,000 images collected and the arrest of more than 20 individuals.</p><p>\"Analysis of AUSTRAC information identified that, over three years, the main suspect in the investigation conducted more than 30 outgoing international funds transfer instructions to multiple beneficiaries in the Philippines,\" the paper read.</p><p>The main suspect was identified after making 30 payments to the Philippines for sums of between $18 and $480.</p><p>\"The main suspect pleaded guilty to using a carriage service to make child pornography material available and possessing child exploitation material and was sentenced to three-and-a-half years imprisonment.\"</p><p>Westpac and the other major banks will meet with AUSTRAC and various police departments in Sydney on Tuesday to discuss a more collaborative approach to sharing data.</p><p>Moody's also said on Monday Australia's big four banks are at risk of losing their competitive advantage as low-interest rates, new technologies, intense competition and a regulatory crackdown diminish the superior profitability that made them popular with investors.</p></bodyText></nitf:body.content></nitf:body><metadata><dc:metadata xmlns:dc=\"http://purl.org/dc/elements/1.1/\"><dc:identifier identifierScheme=\"DOC-ID\">AFRONL-1520210553</dc:identifier><dc:source sourceScheme=\"royaltyReportingKey\">AFRONL2019</dc:source><dc:identifier identifierScheme=\"PGUID\">urn:contentItem:5XKC-PKX1-DY19-C2D5-00000-00</dc:identifier><dc:source sourceScheme=\"productContentSetIdentifier\">429670</dc:source><dc:date dateType=\"last-updated\">2019-11-25</dc:date></dc:metadata><wordCount number=\"1158\"/><timeReceived>07:54 PM GMT</timeReceived><publicationInfo><copyright>Copyright 2019 Fairfax Media Publications Pty. Limited All Rights Reserved</copyright><publicationName>AFR Online</publicationName><publicationDate day=\"25\" month=\"11\" year=\"2019\"><dateText>November 25, 2019 Monday</dateText></publicationDate><classification classificationScheme=\"publicationtype\"><classificationItem><className>Web Publication</className></classificationItem></classification><classification classificationScheme=\"publicationtype\"><classificationItem><className>Industry Trade Press</className></classificationItem></classification></publicationInfo><classification classificationScheme=\"language\"><classificationItem classificationScheme=\"lang.english\"><className>ENGLISH</className></classificationItem></classification><classificationGroup classificationScheme=\"indexing-terms\"><classification classificationScheme=\"company\"><classificationItem score=\"92\"><classCode>CC0001POX</classCode><className>MOODY'S CORP</className></classificationItem><classificationItem score=\"90\"><classCode>CC0001X99</classCode><className>CREDIT SUISSE GROUP AG</className></classificationItem></classification><classification classificationScheme=\"industry\"><classificationItem score=\"92\"><className>NAICS561450 CREDIT BUREAUS</className></classificationItem><classificationItem score=\"92\"><className>SIC7323 CREDIT REPORTING SERVICES</className></classificationItem><classificationItem score=\"90\"><className>NAICS551111 OFFICES OF BANK HOLDING COMPANIES</className></classificationItem><classificationItem score=\"90\"><className>NAICS524126 DIRECT PROPERTY &amp; CASUALTY INSURANCE CARRIERS</className></classificationItem><classificationItem score=\"90\"><className>NAICS523920 PORTFOLIO MANAGEMENT</className></classificationItem><classificationItem score=\"90\"><className>NAICS522110 COMMERCIAL BANKING</className></classificationItem></classification><classification classificationScheme=\"ticker\"><classificationItem score=\"92\"><className>MCO (NYSE)</className></classificationItem><classificationItem score=\"90\"><className>CSGN (SWX)</className></classificationItem><classificationItem score=\"90\"><className>CS (NYSE)</className></classificationItem></classification></classificationGroup><classificationGroup classificationScheme=\"licensor.indexing-terms\"><classification classificationScheme=\"licensor.subject\"><classificationItem><className>Banking &amp; Finance</className></classificationItem></classification></classificationGroup><classificationGroup classificationScheme=\"indexing-terms\"><classification classificationScheme=\"subject\"><classificationItem score=\"91\"><classCode>STX000714</classCode><className>FINANCIAL RATINGS</className><classCode/><className/></classificationItem><classificationItem score=\"90\"><classCode>STX000426</classCode><className>CREDIT REGULATION</className><classCode/><className/></classificationItem><classificationItem score=\"90\"><classCode>N551112MM</classCode><className>HOLDING COMPANIES</className><classCode/><className/></classificationItem><classificationItem score=\"89\"><classCode>STX001410</classCode><className>COMPANY PROFITS</className><classCode/><className/></classificationItem><classificationItem score=\"89\"><classCode>ST000DLOJ</classCode><className>GOVERNMENT ADVISORS &amp; MINISTERS</className><classCode/><className/></classificationItem><classificationItem score=\"89\"><classCode>N523920MM</classCode><className>INVESTMENT MANAGEMENT</className><classCode/><className/></classificationItem><classificationItem score=\"89\"><classCode>ST0009FJK</classCode><className>NEGATIVE PERSONAL NEWS</className><classCode/><className/></classificationItem><classificationItem score=\"89\"><classCode>ST000CTIZ</classCode><className>SCANDALS</className><classCode/><className/></classificationItem><classificationItem score=\"89\"><classCode>ST000DJCJ</classCode><className>SHAREHOLDER PROXIES</className><classCode/><className/></classificationItem><classificationItem score=\"79\"><classCode>STX000375</classCode><className>CONSUMER CREDIT REPORTING</className><classCode>Z3VpZD11cm46dG9waWM6NkZDNDZGMzE5Mjk2NDE0RkIyQjI1NTFDMkQzRTE0QzE7cGFyZW50Z3VpZD11cm46dG9waWM6NTBENkY4NTNENTk0NEE0RUJBMDVBMTYyNjJBNjU2Njc</classCode><className>Consumer Reports</className></classificationItem><classificationItem score=\"78\"><classCode>STX000231</classCode><className>BUSINESS FORECASTS</className><classCode/><className/></classificationItem><classificationItem score=\"78\"><classCode>STX000404</classCode><className>CORPORATE GOVERNANCE</className><classCode>Z3VpZD11cm46dG9waWM6MDQ3M0RFODczN0I4NDg2RjlFRDNFMUNBODRDQTU0Q0E7cGFyZW50Z3VpZD11cm46dG9waWM6RTJGRkVBNjc4MzI3NDA5MTlEMDI1NjU2NzMyNkYzNTc</classCode><className>Corporate Governance</className></classificationItem><classificationItem score=\"78\"><classCode>STX000722</classCode><className>FINES &amp; PENALTIES</className><classCode/><className/></classificationItem><classificationItem score=\"78\"><classCode>STX000969</classCode><className>INVESTIGATIONS</className><classCode/><className/></classificationItem><classificationItem score=\"78\"><classCode>ST0008XMR</classCode><className>LAW &amp; LEGAL SYSTEM</className><classCode/><className/></classificationItem><classificationItem score=\"78\"><classCode>N541110GM</classCode><className>LAWYERS</className><classCode/><className/></classificationItem><classificationItem score=\"78\"><classCode>N541100CC</classCode><className>LEGAL SERVICES</className><classCode/><className/></classificationItem><classificationItem score=\"78\"><classCode>N921120CC</classCode><className>LEGISLATIVE BODIES</className><classCode/><className/></classificationItem><classificationItem score=\"78\"><classCode>STX001159</classCode><className>MONEY LAUNDERING</className><classCode>Z3VpZD11cm46dG9waWM6QzBDQzA4NEVCN0Q0NEZCRkEwNjY3Qzk3MDA3NzlCMjU7cGFyZW50Z3VpZD11cm46dG9waWM6NkUzNTQ1QUZBM0Y5NDcyQjk4N0I5Mjg0QzU3NDk0MDI</classCode><className>Money Laundering</className></classificationItem><classificationItem score=\"78\"><classCode>ST0009QD4</classCode><className>NEGATIVE BUSINESS NEWS</className><classCode/><className/></classificationItem><classificationItem score=\"78\"><classCode>STX001548</classCode><className>SELF REGULATING ORGANIZATIONS</className><classCode/><className/></classificationItem><classificationItem score=\"77\"><classCode>ST000A4CY</classCode><className>BANKING &amp; FINANCE REGULATORY COMPLIANCE</className><classCode/><className/></classificationItem><classificationItem score=\"77\"><classCode>STX000340</classCode><className>COMPANY EARNINGS</className><classCode/><className/></classificationItem><classificationItem score=\"77\"><classCode>ST00097CZ</classCode><className>ELECTIONS</className><classCode/><className/></classificationItem><classificationItem score=\"77\"><classCode>ST000D1BY</classCode><className>EXECUTIVES</className><classCode/><className/></classificationItem><classificationItem score=\"77\"><classCode>N920000CC</classCode><className>GOVERNMENT &amp; PUBLIC ADMINISTRATION</className><classCode>Z3VpZD11cm46dG9waWM6MjdEQjE4OUJDMzQxNDNEMEI0RTI1QUFCMzJENjEwRTA7cGFyZW50Z3VpZD11cm46dG9waWM6MUFEMUQ2QTA1OUZCNEE5RjkzNTA2RERFMUNEOTk1RTI</classCode><className>Governments</className></classificationItem><classificationItem score=\"77\"><classCode>STX000943</classCode><className>INTEREST RATES</className><classCode/><className/></classificationItem><classificationItem score=\"77\"><classCode>STX001066</classCode><className>MANAGERS &amp; SUPERVISORS</className><classCode/><className/></classificationItem><classificationItem score=\"77\"><classCode>STX001669</classCode><className>TALKS &amp; MEETINGS</className><classCode/><className/></classificationItem><classificationItem score=\"73\"><classCode>STLL000CVGE</classCode><className>CHILDREN'S RIGHTS</className><classCode/><className/></classificationItem><classificationItem score=\"73\"><classCode>STX000304</classCode><className>CLASS ACTIONS</className><classCode>Z3VpZD11cm46dG9waWM6Mjk5M0Q3OEY2NkE3NDIwQzg4MDk1NUUxQUI5Nzc5NTU7cGFyZW50Z3VpZD11cm46dG9waWM6MDc3RDI0Njg5OEU2NEM5NzkxRUU2MjBEMDMyRkQ3Mzk</classCode><className>Class Actions</className></classificationItem><classificationItem score=\"73\"><classCode>STX001555</classCode><className>SEX OFFENSES</className><classCode>Z3VpZD11cm46dG9waWM6RkQwRTk5MUFBNjMxNDJGQUJGMDJBNjIzOTZEMUZBQTc7cGFyZW50Z3VpZD11cm46dG9waWM6RjgwNUY4MjJCMTg5NDgzRUJBMDQwNkM4NkUyNTJBMEY</classCode><className>Sex Crimes</className></classificationItem><classificationItem score=\"73\"><classCode>STX001648</classCode><className>SUITS &amp; CLAIMS</className><classCode/><className/></classificationItem><classificationItem score=\"72\"><classCode>ST0009G89</classCode><className>REGIONAL &amp; LOCAL GOVERNMENTS</className><classCode>Z3VpZD11cm46dG9waWM6Njg1MkM3RkYyNzIxNEVFRkJFMTI2NUM4NUU1ODdEM0Q7cGFyZW50Z3VpZD11cm46dG9waWM6MjdEQjE4OUJDMzQxNDNEMEI0RTI1QUFCMzJENjEwRTA</classCode><className>Local Governments</className></classificationItem><classificationItem score=\"70\"><classCode>ST0009YXV</classCode><className>EARNINGS PREANNOUNCEMENTS</className><classCode/><className/></classificationItem><classificationItem score=\"69\"><classCode>STX001813</classCode><className>WAGES &amp; SALARIES</className><classCode/><className/></classificationItem><classificationItem score=\"61\"><classCode>ST000D9TJ</classCode><className>EXECUTIVE BONUSES</className><classCode/><className/></classificationItem><classificationItem score=\"60\"><classCode>ST000D4OZ</classCode><className>CHILD SEXUAL ABUSE</className><classCode>Z3VpZD11cm46dG9waWM6OTBBQjYwQkYwN0ZGNDQzOTlEMjIyRDEyMkE1RTAwRjc7cGFyZW50Z3VpZD11cm46dG9waWM6NzFENzYyRUI3RjFENEUwOEIyN0U0NEZBQjE5RjExMzk</classCode><className>Abuse of Children</className></classificationItem></classification><classification classificationScheme=\"industry\"><classificationItem score=\"92\"><classCode>N520000CC</classCode><className>BANKING &amp; FINANCE</className><classCode/><className/></classificationItem><classificationItem score=\"92\"><classCode>ST0009RX6</classCode><classCode/><className/></classificationItem><classificationItem score=\"91\"><classCode>STX000714</classCode><className>FINANCIAL RATINGS</className><classCode/><className/></classificationItem><classificationItem score=\"91\"><classCode>STX001888</classCode><className>PROPERTY &amp; CASUALTY INSURANCE</className><classCode>Z3VpZD11cm46dG9waWM6Q0IxRTFGMjc4NUEzNDI4MEIzMzIxNzNDQTU4NEQwODY7cGFyZW50Z3VpZD11cm46dG9waWM6NTUxRjY2QkZCMjhBNDJENTg2QzJGQUQ1MTAyMEI5RkI</classCode><className>Property Insurance</className></classificationItem><classificationItem score=\"90\"><classCode>N522110DC</classCode><className>COMMERCIAL BANKING</className><classCode>Z3VpZD11cm46dG9waWM6NDIyQTAxOUNERDI4NDdFNjkyMEFDOTFFM0MwMTQzNjQ7cGFyZW50Z3VpZD11cm46dG9waWM6QjQyMUFCOUJBNURBNEFDREE3MTNCNDk5QkQ4NUM3RjI</classCode><className>Commercial Banks</className></classificationItem><classificationItem score=\"90\"><classCode>N561450MM</classCode><className>CREDIT BUREAUS</className><classCode/><className/></classificationItem><classificationItem score=\"90\"><classCode>ST00629349</classCode><className>CREDIT RATINGS</className><classCode/><className/></classificationItem><classificationItem score=\"90\"><classCode>STX000426</classCode><className>CREDIT REGULATION</className><classCode/><className/></classificationItem><classificationItem score=\"89\"><classCode>N523920MM</classCode><className>INVESTMENT MANAGEMENT</className><classCode/><className/></classificationItem><classificationItem score=\"79\"><classCode>STX000375</classCode><className>CONSUMER CREDIT REPORTING</className><classCode>Z3VpZD11cm46dG9waWM6NkZDNDZGMzE5Mjk2NDE0RkIyQjI1NTFDMkQzRTE0QzE7cGFyZW50Z3VpZD11cm46dG9waWM6NTBENkY4NTNENTk0NEE0RUJBMDVBMTYyNjJBNjU2Njc</classCode><className>Consumer Reports</className></classificationItem><classificationItem score=\"78\"><classCode>N524000CC</classCode><className>INSURANCE</className><classCode/><className/></classificationItem><classificationItem score=\"78\"><classCode>N541110GM</classCode><className>LAWYERS</className><classCode/><className/></classificationItem><classificationItem score=\"78\"><classCode>N541100CC</classCode><className>LEGAL SERVICES</className><classCode/><className/></classificationItem><classificationItem score=\"78\"><classCode>ST000A2VZ</classCode><classCode/><className/></classificationItem><classificationItem score=\"77\"><classCode>ST0008WZ9</classCode><className>BANK HOLDING COMPANIES</className><classCode>Z3VpZD11cm46dG9waWM6QTExQjk4M0RBNjUyNDBDNTgwNjI4MUIzRUU0RDBEMzI7cGFyZW50Z3VpZD11cm46dG9waWM6RTc3MUQ5Rjg4MjYzNENDQzk2QjQ0NzA5RjFDNzY0RDk</classCode><className>Bank Holding Companies</className></classificationItem><classificationItem score=\"77\"><classCode>ST000A4CY</classCode><className>BANKING &amp; FINANCE REGULATORY COMPLIANCE</className><classCode/><className/></classificationItem><classificationItem score=\"77\"><classCode>STX000943</classCode><className>INTEREST RATES</className><classCode/><className/></classificationItem></classification><classification classificationScheme=\"state\"><classificationItem score=\"79\"><classCode>GS001</classCode><className>NEW SOUTH WALES, AUSTRALIA</className><classCode/><className/></classificationItem><classificationItem score=\"79\"><classCode>GS007</classCode><className>VICTORIA, AUSTRALIA</className><classCode/><className/></classificationItem></classification><classification classificationScheme=\"country\"><classificationItem score=\"79\"><classCode>GC301</classCode><className>AUSTRALIA</className><classCode/><className/></classificationItem></classification></classificationGroup></metadata></articleDoc></content></entry>"}