{"prediction_class": "Money laundering", "prediction_score": "0.86", "name": "Westpac", "title": "Behind the judgement. Why the Federal Court tore up a $35m settlement between ASIC and Westpac over lending standards", "published": "2018-11-14T00:00:00Z", "updated": "2020-11-15T19:52:36Z", "cleaned_article": "[TITLE] Behind the judgement. Why the Federal Court tore up a $35m settlement between ASIC and Westpac over lending standards [TITLE] \n\nLink to Story The Australian Securities and Investments Commission ( ASIC ) has been increasingly resorting to early settlements as a means of achieving cheaper and quicker outcomes. The quick win for ASIC, is an enforceable undertaking and a media release. The quick win for the other party is avoiding a drawn out court case and being able to get on with its business. Courts usually rubber stamp them Where the alleged breach of the law is serious, necessitating a large penalty, a judge has to formally approve the settlement, in a hearing until now regarded as something of a rubber stamping exercise. As the Hayne Royal Commission into the Misconduct in Financial Services has pointed out, the downside of such quick settlements can be that the facts aren't established in court and the law isn't tested. Where they are established and the law is tested, as Justice Yates did earlier this year in Australian Transaction Reports and Analysis Centre versus Commonwealth Bank of Australia very big penalties can be handed down - $700 million for more than 50,000 breaches of the Anti-Money Laundering and Counter Terrorism Financing Act. Read more: Commonwealth Bank's $700 million fine will end up punishing its customers Along with it was landmark judgements that establish the scope of the law and tell firms what to avoid in the future. This time the court said no On Thursday Justice Perram, in the Federal Court sought the right to do the same . He rejected the joint application for settlement between ASIC and Westpac Banking Corporation for a penalty of $35 million. The problem, as he pointed out was that it was not clear from the agreed facts what actual contraventions of the National Consumer Credit Protection Act 2009 Westpac had been accused of. He asked ASIC and the Westpac to re-draft the agreed settlement and return to court by 27 November 2018. In order to establish the law and what happened The case matters because the Financial Services Royal Commission has been examining the use of computer programs to determine the ability of borrowers to repay loans. It is possible that many Westpac loans were approved to customers who would have been found to be unable to meet the repayments had their individual circumstances been examined, and it is possible that is in breach of the law. Read more: Consumers need critical thinking to fend off banks' bad behaviour But without a clear judgement or a clear statement of facts for the court to examine, or a clear judgement from the court, it is impossible to tell. That's why Justice Perram said no, in order to estabish what the law requires and what Westpac did.\u2022Federal Court ASIC Mortgage Westpac Financial services royal commission Hayne Royal CommissionMENAFN1411201801990000ID1097695423", "raw_cleaned_article": "<h2>Behind the judgement. Why the Federal Court tore up a $35m settlement between ASIC and Westpac over lending standards</h2><p>Link to Story <b>The Australian Securities and Investments Commission ( ASIC ) has been increasingly resorting to early settlements as a means of achieving cheaper and quicker outcomes. The quick win for ASIC, is an enforceable undertaking and a media release. The quick win for the other party is avoiding a drawn out court case and being able to get on with its business. Courts usually rubber stamp them Where the alleged breach of the law is serious, necessitating a large penalty, a judge has to formally approve the settlement, in a hearing until now regarded as something of a rubber stamping exercise. As the Hayne Royal Commission into the Misconduct in Financial Services has pointed out, the downside of such quick settlements can be that the facts aren't established in court and the law isn't tested. Where they are established and the law is tested, as Justice Yates did earlier this year in Australian Transaction Reports and Analysis Centre versus Commonwealth Bank of Australia very big penalties can be handed down - $700 million for more than 50,000 breaches of the Anti-Money Laundering and Counter Terrorism Financing Act. Read more: Commonwealth Bank's $700 million fine will end up punishing its customers Along with it was landmark judgements that establish the scope of the law and tell firms what to avoid in the future. This time the court said no On Thursday Justice Perram, in the Federal Court sought the right to do the same . He rejected the joint application for settlement between ASIC and Westpac Banking Corporation for a penalty of $35 million. The problem, as he pointed out was that it was not clear from the agreed facts what actual contraventions of the National Consumer Credit Protection Act 2009 Westpac had been accused of. He asked ASIC and the Westpac to re-draft the agreed settlement and return to court by 27 November 2018. In order to establish the law and what happened The case matters because the Financial Services Royal Commission has been examining the use of computer programs to determine the ability of borrowers to repay loans. It is possible that many Westpac loans were approved to customers who would have been found to be unable to meet the repayments had their individual circumstances been examined, and it is possible that is in breach of the law. Read more: Consumers need critical thinking to fend off banks' bad behaviour But without a clear judgement or a clear statement of facts for the court to examine, or a clear judgement from the court, it is impossible to tell. That's why Justice Perram said no, in order to estabish what the law requires and what Westpac did.\u2022Federal Court ASIC Mortgage Westpac Financial services royal commission Hayne Royal CommissionMENAFN1411201801990000ID1097695423</b></p>", "original_content": "<entry xmlns=\"http://www.w3.org/2005/Atom\"><id>urn:contentItem:5TR7-2JS1-F04Y-T2R2-00000-00</id><title>Behind the judgement. Why the Federal Court tore up a $35m settlement between ASIC and Westpac over lending standards</title><published>2018-11-14T00:00:00Z</published><updated>2020-11-15T19:52:36Z</updated><author><name>LexisNexis</name></author><content type=\"application/xml\"><!--Transformation version 1.23--><articleDoc xmlns=\"\" xmlns:xsi=\"http://www.w3.org/2001/XMLSchema-instance\" xsi:noNamespaceSchemaLocation=\"http://www.lexisnexis.com/xmlschemas/content/public/articledoc/1/\" schemaVersion=\"1.8\" xml:lang=\"en\"><articleDocHead><itemInfo/></articleDocHead><nitf:body xmlns:nitf=\"http://iptc.org/std/NITF/2006-10-18/\"><nitf:body.head><nitf:hedline><nitf:hl1>Behind the judgement. Why the Federal Court tore up a $35m settlement between ASIC and Westpac over lending standards</nitf:hl1></nitf:hedline></nitf:body.head><nitf:body.content><bodyText><p nitf:lede=\"true\"><url normalizedValue=\"https://menafn.com/1097695423/Behind-the-judgement-Why-the-Federal-Court-tore-up-a-35m-settlement-between-ASIC-and-Westpac-over-lending-standards\">Link to Story</url></p><p nitf:lede=\"true\">Very rarely does a judge tear up a multi million dollar penalty signed up to by both the regulator and the alleged perpetrator. Yet that's what Federal Court judge Nye Perram did on Tuesday, throwing out a $35 million settlement between Westpac and the the Australian Securities and Investments Commission over its alleged failure to properly assess whether borrowers could meet their repayments before signing them up to mortgages . Agreed settlements are common In commercial litigation, as in most litigation, there is an emphasis on trying to settle matters early before they are heard in court. In criminal law matters the prosecutions encourage early guilty pleas in exchange for lower penalties. </p><p>The Australian Securities and Investments Commission ( ASIC ) has been increasingly resorting to early settlements as a means of achieving cheaper and quicker outcomes. The quick win for ASIC, is an enforceable undertaking and a media release. The quick win for the other party is avoiding a drawn out court case and being able to get on with its business. Courts usually rubber stamp them Where the alleged breach of the law is serious, necessitating a large penalty, a judge has to formally approve the settlement, in a hearing until now regarded as something of a rubber stamping exercise. As the Hayne Royal Commission into the Misconduct in Financial Services has pointed out, the downside of such quick settlements can be that the facts aren't established in court and the law isn't tested. Where they are established and the law is tested, as Justice Yates did earlier this year in Australian Transaction Reports and Analysis Centre versus Commonwealth Bank of Australia very big penalties can be handed down - $700 million for more than 50,000 breaches of the Anti-Money Laundering and Counter Terrorism Financing Act. Read more: Commonwealth Bank's $700 million fine will end up punishing its customers Along with it was landmark judgements that establish the scope of the law and tell firms what to avoid in the future. This time the court said no On Thursday Justice Perram, in the Federal Court sought the right to do the same . He rejected the joint application for settlement between ASIC and Westpac Banking Corporation for a penalty of $35 million. The problem, as he pointed out was that it was not clear from the agreed facts what actual contraventions of the National Consumer Credit Protection Act 2009 Westpac had been accused of. He asked ASIC and the Westpac to re-draft the agreed settlement and return to court by 27 November 2018. In order to establish the law and what happened The case matters because the Financial Services Royal Commission has been examining the use of computer programs to determine the ability of borrowers to repay loans. It is possible that many Westpac loans were approved to customers who would have been found to be unable to meet the repayments had their individual circumstances been examined, and it is possible that is in breach of the law. Read more: Consumers need critical thinking to fend off banks' bad behaviour But without a clear judgement or a clear statement of facts for the court to examine, or a clear judgement from the court, it is impossible to tell. That's why Justice Perram said no, in order to estabish what the law requires and what Westpac did.<list><listItem><label>\u2022</label><bodyText><p>Federal Court ASIC Mortgage Westpac Financial services royal commission Hayne Royal Commission</p></bodyText></listItem></list><br/>MENAFN1411201801990000ID1097695423</p></bodyText></nitf:body.content></nitf:body><metadata><dc:metadata xmlns:dc=\"http://purl.org/dc/elements/1.1/\"><dc:identifier identifierScheme=\"DOC-ID\">GLOENG-1097695423</dc:identifier><dc:source sourceScheme=\"royaltyReportingKey\">GLOENG2018</dc:source><dc:identifier identifierScheme=\"PGUID\">urn:contentItem:5TR7-2JS1-F04Y-T2R2-00000-00</dc:identifier><dc:source sourceScheme=\"productContentSetIdentifier\">300986</dc:source><dc:date dateType=\"last-updated\">2019-02-12</dc:date></dc:metadata><wordCount number=\"578\"/><publicationInfo><copyright>Copyright 2018 MENAFN.COM All Rights Reserved</copyright><publicationName>Global English (Middle East and North Africa Financial Network)</publicationName><publicationLogo><logo><inlineObject><locator><locatorKey><keyName name=\"object-key\"/><keyValue value=\"38987\"/></locatorKey><locatorParameters><parameter name=\"object-type\" value=\"201\"/><parameter name=\"object-smi\" value=\"LOGOS\"/><parameter name=\"componentseq\" value=\"1\"/></locatorParameters></locator></inlineObject></logo></publicationLogo><publicationDate day=\"14\" month=\"11\" year=\"2018\"><dateText>November 14, 2018 Wednesday</dateText></publicationDate><classification classificationScheme=\"publicationtype\"><classificationItem><className>Newswire</className></classificationItem></classification><classification classificationScheme=\"publicationtype\"><classificationItem><className>Industry Trade Press</className></classificationItem></classification></publicationInfo><classification classificationScheme=\"language\"><classificationItem classificationScheme=\"lang.english\"><className>ENGLISH</className></classificationItem></classification><classificationGroup classificationScheme=\"indexing-terms\"><classification classificationScheme=\"company\"><classificationItem score=\"81\"><classCode>CC0002GHH</classCode><className>COMMONWEALTH BANK OF AUSTRALIA LTD</className></classificationItem><classificationItem score=\"63\"><classCode>CC0002RXP</classCode><className>WESTPAC BANKING CORP</className></classificationItem></classification><classification classificationScheme=\"industry\"><classificationItem score=\"81\"><className>NAICS524113 DIRECT LIFE INSURANCE CARRIERS</className></classificationItem><classificationItem score=\"81\"><className>NAICS523110 INVESTMENT BANKING &amp; SECURITIES DEALING</className></classificationItem><classificationItem score=\"81\"><className>NAICS522110 COMMERCIAL BANKING</className></classificationItem><classificationItem score=\"81\"><className>SIC6311 LIFE INSURANCE</className></classificationItem><classificationItem score=\"81\"><className>SIC6211 SECURITY BROKERS, DEALERS, &amp; FLOTATION COMPANIES</className></classificationItem><classificationItem score=\"81\"><className>SIC6021 NATIONAL COMMERCIAL BANKS</className></classificationItem><classificationItem score=\"63\"><className>SIC6029 COMMERCIAL BANKS, NEC</className></classificationItem></classification><classification classificationScheme=\"ticker\"><classificationItem score=\"81\"><className>CBA (ASX)</className></classificationItem><classificationItem score=\"63\"><className>WBK (NYSE)</className></classificationItem><classificationItem score=\"63\"><className>WBC (NZX)</className></classificationItem><classificationItem score=\"63\"><className>WBC (ASX)</className></classificationItem></classification></classificationGroup><classificationGroup classificationScheme=\"indexing-terms\"><classification classificationScheme=\"legal\"><classificationItem><className>Banking Law</className><classCode>Z3VpZD11cm46dG9waWM6QjQyMUFCOUJBNURBNEFDREE3MTNCNDk5QkQ4NUM3RjI7cGFyZW50Z3VpZD0</classCode><classificationItem score=\"60\"><className>Loans</className><classCode>Z3VpZD11cm46dG9waWM6RDI5M0E4NDRFRTc0NDQ2N0JGODJGNkQyMUZBQjgyMDg7cGFyZW50Z3VpZD11cm46dG9waWM6MDJDQjg1RTk0N0RFNEQ3MkJGRTk2OUZDMEZBN0QzOTA</classCode></classificationItem><classificationItem score=\"50\"><className>Money Laundering</className><classCode>Z3VpZD11cm46dG9waWM6NDRGN0EyOTJBOEM4NDkzOUIyNkNBQkYyMDI3RDM4OTI7cGFyZW50Z3VpZD11cm46dG9waWM6NkUzNTQ1QUZBM0Y5NDcyQjk4N0I5Mjg0QzU3NDk0MDI</classCode></classificationItem></classificationItem></classification><classification classificationScheme=\"subject\"><classificationItem score=\"92\"><classCode>N922110CC</classCode><className>LAW COURTS &amp; TRIBUNALS</className><classCode/><className/></classificationItem><classificationItem score=\"91\"><classCode>STX000984</classCode><className>JUDGES</className><classCode>Z3VpZD11cm46dG9waWM6OTg1QUIzNkIwNzk5NDQ4NzhGMDdDQjVGNEYyRjY5OTI7cGFyZW50Z3VpZD11cm46dG9waWM6NURENzJGNTEyQzM0NEREQUI2RkVCRTM4RTc1RTZBREU</classCode><className>Judges</className></classificationItem><classificationItem score=\"91\"><classCode>STX001976</classCode><className>SECURITIES &amp; OTHER INVESTMENTS</className><classCode/><className/></classificationItem><classificationItem score=\"90\"><classCode>N926150GC</classCode><className>BANKING &amp; FINANCE REGULATION</className><classCode/><className/></classificationItem><classificationItem score=\"90\"><classCode>ST000DMKX</classCode><className>BUSINESS REPORTS &amp; FORECASTS</className><classCode/><className/></classificationItem><classificationItem score=\"90\"><classCode>STX001040</classCode><className>LITIGATION</className><classCode/><className/></classificationItem><classificationItem score=\"90\"><classCode>ST0009FJK</classCode><className>NEGATIVE PERSONAL NEWS</className><classCode/><className/></classificationItem><classificationItem score=\"90\"><classCode>STX001209</classCode><className>NEW ISSUES</className><classCode/><className/></classificationItem><classificationItem score=\"90\"><classCode>ST000DMT1</classCode><className>PATENT COURTS</className><classCode/><className/></classificationItem><classificationItem score=\"90\"><classCode>STX001884</classCode><className>SETTLEMENT &amp; COMPROMISE</className><classCode>Z3VpZD11cm46dG9waWM6NkFBRTlDNTg2NTY4NDk3RkE1MDk1NUI5RjlDREYzRTI7cGFyZW50Z3VpZD11cm46dG9waWM6MzUxNjJDMEQ5N0YwNDMzM0JDMjEzM0UzOTYzMzI3OTU</classCode><className>Settlements</className></classificationItem><classificationItem score=\"78\"><classCode>STX000108</classCode><className>APPROVALS</className><classCode/><className/></classificationItem><classificationItem score=\"78\"><classCode>ST0009J09</classCode><className>COMMERCIAL LAW</className><classCode/><className/></classificationItem><classificationItem score=\"78\"><classCode>N926110GJ</classCode><className>CONSUMER PROTECTION</className><classCode/><className/></classificationItem><classificationItem score=\"78\"><classCode>STX000426</classCode><className>CREDIT REGULATION</className><classCode/><className/></classificationItem><classificationItem score=\"78\"><classCode>STX000722</classCode><className>FINES &amp; PENALTIES</className><classCode/><className/></classificationItem><classificationItem score=\"78\"><classCode>ST000A4JJ</classCode><className>GUILTY PLEAS</className><classCode>Z3VpZD11cm46dG9waWM6OUFCRjAwOERDM0JGNDQ4QjhEODU0MDYxOUE3QUY2RjM7cGFyZW50Z3VpZD11cm46dG9waWM6Qjc1MDBENkU0ODJCNDQ5MzkxNEFERjkzQTYwODQzRDA</classCode><className>Guilty Pleas</className></classificationItem><classificationItem score=\"77\"><classCode>ST0009J0N</classCode><className>CRIMINAL LAW</className><classCode>Z3VpZD11cm46dG9waWM6NEU0RkE1OUQwNUQwNDgxODhEODZCMjkzOTg3NThBNzk7cGFyZW50Z3VpZD0</classCode><className>Criminal Law &amp; Procedure</className></classificationItem><classificationItem score=\"73\"><classCode>STX001932</classCode><className>CRIME, LAW ENFORCEMENT &amp; CORRECTIONS</className><classCode/><className/></classificationItem><classificationItem score=\"73\"><classCode>STX001149</classCode><className>MISCONDUCT</className><classCode/><className/></classificationItem><classificationItem score=\"73\"><classCode>STX001159</classCode><className>MONEY LAUNDERING</className><classCode>Z3VpZD11cm46dG9waWM6QzBDQzA4NEVCN0Q0NEZCRkEwNjY3Qzk3MDA3NzlCMjU7cGFyZW50Z3VpZD11cm46dG9waWM6NkUzNTQ1QUZBM0Y5NDcyQjk4N0I5Mjg0QzU3NDk0MDI</classCode><className>Money Laundering</className></classificationItem><classificationItem score=\"73\"><classCode>STX001335</classCode><className>PLEA AGREEMENTS</className><classCode/><className/></classificationItem><classificationItem score=\"70\"><classCode>STX000713</classCode><className>FINANCIAL CRIME COUNTERMEASURES</className><classCode/><className/></classificationItem><classificationItem score=\"62\"><classCode>STX000417</classCode><className>COUNTERTERRORISM</className><classCode/><className/></classificationItem><classificationItem score=\"50\"><classCode>STX001710</classCode><className>TERRORISM</className><classCode>Z3VpZD11cm46dG9waWM6ODg4MDhDQ0I2QkY5NDU2Rjg1RDNEREFBODk1Nzg1QTY7cGFyZW50Z3VpZD11cm46dG9waWM6RjgwNUY4MjJCMTg5NDgzRUJBMDQwNkM4NkUyNTJBMEY</classCode><className>Terrorism</className></classificationItem></classification><classification classificationScheme=\"industry\"><classificationItem score=\"92\"><classCode>N520000CC</classCode><className>BANKING &amp; FINANCE</className><classCode/><className/></classificationItem><classificationItem score=\"92\"><classCode>N522110DC</classCode><className>COMMERCIAL BANKING</className><classCode>Z3VpZD11cm46dG9waWM6NDIyQTAxOUNERDI4NDdFNjkyMEFDOTFFM0MwMTQzNjQ7cGFyZW50Z3VpZD11cm46dG9waWM6QjQyMUFCOUJBNURBNEFDREE3MTNCNDk5QkQ4NUM3RjI</classCode><className>Commercial Banks</className></classificationItem><classificationItem score=\"92\"><classCode>ST0009RX6</classCode><classCode/><className/></classificationItem><classificationItem score=\"91\"><classCode>STX001976</classCode><className>SECURITIES &amp; OTHER INVESTMENTS</className><classCode/><className/></classificationItem><classificationItem score=\"90\"><classCode>N926150GC</classCode><className>BANKING &amp; FINANCE REGULATION</className><classCode/><className/></classificationItem><classificationItem score=\"90\"><classCode>N524000CC</classCode><className>INSURANCE</className><classCode/><className/></classificationItem><classificationItem score=\"90\"><classCode>N523110EC</classCode><className>INVESTMENT BANKING</className><classCode/><className/></classificationItem><classificationItem score=\"90\"><classCode>STX001209</classCode><className>NEW ISSUES</className><classCode/><className/></classificationItem><classificationItem score=\"90\"><classCode>ST000A2VZ</classCode><classCode/><className/></classificationItem><classificationItem score=\"78\"><classCode>STX000426</classCode><className>CREDIT REGULATION</className><classCode/><className/></classificationItem><classificationItem score=\"76\"><classCode>N522292GC</classCode><className>MORTGAGE BANKING &amp; FINANCE</className><classCode/><className/></classificationItem><classificationItem score=\"71\"><classCode>N522291CC</classCode><className>CONSUMER LENDING</className><classCode/><className/></classificationItem></classification><classification classificationScheme=\"country\"><classificationItem score=\"91\"><classCode>GR132</classCode><className>MIDDLE EAST</className><classCode/><className/></classificationItem><classificationItem score=\"88\"><classCode>GR106</classCode><className>NORTHERN AFRICA</className><classCode/><className/></classificationItem></classification></classificationGroup></metadata></articleDoc></content></entry>"}