{"prediction_class": "Regulatory Breaches Tax Evasion Smuggling of goods", "prediction_score": "0.86", "name": "Westpac", "title": "FIGHT for the FARM", "published": "1995-08-05T00:00:00Z", "updated": "2020-11-15T19:43:51Z", "cleaned_article": "[TITLE] FIGHT for the FARM [TITLE] \n\nIn an environment where most organisations owe money to banks, serious concerns exist in the farming community about the methods used by banks to deal with claims about their conduct. A major concern among country people is that the banks have allegedly tried to silence the rural sector from criticising them. This includes some farm organisations, politicians and others with deep-seated vested interests. When the banks were selling the offshore loans, their promotional material included currency trend graphs from 1980 to 1984 where the currency trend fluctuations were 10 per cent at worst. Many bank managers were apparently unaware of the true trend of Swiss francs against the Australian dollar. Greater scrutiny would have shown that the exchange rate had fallen steadily from five francs to $1 in 1970 to little more than two francs in 1984. By 1987 the exchange conversion was a little over one franc to $1. Evidence to the Federal House of Representatives banking inquiry in 1991 about the FCL debacle disclosed phone tapping, espionage, suicide, marriage break-ups and bankruptcy. Mr John McLennan, the man who played a large role in the sensational Westpac Letters saga, said at the inquiry that no other lending product in banking history had contained the basic flaws of the offshore loan. Mr McLennan says of 200 cases taken to court out of the total 5000 to 6000 FCLs, only about 12 ended in judgments. Too often, he said, the banks put receivers in which often had the effect of preventing \"good, honest people from defending themselves because once they are in receivership they have no access to funds\".THE Westpac Letters controversy - which arose from correspondence from one of Westpac's law firms, Allen Allen and Hemsley, to Mr Warwick Kent, then head of Westpac's international division - warned Westpac to beware of litigation. Letters tendered to the banking inquiry showed the bank was advised it could be charged with \"fraud, abandonment of its fiduciary relationship with clients, tax evasion and stepping outside statutory regulations of the Reserve Bank of Australia\". Evidence to the inquiry from the Australian Tax Office provided further clues about the foreign currency loans. The inquiry was told three banks allegedly treated the interest income as having a Singapore source and subject to Singapore tax at the rate of 10 per cent and then, according to the ATO, some started claiming tax deductions for FCL bad debts in Australia, even though no income from FCLs was being returned for tax here.", "raw_cleaned_article": "<h2>FIGHT for the FARM</h2><p>In an environment where most organisations owe money to banks, serious concerns exist in the farming community about the methods used by banks to deal with claims about their conduct. A major concern among country people is that the banks have allegedly tried to silence the rural sector from criticising them. This includes some farm organisations, politicians and others with deep-seated vested interests. When the banks were selling the offshore loans, their promotional material included currency trend graphs from 1980 to 1984 where the currency trend fluctuations were 10 per cent at worst. Many bank managers were apparently unaware of the true trend of Swiss francs against the Australian dollar. Greater scrutiny would have shown that the exchange rate had fallen steadily from five francs to $1 in 1970 to little more than two francs in 1984. By 1987 the exchange conversion was a little over one franc to $1. <b>Evidence to the Federal House of Representatives banking inquiry in 1991 about the FCL debacle disclosed phone tapping, espionage, suicide, marriage break-ups and bankruptcy. Mr John McLennan, the man who played a large role in the sensational Westpac Letters saga, said at the inquiry that no other lending product in banking history had contained the basic flaws of the offshore loan. Mr McLennan says of 200 cases taken to court out of the total 5000 to 6000 FCLs, only about 12 ended in judgments. Too often, he said, the banks put receivers in which often had the effect of preventing \"good, honest people from defending themselves because once they are in receivership they have no access to funds\".</b></p><p>[...]</p><p>In an environment where most organisations owe money to banks, serious concerns exist in the farming community about the methods used by banks to deal with claims about their conduct. A major concern among country people is that the banks have allegedly tried to silence the rural sector from criticising them. This includes some farm organisations, politicians and others with deep-seated vested interests. <b>THE Westpac Letters controversy - which arose from correspondence from one of Westpac's law firms, Allen Allen and Hemsley, to Mr Warwick Kent, then head of Westpac's international division - warned Westpac to beware of litigation. Letters tendered to the banking inquiry showed the bank was advised it could be charged with \"fraud, abandonment of its fiduciary relationship with clients, tax evasion and stepping outside statutory regulations of the Reserve Bank of Australia\".</b> Evidence to the inquiry from the Australian Tax Office provided further clues about the foreign currency loans. The inquiry was told three banks allegedly treated the interest income as having a Singapore source and subject to Singapore tax at the rate of 10 per cent and then, according to the ATO, some started claiming tax deductions for FCL bad debts in Australia, even though no income from FCLs was being returned for tax here.</p>", "original_content": "<entry xmlns=\"http://www.w3.org/2005/Atom\"><id>urn:contentItem:49NW-3080-01S8-82CJ-00000-00</id><title>FIGHT for the FARM</title><published>1995-08-05T00:00:00Z</published><updated>2020-11-15T19:43:51Z</updated><author><name>LexisNexis</name></author><content type=\"application/xml\"><!--Transformation version 1.23--><articleDoc xmlns=\"\" xmlns:xsi=\"http://www.w3.org/2001/XMLSchema-instance\" xsi:noNamespaceSchemaLocation=\"http://www.lexisnexis.com/xmlschemas/content/public/articledoc/1/\" schemaVersion=\"1.8\" xml:lang=\"en\"><articleDocHead><itemInfo/></articleDocHead><nitf:body xmlns:nitf=\"http://iptc.org/std/NITF/2006-10-18/\"><nitf:body.head><nitf:hedline><nitf:hl1>FIGHT for the FARM</nitf:hl1></nitf:hedline><nitf:byline>NIGEL AUSTIN</nitf:byline></nitf:body.head><nitf:body.content><bodyText><p nitf:lede=\"true\">Farmers could be poised to unleash a flood of legal claims against banks in the wake of decisive victories in the South-East.</p><p nitf:lede=\"true\">ANDREA and Barry Stringer had no idea what they were getting into when they took out a Foreign Currency Loan in 1986. Barry previously had been a shearer, kept 3000 chooks and share-farmed before buying his first farm near Port Broughton in the 1970s. In 1980, Barry and his wife, Anthea, moved to the safer rainfall area of the South-East and bought the farm which they renamed Merunga Downs near Naracoorte.</p><p nitf:lede=\"true\">The Stringers had banked for many years with the Commonwealth Bank but, in 1985, switched to the ANZ Banking Group. They took out a Foreign Currency Loan (FCL) for $380,000 which eventually blew out to $1.05 million. In June, the bank settled with the Stringers following a lengthy court case and heavy pressure from the Australian Farmers' Fighting Fund. Their debt was written down to $250,000.</p><p>The announcement of the Stringers' settlement with the ANZ Bank on June 15 was hailed throughout the bush as a major win for the farming sector. It followed three years of legal action where the Stringers were funded by the Australian Farmers' Fighting Fund. The Stringers say they could not have fought the case without the backing of the fighting fund.</p><p>The Stringers are among the lucky few who have settled over offshore loans with banks. They say they were not told the full implications of taking out a foreign currency loan. They say they didn't know the loans were risky because foreign currencies could be volatile and they weren't aware they could lose their money. And they say they were not told it was the wrong time to invest in foreign currencies, particularly Swiss francs.</p><p>While a number of farmers have reached settlements of varying acceptability with banks over FCLs and other financial disputes in recent years, most cannot talk publicly because of secrecy agreements.</p><p>But the Stringer settlement and two other well-publicised court decisions in the South-East have dramatically increased the understanding of the tactics used by banks in relation to FCLs and in other disputes.</p><p>Life has changed dramatically for the Copping family, the Stringers and Ken Ferguson, all of the South-East, following their recent court actions. In each case, the families were on the brink of financial ruin but now have a fighting chance of returning to prosperity due to the court decisions in their favor.</p><p>Their cases have demonstrated some of the Australian banking system's inherent problems and pointed to an urgent need for reform and regulation. The three actions have proved how hard it is for ordinary citizens to deal with their banks once disputes arise. Crucially, they have proved that banks can be beaten, and this has given country people a lot of heart.</p><p>In the Copping case, the family took out a Foreign Currency Loan (FCL) in 1984 for $850,000 to refinance their farm at Lucindale. Within two years, the loan had blown out to $1.7 million as the Australian dollar fell dramatically against the Swiss franc. The Copping family was subjected to criticism from their own industry and told that their financial problems were their fault and to fight it themselves.</p><p>Against the odds, they did so and won, achieving a series of precedents along the way.</p><p>The first breakthrough came during their long-running court case, in early 1994, when the ANZ Bank unexpectedly presented them with a cheque for withholding tax they had paid, plus interest since March, 1984.</p><p>The ANZ Bank eventually returned $32 million in withholding tax and interest to 1750 foreign currency loan borrowers throughout Australia.</p><p>It is believed some banks charged clients the withholding tax, payable on money remitted from offshore. But, because they didn't need to pay it to the Australian Tax Office, they kept it themselves. It is understood about $300 million in withholding tax was collected by banks due to FCLs but how much has not been returned to clients is uncertain.</p><p>The next big break for the Copping family came on May 23, 1994, when the Supreme Court awarded them $183,898.62 plus 75 per cent of its costs, against merchant bank ANZ McCaughan Ltd. The decision came one year after the family was forced to sell its remaining interest in the Redbank farm, at Lucindale, after 116 years of ownership.</p><p>The landmark case was the first in which a farmer was successful in court in an FCL case against a bank in SA. It set a legal precedent by showing that banks owe their clients a duty of care in offshore loans.</p><p>Justice Perry, in the Supreme Court, made a finding of \"negligent misstatement\" against the bank and said it had taken advantage of the Copping family to secure an advantage for itself.</p><p>But, despite the favorable ruling, the family of Mr George Copping, who died earlier this year, appealed against another decision disallowing their claim for about $2.4 million in total losses.</p><p>Nearly one year later, on April 25, the Full Court awarded the Coppings capital losses of $850,000 plus interest dating back to 1984, a judgment expected to result in a payout of $1.5 million or more.</p><p>The case will return to court later this month for a judgment about the total amount owing.</p><p>The ANZ has spent an estimated $1.5 million, at least, fighting the case, with damages likely to total another $1.5 million to $2 million.</p><p>Yet, according to the Copping family, if it had settled five years ago, it could have resolved the case for $1 million.</p><p>During the Copping case, it was alleged the ANZ defended its position by using every legal means available. Then, on June 15, the Stringers settled their FCL dispute with the ANZ, which wrote off $800,000 after being pressured by the National Farmers' Federation. The out-of-court settlement followed negotiations between senior ANZ officers and Mr Nobby Clarke, a prominent banker and the chairman of the Australian Farmers Fighting Fund, which was funding the Stringers.</p><p>Soon after the Stringers announced their settlement at a press conference in Canberra, a Penola farmer, Mr Ken Ferguson, had his day in court. A Supreme Court judge last month found that a former local Penola branch manager of the State Bank, now known as BankSA, had forged documents and Mr Ferguson's signature on a $400,000 loan application. The bank is appealing against the decision.</p><p>In another South-East court dispute, uncertainty surrounds the future of prominent South-East farming family Ro and John Ross following a series of actions in the Federal Court in April and May. The Ross family will not comment, saying they cannot discuss the case with anyone.</p><p>However, news of the family's dilemma spread quickly throughout the local community where Mr and Mrs Ross are widely known and respected.</p><p>Mr Ross is the vice-president of the Local Government Association of SA and was until recently president of the South-East Local Government Association; Mrs Ross works several days a week presenting a national rural issues and lifestyle radio program.</p><p>Federal Court documents show Mr and Mrs Ross took legal action on April 28 to prevent the ANZ from selling their property, Glengyle, north of Bordertown, near the Victorian border. The court action between their family company, Glengyle Proprietors Pty Ltd, and the ANZ also sought the discharge of a receiver appointed in March.</p><p>The Federal Court documents show Mr and Mrs Ross applied to the court for an order that the bank was in breach of the Trade Practices Act 1974 \"by having engaged in conduct that is misleading or deceptive or likely to mislead or deceive\". The application claimed the ANZ had agreed to accept $1.2 million from the sale of Nulla station, a property owned by Glengyle in New South Wales in full satisfaction of their outstanding debt.</p><p>Glengyle also sought an injunction restraining the ANZ from proceeding with a notice for the Ross family to vacate Glengyle within seven days from April 24. The Federal Court documents show that on May 10 the court ordered by consent that the Ross family be granted leave to discontinue the proceedings - indicating that a resolution to the dispute was found. The proceedings arose from their initial decision to take out a foreign currency loan (FCL).</p><p>THE foreign currency loan saga is arguably Australia's biggest bank tragedy. It involved an estimated $3 billion in borrowings across Australia, most of which blew out by 100 per cent, taking the total owing to banks to $6 billion. An estimated 5000 to 6000 Australian businesses, including many farmers, were ruined by the ill-conceived loans. Mr Bill de Garis, of Wallace de Garis, the South-East firm handling the Copping case, says if a hospital started a new surgical procedure with the same result, the public would be outraged.</p><p>The complexity of the issue was such that many farmers had nowhere to go to seek help through the 1980s and early '90s. But hopes are rising that the floodgates may be about to open. Following the Stringer case, farm organisations are considering a joint action against one or more banks. It is believed there may be 20 or 30 cases in SA, New South Wales and Victoria involving various banks.</p><p>While banks claim the foreign currency loans were a new product which they knew little about, Mr Don McGauchie, the NFF president, believes the Stringer settlement recognised that banks had a duty to ensure clients were informed of risks associated with loans, especially when the product was new.</p><p>Many of the problems between farmers and banks stem from the attempt by farmers to remain internationally competitive and lower their financing costs in the 1980s. This period coincided with the deregulation of banks when the \"get big or get out\" syndrome existed. The Coppings, Stringers and Mr Ferguson were among those trying to get bigger or lower their business costs.</p><p>In an environment where most organisations owe money to banks, serious concerns exist in the farming community about the methods used by banks to deal with claims about their conduct. A major concern among country people is that the banks have allegedly tried to silence the rural sector from criticising them. This includes some farm organisations, politicians and others with deep-seated vested interests.</p><p>When the banks were selling the offshore loans, their promotional material included currency trend graphs from 1980 to 1984 where the currency trend fluctuations were 10 per cent at worst. Many bank managers were apparently unaware of the true trend of Swiss francs against the Australian dollar. Greater scrutiny would have shown that the exchange rate had fallen steadily from five francs to $1 in 1970 to little more than two francs in 1984. By 1987 the exchange conversion was a little over one franc to $1.</p><p>Evidence to the Federal House of Representatives banking inquiry in 1991 about the FCL debacle disclosed phone tapping, espionage, suicide, marriage break-ups and bankruptcy. Mr John McLennan, the man who played a large role in the sensational Westpac Letters saga, said at the inquiry that no other lending product in banking history had contained the basic flaws of the offshore loan. Mr McLennan says of 200 cases taken to court out of the total 5000 to 6000 FCLs, only about 12 ended in judgments. Too often, he said, the banks put receivers in which often had the effect of preventing \"good, honest people from defending themselves because once they are in receivership they have no access to funds\".</p><p>THE Westpac Letters controversy - which arose from correspondence from one of Westpac's law firms, Allen Allen and Hemsley, to Mr Warwick Kent, then head of Westpac's international division - warned Westpac to beware of litigation. Letters tendered to the banking inquiry showed the bank was advised it could be charged with \"fraud, abandonment of its fiduciary relationship with clients, tax evasion and stepping outside statutory regulations of the Reserve Bank of Australia\".</p><p>Evidence to the inquiry from the Australian Tax Office provided further clues about the foreign currency loans. The inquiry was told three banks allegedly treated the interest income as having a Singapore source and subject to Singapore tax at the rate of 10 per cent and then, according to the ATO, some started claiming tax deductions for FCL bad debts in Australia, even though no income from FCLs was being returned for tax here.</p><p>Westpac was the bank which later suffered the most through its subsidiary, Partnership Pacific Ltd (PPL), where the FCL story was revealed to the inquiry through the Westpac Letters. Allegations heard by the inquiry against PPL included claims it was involved in \"deal switching\" (pooling clients' funds with PPL taking the profits, the customers the losses) and \"profit taking\" (skimming off profits from clients' transactions).</p><p>Mr McLennan, a former Westpac officer who now works as a consultant, says he has settled about 250 cases involving $250 million, which he describes as the \"tip of the iceberg\". He says much of the $6 billion has been lost with very few people getting any money back. Mr McLennan still believes many foreign currency loans did not actually involve offshore transactions. Rather they were simulated or synthetic loans.</p><p>But Mr McLennan claims the banking inquiry swept the subject under the carpet and, as soon as the spotlight went off banks, they resumed their old habits. He claims they are continuing to exploit the legal system, an allegation banks have strenuously denied. \"They disenfranchise people from getting justice through the courts,\" says Mr McLennan. They can afford to run cases for years and people simply run out of money, he says.</p><p>Mr McLennan believes the public spotlight needs to be switched on again to banks. He questions why Australian taxpayers should indirectly subsidise banks to pursue legal cases through vast tax write-offs. Similarly, the public should be able to judge the corporate morality of banks by forcing the inclusion of details about contingent liabilities in their annual reports.</p><p>A spokesperson for the Banking Ombudsman's office admits large problems exist in the prompt lack of redress for customers alleging serious problems with their banks. The only path seems to be through the courts, which is costly and time-consuming. The spokesperson says a major problem is the 21 years it has taken, so far, to get new laws to oversee credit providers. And a banking code of practice will not be brought in until the end of this year. For too many, especially farmers, it will be too late.</p></bodyText></nitf:body.content><nitf:body.end><graphic><nitf:media><caption><p>3 photos (color): john and ro ross; barry stringer; fayeand george copping; BATTLING BACK: John and Ro Ross (top), Barry Stringer(left), and Faye and the late George Copping.; Millard, Russell;O'Brien,Barry</p></caption></nitf:media></graphic></nitf:body.end></nitf:body><metadata><dc:metadata xmlns:dc=\"http://purl.org/dc/elements/1.1/\"><dc:identifier identifierScheme=\"DOC-ID\">ADVSUN-ADV950805201964839</dc:identifier><dc:source sourceScheme=\"royaltyReportingKey\">THEADVERTISERLTD</dc:source><dc:identifier identifierScheme=\"PGUID\">urn:contentItem:49NW-3080-01S8-82CJ-00000-00</dc:identifier><dc:source sourceScheme=\"productContentSetIdentifier\">244790</dc:source><dc:date dateType=\"last-updated\">2020-06-21</dc:date></dc:metadata><wordCount number=\"2412\"/><publicationInfo><publicationName>The Advertiser</publicationName><copyright>Copyright 1995 Nationwide News Pty Limited</copyright><publicationDate day=\"05\" month=\"08\" year=\"1995\"><dateText>August 5, 1995 Saturday</dateText></publicationDate><classification classificationScheme=\"publicationtype\"><classificationItem><className>Newspapers</className></classificationItem></classification></publicationInfo><classification classificationScheme=\"language\"><classificationItem><className>ENGLISH</className></classificationItem></classification><classificationGroup classificationScheme=\"indexing-terms\"><classification classificationScheme=\"company\"><classificationItem score=\"91\"><className>AUSTRALIA &amp; NEW ZEALAND BANKING GROUP LTD\u00a0</className></classificationItem></classification><classification classificationScheme=\"ticker\"><classificationItem score=\"91\"><className>ANZ (NZX)\u00a0</className></classificationItem><classificationItem score=\"91\"><className>\u00a0ANZ (ASX)\u00a0</className></classificationItem></classification><classification classificationScheme=\"industry\"><classificationItem score=\"91\"><className>NAICS524210 INSURANCE AGENCIES &amp; BROKERAGES\u00a0</className></classificationItem><classificationItem score=\"91\"><className>\u00a0NAICS523920 PORTFOLIO MANAGEMENT \u00a0</className></classificationItem><classificationItem score=\"91\"><className>\u00a0NAICS522110 COMMERCIAL BANKING \u00a0</className></classificationItem><classificationItem score=\"91\"><className>\u00a0SIC6411 INSURANCE AGENTS, BROKERS, &amp; SERVICE\u00a0</className></classificationItem><classificationItem score=\"91\"><className>\u00a0SIC6282 INVESTMENT ADVICE \u00a0</className></classificationItem><classificationItem score=\"91\"><className>\u00a0NAICS523920 PORTFOLIO MANAGEMENT\u00a0</className></classificationItem><classificationItem score=\"91\"><className>\u00a0NAICS522110 COMMERCIAL BANKING\u00a0</className></classificationItem><classificationItem score=\"91\"><className>\u00a0SIC6282 INVESTMENT ADVICE\u00a0</className></classificationItem></classification></classificationGroup><classificationGroup classificationScheme=\"indexing-terms\"><classification classificationScheme=\"legal\"><classificationItem><className>Business &amp; Corporate Law</className><classCode>Z3VpZD11cm46dG9waWM6QjA4OEVGODBENzY4NDcxM0IyQzA1OTEwQzVDODRBOUE7cGFyZW50Z3VpZD0</classCode><classificationItem score=\"52\"><className>General Overview</className><classCode>Z3VpZD11cm46dG9waWM6MTNFN0Q2MThFNDk1NDM3MThCQUEwRUI3MEZBNjUzRDk7cGFyZW50Z3VpZD11cm46dG9waWM6RkRCMzhDOUQxOTgwNDA4Q0JENTQyQUQ5MjFCRDNBMUI</classCode></classificationItem></classificationItem></classification><classification classificationScheme=\"subject\"><classificationItem score=\"90\"><classCode>N523930MC</classCode><className>INVESTMENT ADVISERS</className><classCode>Z3VpZD11cm46dG9waWM6ODQ2M0Q5NUExRUZENEY2NDkzMzlDMDVFNjFCNTY3MTQ7cGFyZW50Z3VpZD11cm46dG9waWM6RkFFMTQ3ODhCRDYyNDkyN0IwQkEyQzRCRDlFMEM5ODc</classCode><className>Investment Advisers</className></classificationItem><classificationItem score=\"90\"><classCode>N523920MM</classCode><className>INVESTMENT MANAGEMENT</className><classCode/><className/></classificationItem><classificationItem score=\"90\"><classCode>STX001648</classCode><className>SUITS &amp; CLAIMS</className><classCode/><className/></classificationItem><classificationItem score=\"89\"><classCode>STX000436</classCode><className>CURRENCIES</className><classCode/><className/></classificationItem><classificationItem score=\"78\"><classCode>STX000691</classCode><className>FAMILY</className><classCode/><className/></classificationItem><classificationItem score=\"78\"><classCode>ST0008XMR</classCode><className>LAW &amp; LEGAL SYSTEM</className><classCode/><className/></classificationItem><classificationItem score=\"77\"><classCode>ST000DH0Q</classCode><className>AGREEMENTS</className><classCode/><className/></classificationItem><classificationItem score=\"74\"><classCode>STX001883</classCode><className>DECISIONS &amp; RULINGS</className><classCode/><className/></classificationItem><classificationItem score=\"73\"><classCode>N922110CC</classCode><className>LAW COURTS &amp; TRIBUNALS</className><classCode/><className/></classificationItem><classificationItem score=\"72\"><classCode>STX000751</classCode><className>FOREIGN LENDING</className><classCode/><className/></classificationItem></classification><classification classificationScheme=\"industry\"><classificationItem score=\"92\"><classCode>N520000CC</classCode><className>BANKING &amp; FINANCE</className><classCode/><className/></classificationItem><classificationItem score=\"92\"><classCode>N524200CC</classCode><className>INSURANCE AGENCIES &amp; BROKERAGES</className><classCode/><className/></classificationItem><classificationItem score=\"92\"><classCode>ST0009RX6</classCode><classCode/><className/></classificationItem><classificationItem score=\"90\"><classCode>N524000CC</classCode><className>INSURANCE</className><classCode/><className/></classificationItem><classificationItem score=\"90\"><classCode>N523930MC</classCode><className>INVESTMENT ADVISERS</className><classCode>Z3VpZD11cm46dG9waWM6ODQ2M0Q5NUExRUZENEY2NDkzMzlDMDVFNjFCNTY3MTQ7cGFyZW50Z3VpZD11cm46dG9waWM6RkFFMTQ3ODhCRDYyNDkyN0IwQkEyQzRCRDlFMEM5ODc</classCode><className>Investment Advisers</className></classificationItem><classificationItem score=\"90\"><classCode>N523920MM</classCode><className>INVESTMENT MANAGEMENT</className><classCode/><className/></classificationItem><classificationItem score=\"90\"><classCode>ST000A2VZ</classCode><classCode/><className/></classificationItem><classificationItem score=\"89\"><classCode>STX000436</classCode><className>CURRENCIES</className><classCode/><className/></classificationItem><classificationItem score=\"79\"><classCode>N110000CC</classCode><className>AGRICULTURE, FORESTRY, FISHING &amp; HUNTING</className><classCode/><className/></classificationItem></classification><classification classificationScheme=\"country\"><classificationItem score=\"94\"><classCode>GC301</classCode><className>AUSTRALIA</className><classCode/><className/></classificationItem><classificationItem score=\"79\"><classCode>GC351</classCode><className>NEW ZEALAND</className><classCode/><className/></classificationItem><classificationItem score=\"58\"><classCode>GR156</classCode><className>AUSTRALIA &amp; NEW ZEALAND</className><classCode/><className/></classificationItem></classification></classificationGroup></metadata></articleDoc></content></entry>"}