{"prediction_class": "Money laundering", "prediction_score": "1.0", "name": "Westpac", "title": "GLOBAL BRIEFING: Westpac Pays Record Fine For Laundering Law Breaches", "published": "2020-09-24T00:00:00Z", "updated": "2020-11-15T20:09:13Z", "cleaned_article": "[TITLE] GLOBAL BRIEFING: Westpac Pays Record Fine For Laundering Law Breaches [TITLE] \n\n---------- ---------- Westpac Banking has agreed to pay a record AUD1.3 billion, around USD923 million fine for more than 23 million breaches of money-laundering laws, the bank and regulators announced Thursday. Australia's financial intelligence watchdog, AUSTRAC, said the wrongdoing included Westpac failures to monitor international payments suspected of funding child exploitation. Westpac acknowledged the breaches in a statement submitted Thursday to a federal court, which must now approve the fine, the largest civil penalty in Australian history. The penalty exceeded a provision of USD900 million Westpac budgeted earlier this year to cover the expected penalty. \"I would like to apologise sincerely for the bank's failings,\" Peter King, Westpac's chief executive, said in announcing the agreement. King said Westpac had beefed up its financial crime monitoring capabilities and undertaken a \"reassessment of our culture, governance and accountability\" to prevent future breaches. ---------- The financial arm of Chinese e-commerce titan Alibaba is planning the biggest IPO in history, raising as much as USD35 billion in a joint listing in Hong Kong and Shanghai, a report said Thursday. And in a sign of Ant Group's confidence in the share sale, it will not seek cornerstone investors \u2013 large institutions that agree to hold the stock for an extended time to provide confidence and stability in new listings. The company is looking to raise the cash \u2013 which would be far higher than the USD29 billion chalked up by Saudi Aramco in December \u2013 in a split float between the two Chinese cities, said Bloomberg News, citing unnamed sources. The plan values Ant Group at about USD250 billion, it added. After getting approval from the Shanghai Stock Exchange for a listing last week, the Hangzhou-based firm is now seeking to have a listing hearing with Hong Kong stock exchange as early as next week, with an eye on a debut in October. In its filing in August, Ant said it will use the proceeds to expand cross-border payments and enhance its research-and-development capabilities.", "raw_cleaned_article": "<h2>GLOBAL BRIEFING: Westpac Pays Record Fine For Laundering Law Breaches</h2><p>---------- ---------- <b>Westpac Banking has agreed to pay a record AUD1.3 billion, around USD923 million fine for more than 23 million breaches of money-laundering laws, the bank and regulators announced Thursday. Australia's financial intelligence watchdog, AUSTRAC, said the wrongdoing included Westpac failures to monitor international payments suspected of funding child exploitation. Westpac acknowledged the breaches in a statement submitted Thursday to a federal court, which must now approve the fine, the largest civil penalty in Australian history. The penalty exceeded a provision of USD900 million Westpac budgeted earlier this year to cover the expected penalty. \"I would like to apologise sincerely for the bank's failings,\" Peter King, Westpac's chief executive, said in announcing the agreement. King said Westpac had beefed up its financial crime monitoring capabilities and undertaken a \"reassessment of our culture, governance and accountability\" to prevent future breaches.</b> ---------- The financial arm of Chinese e-commerce titan Alibaba is planning the biggest IPO in history, raising as much as USD35 billion in a joint listing in Hong Kong and Shanghai, a report said Thursday. And in a sign of Ant Group's confidence in the share sale, it will not seek cornerstone investors \u2013 large institutions that agree to hold the stock for an extended time to provide confidence and stability in new listings. The company is looking to raise the cash \u2013 which would be far higher than the USD29 billion chalked up by Saudi Aramco in December \u2013 in a split float between the two Chinese cities, said Bloomberg News, citing unnamed sources. The plan values Ant Group at about USD250 billion, it added. After getting approval from the Shanghai Stock Exchange for a listing last week, the Hangzhou-based firm is now seeking to have a listing hearing with Hong Kong stock exchange as early as next week, with an eye on a debut in October. In its filing in August, Ant said it will use the proceeds to expand cross-border payments and enhance its research-and-development capabilities.</p>", "original_content": "<entry xmlns=\"http://www.w3.org/2005/Atom\"><id>urn:contentItem:60X6-3001-DY4B-C3X1-00000-00</id><title>GLOBAL BRIEFING: Westpac Pays Record Fine For Laundering Law Breaches</title><published>2020-09-24T00:00:00Z</published><updated>2020-11-15T20:09:13Z</updated><author><name>LexisNexis</name></author><content type=\"application/xml\"><!--Transformation version 1.23--><articleDoc xmlns=\"\" xmlns:xsi=\"http://www.w3.org/2001/XMLSchema-instance\" xsi:noNamespaceSchemaLocation=\"http://www.lexisnexis.com/xmlschemas/content/public/articledoc/1/\" schemaVersion=\"1.8\" xml:lang=\"en\"><articleDocHead><itemInfo/></articleDocHead><nitf:body xmlns:nitf=\"http://iptc.org/std/NITF/2006-10-18/\"><nitf:body.head><nitf:hedline><nitf:hl1>GLOBAL BRIEFING: Westpac Pays Record Fine For Laundering Law Breaches</nitf:hl1></nitf:hedline></nitf:body.head><nitf:body.content><bodyText><p nitf:lede=\"true\">(Alliance News) - Here is what you need to know before the European market open on Thursday:</p><p nitf:lede=\"true\">----------</p><p nitf:lede=\"true\">MARKETS</p><p nitf:lede=\"true\">----------</p><p nitf:lede=\"true\">CAC 40: called 0.8% lower at 4,761.9</p><p nitf:lede=\"true\">DAX 30: called 0.8% lower at 12,536.6</p><p nitf:lede=\"true\">FTSE 100: called 0.8% lower at 5,850.6</p><p>----------</p><p>S&amp;P/ASX 200: down 1.0% at 5,863.60</p><p>Hang Seng: down 1.8% at 23,319.54</p><p>Nikkei 225: down 0.8% at 23,164.65</p><p>----------</p><p>DJIA: closed down 525.05 points, 1.9%, at 26,763.13</p><p>Nasdaq Composite: closed down 3.0% at 10,632.98</p><p>S&amp;P 500: closed down 2.4% at 3,236.92</p><p>----------</p><p>EUR: soft at USD1.1657 (USD1.1685)</p><p>GBP: soft at USD1.2717 (USD1.2755)</p><p>USD: firm at JPY105.43 (JPY105.30)</p><p>GOLD: lower at USD1,857.87 per ounce (USD1,868.00)</p><p>OIL (Brent): lower at USD41.36 a barrel (USD42.16)</p><p>(changes since previous London equities close)</p><p>----------</p><p>ECONOMIC CALENDAR</p><p>----------</p><p>South Africa Heritage Day. Financial markets closed</p><p>0830 EDT Canada Payroll employment, earnings &amp; hours</p><p>0800 CEST EU New commercial vehicle registrations</p><p>0845 CEST France Monthly business survey </p><p>1000 CEST Germany Ifo business climate index</p><p>1100 BST UK CBI distributive trades survey </p><p>0830 EDT US Unemployment insurance weekly claims report - initial claims</p><p>1000 EDT US New residential sales</p><p>1000 EDT US Treasury Secretary and Federal Reserve chair testify to Senate committee hearing on quarterly CARES Act report</p><p>1030 EDT US EIA weekly natural gas storage report</p><p>----------</p><p>TOP ECONOMIC NEWS</p><p>----------</p><p>US Secretary of State Mike Pompeo on Wednesday accused China of trying to foment unrest in the US through its criticism of racism. Pompeo, known for his hawkish views on China, went on the attack on Beijing in an unusual address to state lawmakers in Wisconsin, a crucial swing state in November's presidential election. The Chinese Communist Party \"thinks it can drown out American cries for accountability with shouts of racism,\" Pompeo told lawmakers from his Republican Party inside the state Capitol in Madison. \"The CCP wants to foment the kind of strife we've seen in Minneapolis, and Portland and Kenosha,\" he said, referring to three cities that have seen protests over racism and police brutality in recent months.</p><p>----------</p><p>The Trump administration unveiled legislation Wednesday aimed at limiting the liability shield of online services for content they host, the latest in a series of proposals motivated by a backlash against Big Tech platforms. The Justice Department said its proposal seeks to reform a law known as Section 230 which protects internet services from liability from third-party content. \"For too long Section 230 has provided a shield for online platforms to operate with impunity,\" said Attorney General William Barr. \"Ensuring that the internet is a safe, but also vibrant, open and competitive environment is vitally important to America.\" Barr said the bill would make platforms liable if they \"unlawfully censor speech and when they knowingly facilitate criminal activity online.\"</p><p>----------</p><p>Canadian Prime Minister Justin Trudeau unveiled a grand plan Wednesday to address social inequalities laid bare by the coronavirus pandemic and create one million jobs during recovery, while also extending emergency measures for a second wave of Covid-19 that he said could be worse than the first. \"Canada is at a crossroads,\" Trudeau said in a televised address to the nation. \"We're on the brink of a fall that could be much worse than the spring,\" he said, contrasting the more than 1,000 new Covid-19 cases reported on Tuesday with the 47 on March 13, the day Canada went on lockdown. \"In our four biggest provinces, the second wave isn't just starting, it's already underway.\" \"It's all too likely we won't be gathering for Thanksgiving (on October 12), but we still have a shot at Christmas,\" he said.</p><p>----------</p><p>COMPANY CALENDAR</p><p>----------</p><p>Trip.com - Q2 Results</p><p>Costco Wholesale - Q4 Results</p><p>----------</p><p>TOP COMPANY NEWS</p><p>----------</p><p>Westpac Banking has agreed to pay a record AUD1.3 billion, around USD923 million fine for more than 23 million breaches of money-laundering laws, the bank and regulators announced Thursday. Australia's financial intelligence watchdog, AUSTRAC, said the wrongdoing included Westpac failures to monitor international payments suspected of funding child exploitation. Westpac acknowledged the breaches in a statement submitted Thursday to a federal court, which must now approve the fine, the largest civil penalty in Australian history. The penalty exceeded a provision of USD900 million Westpac budgeted earlier this year to cover the expected penalty. \"I would like to apologise sincerely for the bank's failings,\" Peter King, Westpac's chief executive, said in announcing the agreement. King said Westpac had beefed up its financial crime monitoring capabilities and undertaken a \"reassessment of our culture, governance and accountability\" to prevent future breaches.</p><p>----------</p><p>The financial arm of Chinese e-commerce titan Alibaba is planning the biggest IPO in history, raising as much as USD35 billion in a joint listing in Hong Kong and Shanghai, a report said Thursday. And in a sign of Ant Group's confidence in the share sale, it will not seek cornerstone investors \u2013 large institutions that agree to hold the stock for an extended time to provide confidence and stability in new listings. The company is looking to raise the cash \u2013 which would be far higher than the USD29 billion chalked up by Saudi Aramco in December \u2013 in a split float between the two Chinese cities, said Bloomberg News, citing unnamed sources. The plan values Ant Group at about USD250 billion, it added. After getting approval from the Shanghai Stock Exchange for a listing last week, the Hangzhou-based firm is now seeking to have a listing hearing with Hong Kong stock exchange as early as next week, with an eye on a debut in October. In its filing in August, Ant said it will use the proceeds to expand cross-border payments and enhance its research-and-development capabilities.</p><p>----------</p><p>TikTok is urging a federal court to block US President Donald Trump from banning the app, arguing the move is based on election politics rather than legitimate national security concerns. Attorneys are scheduled to argue the case on Thursday before a judge who will decide whether to put Trump's order on hold until a lawsuit over the ban is resolved. A deal to restructure ownership of the popular video app was thrown into doubt Monday when Trump vowed to block any deal that allows its Chinese parent firm to retain any control. The comments raised fresh concerns over a deal that appeared to avert a US-ordered ban of TikTok, which the Trump administration has called a national security risk and has threatened to ban without ownership changes. The deal would make Silicon Valley giant Oracle the data partner for TikTok, with retail giant Walmart also taking a minority stake in a new entity to be called TikTok Global.</p><p>----------</p><p>Major automakers Tesla, Volvo, Ford and Mercedes-Benz have sued the US government over tariffs on Chinese goods, demanding customs duties paid on imports be returned, with interest. The lawsuits, which were filed in recent days in the New York-based Court of International Trade, concern tariffs imposed by the Office of the US Trade Representative on imports from China, which Tesla in its filing called \"arbitrary, capricious, and an abuse of discretion.\"  The duties came amid a wider trade dispute between Washington and Beijing, and the automakers are asking for the tariffs to be revoked and any money paid to import parts returned. Mercedes-Benz in its filing accused Washington of \"prosecution of an unprecedented, unbounded, and unlimited trade war impacting over USD500 billion in imports from the People's Republic of China.\" The German automaker argued that US law \"did not confer authority on defendants to litigate a vast trade war for however long, and by whatever means, they choose.</p><p>----------</p><p>Volkswagen said Wednesday it had signed a deal with prosecutors to compensate former workers at the company's Brazil unit for rights violations committed during the South American country's military dictatorship.Former workers and their families sued the German carmaker five years ago, alleging its Brazilian security office had collaborated with the military regime between 1964 and 1985 to identify suspected opponents, who were then detained and tortured. Under the deal with state and federal prosecutors in Brazil, Volkswagen will pay BRL36 million, around USD6.4 million, in compensation, including BRL16.8 million for workers and their families, plus donations to various projects including a memorial for victims of the regime, it said in a statement.</p><p>----------</p><p>By Dayo Laniyan; <email normalizedValue=\"mailto:dayolaniyan@alliancenews.com\">dayolaniyan@alliancenews.com</email></p></bodyText></nitf:body.content></nitf:body><metadata><dc:metadata xmlns:dc=\"http://purl.org/dc/elements/1.1/\"><dc:identifier identifierScheme=\"DOC-ID\">ALINWS-1600921193916204700</dc:identifier><dc:source sourceScheme=\"royaltyReportingKey\">ALINWS2020</dc:source><dc:identifier identifierScheme=\"PGUID\">urn:contentItem:60X6-3001-DY4B-C3X1-00000-00</dc:identifier><dc:source sourceScheme=\"productContentSetIdentifier\">414547</dc:source><dc:date dateType=\"last-updated\">2020-09-24</dc:date></dc:metadata><wordCount number=\"1443\"/><timeReceived>04:19 AM GMT</timeReceived><publicationInfo><copyright>Copyright 2020 Alliance News Limited All Rights Reserved</copyright><publicationName>Alliance News</publicationName><publicationLogo><logo><inlineObject><locator><locatorKey><keyName name=\"object-key\"/><keyValue value=\"34670\"/></locatorKey><locatorParameters><parameter name=\"object-type\" value=\"201\"/><parameter name=\"object-smi\" value=\"LOGOS\"/><parameter name=\"componentseq\" value=\"1\"/></locatorParameters></locator></inlineObject></logo></publicationLogo><publicationDate day=\"24\" month=\"09\" year=\"2020\"><dateText>September 24, 2020 Thursday</dateText></publicationDate><classification classificationScheme=\"publicationtype\"><classificationItem><className>Web Publication</className></classificationItem></classification><classification classificationScheme=\"publicationtype\"><classificationItem><className>Newswires &amp; Press Releases</className></classificationItem></classification></publicationInfo><classification classificationScheme=\"language\"><classificationItem classificationScheme=\"lang.english\"><className>ENGLISH</className></classificationItem></classification><classificationGroup classificationScheme=\"indexing-terms\"><classification classificationScheme=\"legal\"><classificationItem><className>International Trade Law</className><classCode>Z3VpZD11cm46dG9waWM6RTRDNDkyQ0UwRkRGNEQ0MjgwNzM2NzI3NjlGODE0ODk7cGFyZW50Z3VpZD0</classCode><classificationItem score=\"50\"><className>General Overview</className><classCode>Z3VpZD11cm46dG9waWM6MDYzN0EyREIxMDk0NENCNjlDMzhEQjFFRDlDOTIzNDc7cGFyZW50Z3VpZD11cm46dG9waWM6RTRDNDkyQ0UwRkRGNEQ0MjgwNzM2NzI3NjlGODE0ODk</classCode></classificationItem></classificationItem><classificationItem><className>Securities Law</className><classCode>Z3VpZD11cm46dG9waWM6RkFFMTQ3ODhCRDYyNDkyN0IwQkEyQzRCRDlFMEM5ODc7cGFyZW50Z3VpZD0</classCode><classificationItem score=\"50\"><className>Composition</className><classCode>Z3VpZD11cm46dG9waWM6MkM4NkI4M0M2OUEzNDY3M0E1RjhFMDM5RUNBODAxMkM7cGFyZW50Z3VpZD11cm46dG9waWM6NDIwQjUyMTIwMkE5NDc3Qjk5ODQyMUI1OThGMzk2OTE</classCode></classificationItem></classificationItem></classification><classification classificationScheme=\"subject\"><classificationItem score=\"93\"><classCode>STX001631</classCode><className>STOCK INDEXES</className><classCode/><className/></classificationItem><classificationItem score=\"85\"><classCode>ST0008XKO</classCode><className>BUSINESS CONDITIONS INDEX</className><classCode/><className/></classificationItem><classificationItem score=\"84\"><classCode>N921120CC</classCode><className>LEGISLATIVE BODIES</className><classCode/><className/></classificationItem><classificationItem score=\"84\"><classCode>ST0008X84</classCode><className>US STATE GOVERNMENT</className><classCode>Z3VpZD11cm46dG9waWM6QURCRDNBRjBGRTE0NEFBRUEzNUU1MzFGQjg3MTM4MDI7cGFyZW50Z3VpZD11cm46dG9waWM6MjdEQjE4OUJDMzQxNDNEMEI0RTI1QUFCMzJENjEwRTA</classCode><className>State &amp; Territorial Governments</className></classificationItem><classificationItem score=\"79\"><classCode>N928120MM</classCode><className>STATE DEPARTMENTS &amp; FOREIGN SERVICES</className><classCode/><className/></classificationItem><classificationItem score=\"78\"><classCode>ST000DM8Y</classCode><className>BUSINESS NEWS</className><classCode/><className/></classificationItem><classificationItem score=\"78\"><classCode>ST000DA0C</classCode><className>RACISM &amp; XENOPHOBIA</className><classCode/><className/></classificationItem><classificationItem score=\"77\"><classCode>STX000551</classCode><className>ECONOMIC NEWS</className><classCode/><className/></classificationItem><classificationItem score=\"77\"><classCode>STX000722</classCode><className>FINES &amp; PENALTIES</className><classCode/><className/></classificationItem><classificationItem score=\"77\"><classCode>N920000CC</classCode><className>GOVERNMENT &amp; PUBLIC ADMINISTRATION</className><classCode>Z3VpZD11cm46dG9waWM6MjdEQjE4OUJDMzQxNDNEMEI0RTI1QUFCMzJENjEwRTA7cGFyZW50Z3VpZD11cm46dG9waWM6MUFEMUQ2QTA1OUZCNEE5RjkzNTA2RERFMUNEOTk1RTI</classCode><className>Governments</className></classificationItem><classificationItem score=\"76\"><classCode>N523210MM</classCode><className>STOCK EXCHANGES</className><classCode>Z3VpZD11cm46dG9waWM6M0ZDMDg5MEQ3OTlGNEJCMkI0M0EyM0MwN0E1Njk1MEQ7cGFyZW50Z3VpZD11cm46dG9waWM6NDBGREFBMDgyNTQ0NERFRUI3MEUwNDBFOTM5NDExREI</classCode><className>Stock Exchanges</className></classificationItem><classificationItem score=\"73\"><classCode>STX000950</classCode><className>INTERNATIONAL RELATIONS</className><classCode/><className/></classificationItem><classificationItem score=\"68\"><classCode>STX000340</classCode><className>COMPANY EARNINGS</className><classCode/><className/></classificationItem><classificationItem score=\"68\"><classCode>ST0009ERN</classCode><className>TREASURY DEPARTMENTS</className><classCode/><className/></classificationItem><classificationItem score=\"67\"><classCode>STX000229</classCode><className>BUSINESS CONFIDENCE</className><classCode/><className/></classificationItem><classificationItem score=\"66\"><classCode>ST0009TD5</classCode><className>US REPUBLICAN PARTY</className><classCode/><className/></classificationItem><classificationItem score=\"65\"><classCode>ST000DLOJ</classCode><className>GOVERNMENT ADVISORS &amp; MINISTERS</className><classCode/><className/></classificationItem><classificationItem score=\"65\"><classCode>N813940MM</classCode><className>POLITICAL PARTIES</className><classCode/><className/></classificationItem><classificationItem score=\"65\"><classCode>STX001346</classCode><className>POLITICS</className><classCode/><className/></classificationItem><classificationItem score=\"65\"><classCode>STX001347</classCode><className>POLLS &amp; SURVEYS</className><classCode/><className/></classificationItem><classificationItem score=\"65\"><classCode>STX001712</classCode><className>TESTIMONY</className><classCode>Z3VpZD11cm46dG9waWM6RjdFQTZCOEY3MkQ1NDc3Qzk1OTg3RDAyQjY4OEI3N0U7cGFyZW50Z3VpZD11cm46dG9waWM6MkM5QzgwQzJDRkFDNDUwM0IxQTdBRjUyODFDN0U0Q0Y</classCode><className>Testimony</className></classificationItem><classificationItem score=\"62\"><classCode>ST0008XKI</classCode><className>BUSINESS CLIMATE &amp; CONDITIONS</className><classCode/><className/></classificationItem><classificationItem score=\"61\"><classCode>ST00097WW</classCode><className>UNEMPLOYMENT INSURANCE</className><classCode>Z3VpZD11cm46dG9waWM6MEUyNDQ5RTc4RDI2NDc3Q0I3MUE0OEE2NTA3QjYzRkM7cGFyZW50Z3VpZD11cm46dG9waWM6MTE3QUQwOTA0MUYzNDlCMEFFMjUwRUNDM0RDRkM5QzM</classCode><className>Unemployment Compensation</className></classificationItem><classificationItem score=\"60\"><classCode>STX000246</classCode><className>CAMPAIGNS &amp; ELECTIONS</className><classCode/><className/></classificationItem><classificationItem score=\"60\"><classCode>ST00097CZ</classCode><className>ELECTIONS</className><classCode/><className/></classificationItem><classificationItem score=\"60\"><classCode>STX001371</classCode><className>HEADS OF GOVERNMENT ELECTIONS</className><classCode/><className/></classificationItem><classificationItem score=\"60\"><classCode>ST00097CL</classCode><className>PUBLIC FINANCE AGENCIES &amp; TREASURIES</className><classCode/><className/></classificationItem><classificationItem score=\"50\"><classCode>ST000DOAF</classCode><className>COMMERCIAL VEHICLE LICENSING</className><classCode/><className/></classificationItem><classificationItem score=\"50\"><classCode>STX001212</classCode><className>NEW VEHICLE REGISTRATIONS</className><classCode/><className/></classificationItem></classification><classification classificationScheme=\"industry\"><classificationItem score=\"93\"><classCode>STX001631</classCode><className>STOCK INDEXES</className><classCode/><className/></classificationItem><classificationItem score=\"78\"><classCode>N520000CC</classCode><className>BANKING &amp; FINANCE</className><classCode/><className/></classificationItem><classificationItem score=\"78\"><classCode>ST000DBCO</classCode><className>NATURAL GAS</className><classCode>Z3VpZD11cm46dG9waWM6OTYxNzdCMkVBQkIyNEM2RTk2MDkzQjNEMTg4MzVFRTE7cGFyZW50Z3VpZD11cm46dG9waWM6OUUzODAyRDk1QzVFNEZGMEJDM0RGMDYxOTlEMEEzRDA</classCode><className>Natural Gas Industry</className></classificationItem><classificationItem score=\"77\"><classCode>ST00090O3</classCode><className>BANKING &amp; FINANCE REGULATION &amp; POLICY</className><classCode/><className/></classificationItem><classificationItem score=\"76\"><classCode>N523210MM</classCode><className>STOCK EXCHANGES</className><classCode>Z3VpZD11cm46dG9waWM6M0ZDMDg5MEQ3OTlGNEJCMkI0M0EyM0MwN0E1Njk1MEQ7cGFyZW50Z3VpZD11cm46dG9waWM6NDBGREFBMDgyNTQ0NERFRUI3MEUwNDBFOTM5NDExREI</classCode><className>Stock Exchanges</className></classificationItem><classificationItem score=\"68\"><classCode>ST0009ERN</classCode><className>TREASURY DEPARTMENTS</className><classCode/><className/></classificationItem><classificationItem score=\"61\"><classCode>ST00097WW</classCode><className>UNEMPLOYMENT INSURANCE</className><classCode>Z3VpZD11cm46dG9waWM6MEUyNDQ5RTc4RDI2NDc3Q0I3MUE0OEE2NTA3QjYzRkM7cGFyZW50Z3VpZD11cm46dG9waWM6MTE3QUQwOTA0MUYzNDlCMEFFMjUwRUNDM0RDRkM5QzM</classCode><className>Unemployment Compensation</className></classificationItem><classificationItem score=\"60\"><classCode>STX001198</classCode><className>NATURAL GAS PRODUCTS</className><classCode/><className/></classificationItem><classificationItem score=\"60\"><classCode>ST00097CL</classCode><className>PUBLIC FINANCE AGENCIES &amp; TREASURIES</className><classCode/><className/></classificationItem><classificationItem score=\"50\"><classCode>ST000DOAF</classCode><className>COMMERCIAL VEHICLE LICENSING</className><classCode/><className/></classificationItem><classificationItem score=\"50\"><classCode>N486210MM</classCode><className>NATURAL GAS PIPELINES</className><classCode/><className/></classificationItem><classificationItem score=\"50\"><classCode>STX001212</classCode><className>NEW VEHICLE REGISTRATIONS</className><classCode/><className/></classificationItem><classificationItem score=\"50\"><classCode>ST00096KL</classCode><className>RESIDENTIAL PROPERTY</className><classCode/><className/></classificationItem></classification><classification classificationScheme=\"person\"><classificationItem score=\"67\"><classCode>PE000CTJ0</classCode><className>MIKE POMPEO</className><classCode/><className/></classificationItem></classification><classification classificationScheme=\"city\"><classificationItem score=\"70\"><classCode>GX598</classCode><className>MADISON, WI, USA</className><classCode/><className/></classificationItem><classificationItem score=\"69\"><classCode>GX106</classCode><className>LONDON, ENGLAND</className><classCode/><className/></classificationItem><classificationItem score=\"51\"><classCode>GX071</classCode><className>BEIJING, CHINA</className><classCode/><className/></classificationItem></classification><classification classificationScheme=\"state\"><classificationItem score=\"79\"><classCode>GS139</classCode><className>MINNESOTA, USA</className><classCode/><className/></classificationItem><classificationItem score=\"79\"><classCode>GS165</classCode><className>WISCONSIN, USA</className><classCode/><className/></classificationItem><classificationItem score=\"66\"><classCode>GR203</classCode><className>NORTH CENTRAL CHINA</className><classCode/><className/></classificationItem></classification><classification classificationScheme=\"country\"><classificationItem score=\"93\"><classCode>GC302</classCode><className>CHINA</className><classCode/><className/></classificationItem><classificationItem score=\"93\"><classCode>GC343</classCode><className>UNITED STATES</className><classCode/><className/></classificationItem><classificationItem score=\"79\"><classCode>GT115</classCode><className>EUROPE</className><classCode/><className/></classificationItem><classificationItem score=\"79\"><classCode>GC318</classCode><className>GERMANY</className><classCode/><className/></classificationItem><classificationItem score=\"79\"><classCode>GC329</classCode><className>UNITED KINGDOM</className><classCode/><className/></classificationItem><classificationItem score=\"78\"><classCode>GC317</classCode><className>FRANCE</className><classCode/><className/></classificationItem></classification></classificationGroup></metadata></articleDoc></content></entry>"}