{"prediction_class": "Regulatory Breaches Tax Evasion Smuggling of goods", "prediction_score": "0.92", "name": "Westpac", "title": "CBA sideswiped by rate-rig suit", "published": "2018-01-31T00:00:00Z", "updated": "2020-11-15T20:03:07Z", "cleaned_article": "[TITLE] CBA sideswiped by rate-rig suit [TITLE] \n\nThe legal action blindsided the nation's largest bank, the day after it surprised analysts and investors by naming the \"insider\" Mr Comyn as its incoming boss. Despite a global search, CBA chairman Catherine Livingstone said the current head of the bank's retail division was the best candidate to drive cultural change at the scandal-plagued bank. Outgoing boss Ian Narev brought forward his retirement after anti-money-laundering regulator Austrac alleged the bank had breached the law more than 50,000 times. ASIC's allegations that CBA rigged the bank bill swap rate follow action against ANZ, National Australia Bank and Westpac. ANZ and NAB have settled, agreeing to pay a combined $100 million in penalties. According to papers filed in the Federal Court, ASIC has alleged CBA engaged in unconscionable conduct and market manipulation of the bank bill swap rate on several occasions between January and October 2012. ASIC is seeking to land both financial penalties against CBA and an order requiring the bank to overhaul its compliance program. ASIC has for years been in discussions with CBA over its alleged behaviour relating to the bank bill swap rate, but was forced to launch a legal suit after nearing the statute of limitations for evidence, which prevents legal actions being brought for conduct more than six years old. \"Commonwealth Bank disputes the allegations made by ASIC. As this matter is before the courts, it is not appropriate to comment further at this time,\" CBA said last night. \"Commonwealth Bank has fully co-operated with ASIC's investigation over the last two years.\" A directions hearing has been slated for Friday with judge Jonathan Beach. It comes just as new ASIC chairman James Shipton joins the regulator tomorrow, replacing Greg Medcraft, who left at the end of last year. Mr Medcraft has pushed the regulator to take harsher action against the major banks, striving for court-based outcomes and admissions of guilt from the lenders over the rate -rigging. [...] \n\nAnalysts raised questions about CBA's disclosure of discussions with regulators surrounding the bank bill swap rate. \"Surely this issue was on the 'risk' list in the bank, and should have been disclosed,\" Digital Finance Analytics principal Martin North said. \"If it was not, it should have been. This may once again speak to cultural issues in the organisation. There is clearly much to fix.\" The bank bill swap rate is the reference rate used to price billions of dollars' worth of business loans, mortgage bonds and other securities in the Australian financial system. Before the methodology was changed in 2013, the rate was priced each day during a 10-minute window around 10am. ASIC has alleged traders artificially inflated or lowered the rate to maximise profits and minimise losses. ANZ and NAB, faced with the prospect of a lengthy trial, late last year pulled out moments before the case was due to be heard, each striking a $50 million settlement with the regulator and admitting to a number of attempted misconduct claims. Westpac's decision to break with the rest of the sector and defend itself in court now appears increasingly risky, with transcripts released in December fermenting reputational damage at the country's second-largest bank. The matter is awaiting judgment.Taped conversations between Westpac's star traders including Col \"The Rat\" Roden, Sophie \"The Perfumed Steamroller\" Johnston, and other nicknamed members of the bank's markets division also revealed the identities of CBA's traders, including Garfield \"Bad Kitty\" Lee and Mark \"The Powerful Owl\" Hulme. Bloomberg chat recordings submitted to the court have revealed Mr Lee likening the bank bill market to a \"casino\".", "raw_cleaned_article": "<h2>CBA sideswiped by rate-rig suit</h2><p>The legal action blindsided the nation's largest bank, the day after it surprised analysts and investors by naming the \"insider\" Mr Comyn as its incoming boss. Despite a global search, CBA chairman Catherine Livingstone said the current head of the bank's retail division was the best candidate to drive cultural change at the scandal-plagued bank. Outgoing boss Ian Narev brought forward his retirement after anti-money-laundering regulator Austrac alleged the bank had breached the law more than 50,000 times. <b>ASIC's allegations that CBA rigged the bank bill swap rate follow action against ANZ, National Australia Bank and Westpac. ANZ and NAB have settled, agreeing to pay a combined $100 million in penalties.</b> According to papers filed in the Federal Court, ASIC has alleged CBA engaged in unconscionable conduct and market manipulation of the bank bill swap rate on several occasions between January and October 2012. ASIC is seeking to land both financial penalties against CBA and an order requiring the bank to overhaul its compliance program. ASIC has for years been in discussions with CBA over its alleged behaviour relating to the bank bill swap rate, but was forced to launch a legal suit after nearing the statute of limitations for evidence, which prevents legal actions being brought for conduct more than six years old. \"Commonwealth Bank disputes the allegations made by ASIC. As this matter is before the courts, it is not appropriate to comment further at this time,\" CBA said last night. \"Commonwealth Bank has fully co-operated with ASIC's investigation over the last two years.\" A directions hearing has been slated for Friday with judge Jonathan Beach. It comes just as new ASIC chairman James Shipton joins the regulator tomorrow, replacing Greg Medcraft, who left at the end of last year. Mr Medcraft has pushed the regulator to take harsher action against the major banks, striving for court-based outcomes and admissions of guilt from the lenders over the rate -rigging.</p><p>[...]</p><p>Analysts raised questions about CBA's disclosure of discussions with regulators surrounding the bank bill swap rate. \"Surely this issue was on the 'risk' list in the bank, and should have been disclosed,\" Digital Finance Analytics principal Martin North said. \"If it was not, it should have been. This may once again speak to cultural issues in the organisation. There is clearly much to fix.\" The bank bill swap rate is the reference rate used to price billions of dollars' worth of business loans, mortgage bonds and other securities in the Australian financial system. Before the methodology was changed in 2013, the rate was priced each day during a 10-minute window around 10am. ASIC has alleged traders artificially inflated or lowered the rate to maximise profits and minimise losses. ANZ and NAB, faced with the prospect of a lengthy trial, late last year pulled out moments before the case was due to be heard, each striking a $50 million settlement with the regulator and admitting to a number of attempted misconduct claims. <b>Westpac's decision to break with the rest of the sector and defend itself in court now appears increasingly risky, with transcripts released in December fermenting reputational damage at the country's second-largest bank. The matter is awaiting judgment.</b></p><p>[...]</p><p>Analysts raised questions about CBA's disclosure of discussions with regulators surrounding the bank bill swap rate. \"Surely this issue was on the 'risk' list in the bank, and should have been disclosed,\" Digital Finance Analytics principal Martin North said. \"If it was not, it should have been. This may once again speak to cultural issues in the organisation. There is clearly much to fix.\" The bank bill swap rate is the reference rate used to price billions of dollars' worth of business loans, mortgage bonds and other securities in the Australian financial system. Before the methodology was changed in 2013, the rate was priced each day during a 10-minute window around 10am. ASIC has alleged traders artificially inflated or lowered the rate to maximise profits and minimise losses. <b>Taped conversations between Westpac's star traders including Col \"The Rat\" Roden, Sophie \"The Perfumed Steamroller\" Johnston, and other nicknamed members of the bank's markets division also revealed the identities of CBA's traders, including Garfield \"Bad Kitty\" Lee and Mark \"The Powerful Owl\" Hulme. Bloomberg chat recordings submitted to the court have revealed Mr Lee likening the bank bill market to a \"casino\".</b></p>", "original_content": "<entry xmlns=\"http://www.w3.org/2005/Atom\"><id>urn:contentItem:5RHY-FPW1-JD3N-53VC-00000-00</id><title>CBA sideswiped by rate-rig suit</title><published>2018-01-31T00:00:00Z</published><updated>2020-11-15T20:03:07Z</updated><author><name>LexisNexis</name></author><content type=\"application/xml\"><!--Transformation version 1.23--><articleDoc xmlns=\"\" xmlns:xsi=\"http://www.w3.org/2001/XMLSchema-instance\" xsi:noNamespaceSchemaLocation=\"http://www.lexisnexis.com/xmlschemas/content/public/articledoc/1/\" schemaVersion=\"1.8\" xml:lang=\"en\"><articleDocHead><itemInfo><sourceSectionInfo><positionSection>BUSINESS</positionSection><positionSequence>Pg. 17</positionSequence></sourceSectionInfo></itemInfo></articleDocHead><nitf:body xmlns:nitf=\"http://iptc.org/std/NITF/2006-10-18/\"><nitf:body.head><nitf:hedline><nitf:hl1>CBA sideswiped by rate-rig suit</nitf:hl1></nitf:hedline><nitf:byline><author><person><nameText>Michael Roddan</nameText></person></author></nitf:byline></nitf:body.head><nitf:body.content><bodyText><p nitf:lede=\"true\">Commonwealth Bank faces a fresh crisis just a day after naming a new chief executive, with the corporate watchdog launching an explosive Federal Court suit against the bank over claims it rigged a key interest rate benchmark.</p><p nitf:lede=\"true\">In a new test for incoming chief executive Matt Comyn, who promised to overhaul CBA's culture following a string of high-profile scandals, the bank said it \"disputes the allegations\" brought against it by the Australian Securities &amp; Investments Commission, suggesting the lender plans to fight the claim in court.</p><p nitf:lede=\"true\">The legal action blindsided the nation's largest bank, the day after it surprised analysts and investors by naming the \"insider\" Mr Comyn as its incoming boss. Despite a global search, CBA chairman Catherine Livingstone said the current head of the bank's retail division was the best candidate to drive cultural change at the scandal-plagued bank.</p><p>Outgoing boss Ian Narev brought forward his retirement after anti-money-laundering regulator Austrac alleged the bank had breached the law more than 50,000 times.</p><p>ASIC's allegations that CBA rigged the bank bill swap rate follow action against ANZ, National Australia Bank and Westpac. ANZ and NAB have settled, agreeing to pay a combined $100 million in penalties.</p><p>According to papers filed in the Federal Court, ASIC has alleged CBA engaged in unconscionable conduct and market manipulation of the bank bill swap rate on several occasions between January and October 2012. ASIC is seeking to land both financial penalties against CBA and an order requiring the bank to overhaul its compliance program. ASIC has for years been in discussions with CBA over its alleged behaviour relating to the bank bill swap rate, but was forced to launch a legal suit after nearing the statute of limitations for evidence, which prevents legal actions being brought for conduct more than six years old.</p><p>\"Commonwealth Bank disputes the allegations made by ASIC. As this matter is before the courts, it is not appropriate to comment further at this time,\" CBA said last night. \"Commonwealth Bank has fully co-operated with ASIC's investigation over the last two years.\" A directions hearing has been slated for Friday with judge Jonathan Beach. It comes just as new ASIC chairman James Shipton joins the regulator tomorrow, replacing Greg Medcraft, who left at the end of last year. Mr Medcraft has pushed the regulator to take harsher action against the major banks, striving for court-based outcomes and admissions of guilt from the lenders over the rate -rigging.</p><p>The case adds to the already-intense workload for Mr Comyn, who also must deal with the banking regulator's investigation into CBA's governance and culture, the government's banking royal commission, the Austrac Federal Court case, a shareholder class -action over the same issue, an ASIC investigation into the bank's disclosure practices, and a slew of other inquiries and government reviews.</p><p>Analysts raised questions about CBA's disclosure of discussions with regulators surrounding the bank bill swap rate. \"Surely this issue was on the 'risk' list in the bank, and should have been disclosed,\" Digital Finance Analytics principal Martin North said. \"If it was not, it should have been. This may once again speak to cultural issues in the organisation. There is clearly much to fix.\" The bank bill swap rate is the reference rate used to price billions of dollars' worth of business loans, mortgage bonds and other securities in the Australian financial system. Before the methodology was changed in 2013, the rate was priced each day during a 10-minute window around 10am. ASIC has alleged traders artificially inflated or lowered the rate to maximise profits and minimise losses.</p><p>ANZ and NAB, faced with the prospect of a lengthy trial, late last year pulled out moments before the case was due to be heard, each striking a $50 million settlement with the regulator and admitting to a number of attempted misconduct claims.</p><p>Westpac's decision to break with the rest of the sector and defend itself in court now appears increasingly risky, with transcripts released in December fermenting reputational damage at the country's second-largest bank. The matter is awaiting judgment.</p><p>Taped conversations between Westpac's star traders including Col \"The Rat\" Roden, Sophie \"The Perfumed Steamroller\" Johnston, and other nicknamed members of the bank's markets division also revealed the identities of CBA's traders, including Garfield \"Bad Kitty\" Lee and Mark \"The Powerful Owl\" Hulme. Bloomberg chat recordings submitted to the court have revealed Mr Lee likening the bank bill market to a \"casino\".</p><p>ASIC has claimed CBA traders on three specific occasions manipulated the bank bill swap rate, far fewer than the 50 allegations against NAB and the 44 breaches by ANZ. Westpac is defending 16 allegations it rigged the rate.</p><p>It is alleged CBA engaged in unconscionable conduct, sold products priced off the BBSW without disclosing its trading practices. ASIC has claimed CBA's trading created an artificial price for some of these products.</p><p>The regulator has already claimed five scalps over allegations banks were rigging the bank bill swap rate - a key interest rate benchmark in the financial system. Along with ANZ and NAB, the Royal Bank of Scotland paid $1.6 million to clear up allegations from ASIC. That followed Swiss giant UBS and France's BNP Paribas both paying $1m over the bank bill swap rate scandal. NAB and ANZ have agreed to three-year enforceable undertakings with ASIC under which they will -appoint independent experts to overhaul their bank bill trading practices.</p><p>RICHARD GLUYAS P21ROBERT GOTTLIEBSEN P21</p></bodyText></nitf:body.content></nitf:body><metadata><dc:metadata xmlns:dc=\"http://purl.org/dc/elements/1.1/\"><dc:identifier identifierScheme=\"DOC-ID\">THEAUS-TheAustralian20180131Australian217000358709296</dc:identifier><dc:source sourceScheme=\"royaltyReportingKey\">THEAUS2018</dc:source><dc:identifier identifierScheme=\"PGUID\">urn:contentItem:5RHY-FPW1-JD3N-53VC-00000-00</dc:identifier><dc:source sourceScheme=\"productContentSetIdentifier\">244777</dc:source><dc:date dateType=\"last-updated\">2018-02-03</dc:date></dc:metadata><wordCount number=\"942\"/><publicationInfo><copyright>Copyright 2018 Nationwide News Pty Limited All Rights Reserved</copyright><publicationName>The Australian</publicationName><edition>Australian2 Edition</edition><publicationDate day=\"31\" month=\"01\" year=\"2018\"><dateText>January 31, 2018 Wednesday</dateText></publicationDate><classification classificationScheme=\"publicationtype\"><classificationItem><className>Newspaper</className></classificationItem></classification><classification classificationScheme=\"publicationtype\"><classificationItem><className>Newspapers</className></classificationItem></classification></publicationInfo><classification classificationScheme=\"language\"><classificationItem classificationScheme=\"lang.english\"><className>ENGLISH</className></classificationItem></classification><classificationGroup classificationScheme=\"indexing-terms\"><classification classificationScheme=\"company\"><classificationItem score=\"91\"><classCode>CC0001V19</classCode><className>NATIONAL AUSTRALIA BANK LTD</className></classificationItem></classification><classification classificationScheme=\"ticker\"><classificationItem score=\"91\"><className>NAB (ASX)</className></classificationItem></classification></classificationGroup><classificationGroup classificationScheme=\"indexing-terms\"><classification classificationScheme=\"subject\"><classificationItem score=\"90\"><classCode>N922110CC</classCode><className>LAW COURTS &amp; TRIBUNALS</className><classCode/><className/></classificationItem><classificationItem score=\"90\"><classCode>ST000D1BY</classCode><className>EXECUTIVES</className><classCode/><className/></classificationItem><classificationItem score=\"90\"><classCode>STX000943</classCode><className>INTEREST RATES</className><classCode/><className/></classificationItem><classificationItem score=\"90\"><classCode>STX000668</classCode><className>EXECUTIVE MOVES</className><classCode/><className/></classificationItem><classificationItem score=\"90\"><classCode>STX001648</classCode><className>SUITS &amp; CLAIMS</className><classCode/><className/></classificationItem><classificationItem score=\"90\"><classCode>STX001040</classCode><className>LITIGATION</className><classCode/><className/></classificationItem><classificationItem score=\"89\"><classCode>ST000DLX8</classCode><className>BUSINESS INVESTIGATIONS</className><classCode/><className/></classificationItem><classificationItem score=\"89\"><classCode>ST000CTIZ</classCode><className>SCANDALS</className><classCode/><className/></classificationItem><classificationItem score=\"89\"><classCode>STX000969</classCode><className>INVESTIGATIONS</className><classCode/><className/></classificationItem><classificationItem score=\"78\"><classCode>ST000A4CY</classCode><className>BANKING &amp; FINANCE REGULATORY COMPLIANCE</className><classCode/><className/></classificationItem><classificationItem score=\"78\"><classCode>N926150GC</classCode><className>BANKING &amp; FINANCE REGULATION</className><classCode/><className/></classificationItem><classificationItem score=\"78\"><classCode>STX001149</classCode><className>MISCONDUCT</className><classCode/><className/></classificationItem><classificationItem score=\"78\"><classCode>STX000984</classCode><className>JUDGES</className><classCode>Z3VpZD11cm46dG9waWM6OTg1QUIzNkIwNzk5NDQ4NzhGMDdDQjVGNEYyRjY5OTI7cGFyZW50Z3VpZD11cm46dG9waWM6NURENzJGNTEyQzM0NEREQUI2RkVCRTM4RTc1RTZBREU</classCode><className>Judges</className></classificationItem><classificationItem score=\"73\"><classCode>STX001559</classCode><className>SHAREHOLDER LAWSUITS</className><classCode/><className/></classificationItem><classificationItem score=\"73\"><classCode>STX001629</classCode><className>STATUTE OF LIMITATIONS</className><classCode>Z3VpZD11cm46dG9waWM6OUMyNDcyQTZEN0MxNDEzMEI0RDFFOTYwOTFFQjRDNzE7cGFyZW50Z3VpZD11cm46dG9waWM6Q0M3QUYzNjlBN0UzNEVBMDk4OEIyMzdBMDlGQzA2RjI</classCode><className>Statute of Limitations</className></classificationItem><classificationItem score=\"73\"><classCode>STX000713</classCode><className>FINANCIAL CRIME COUNTERMEASURES</className><classCode/><className/></classificationItem><classificationItem score=\"72\"><classCode>STX000722</classCode><className>FINES &amp; PENALTIES</className><classCode/><className/></classificationItem><classificationItem score=\"71\"><classCode>ST000CEAQ</classCode><className>ADMISSIONS &amp; CONFESSIONS</className><classCode/><className/></classificationItem><classificationItem score=\"71\"><classCode>STX001159</classCode><className>MONEY LAUNDERING</className><classCode>Z3VpZD11cm46dG9waWM6QzBDQzA4NEVCN0Q0NEZCRkEwNjY3Qzk3MDA3NzlCMjU7cGFyZW50Z3VpZD11cm46dG9waWM6NkUzNTQ1QUZBM0Y5NDcyQjk4N0I5Mjg0QzU3NDk0MDI</classCode><className>Money Laundering</className></classificationItem></classification><classification classificationScheme=\"industry\"><classificationItem score=\"90\"><classCode>STX000943</classCode><className>INTEREST RATES</className><classCode/><className/></classificationItem><classificationItem score=\"90\"><classCode>STX001661</classCode><className>SWAP TRANSACTIONS</className><classCode/><className/></classificationItem><classificationItem score=\"89\"><classCode>ST0009RX6</classCode><classCode/><className/></classificationItem><classificationItem score=\"89\"><classCode>N520000CC</classCode><className>BANKING &amp; FINANCE</className><classCode/><className/></classificationItem><classificationItem score=\"78\"><classCode>ST000A4CY</classCode><className>BANKING &amp; FINANCE REGULATORY COMPLIANCE</className><classCode/><className/></classificationItem><classificationItem score=\"78\"><classCode>N926150GC</classCode><className>BANKING &amp; FINANCE REGULATION</className><classCode/><className/></classificationItem><classificationItem score=\"73\"><classCode>ST00092XN</classCode><className>RETAIL BANKING</className><classCode/><className/></classificationItem></classification><classification classificationScheme=\"country\"><classificationItem score=\"92\"><classCode>GC301</classCode><className>AUSTRALIA</className><classCode/><className/></classificationItem></classification></classificationGroup></metadata></articleDoc></content></entry>"}