{"prediction_class": "Regulatory Breaches Tax Evasion Smuggling of goods", "prediction_score": "0.99", "name": "Westpac", "title": "Jail time for rate riggers", "published": "2016-10-03T00:00:00Z", "updated": "2020-11-15T19:52:29Z", "cleaned_article": "[TITLE] Jail time for rate riggers [TITLE] \n\nThe federal government will introduce criminal penalties and new regulations to prevent the manipulation of the bank bill swap rate, an alleged practice which precipitated calls earlier this year for a royal commission into banks.Treasurer Scott Morrison said the laws - the fifth move by the government since April to stave off a royal commission - \"will ensure that past egregious conduct by the banks in manipulating benchmarks is prevented in the future\".A decision by the Australian Securities and Investments Commission in April to pursue Westpac for alleged rigging of the BBSW led Prime Minister Malcolm Turnbull to give the banks a blast and for Mr Shorten to declare a line had been crossed and demand a royal commission. Three of the big four banks - Westpac, NAB and ANZ - are now being pursued by ASIC in the courts over unconscionable conduct and manipulating the BBSW between 2010 and 2012. The banks are fighting ASIC and have not admitted any wrongdoing.The new penalties and regulations were recommended by the Council of Financial Regulators, comprising the Reserve Bank of Australia, the Australian Prudential Regulation Authority, ASIC and Treasury. The laws, to come into force on January 1, 2018, will be unveiled on Tuesday and coincide with the first of three days of grilling of bank chief executives by Parliament's House of Representatives Economics Committee. Criminal offence The       \u00a0    BBSW is a key benchmark interest rate used to price billions of dollars of bills, bonds, loans and derivatives.Under the changes, it will become a specific criminal and civic offence, with jail sentences, to manipulate any financial benchmark or financial product used to determine a financial benchmark in Australia. ", "raw_cleaned_article": "<h2>Jail time for rate riggers</h2><p><b>The federal government will introduce criminal penalties and new regulations to prevent the manipulation of the bank bill swap rate, an alleged practice which precipitated calls earlier this year for a royal commission into banks.Treasurer Scott Morrison said the laws - the fifth move by the government since April to stave off a royal commission - \"will ensure that past egregious conduct by the banks in manipulating benchmarks is prevented in the future\".A decision by the Australian Securities and Investments Commission in April to pursue Westpac for alleged rigging of the BBSW led Prime Minister Malcolm Turnbull to give the banks a blast and for Mr Shorten to declare a line had been crossed and demand a royal commission. Three of the big four banks - Westpac, NAB and ANZ - are now being pursued by ASIC in the courts over unconscionable conduct and manipulating the BBSW between 2010 and 2012. The banks are fighting ASIC and have not admitted any wrongdoing.The new penalties and regulations were recommended by the Council of Financial Regulators, comprising the Reserve Bank of Australia, the Australian Prudential Regulation Authority, ASIC and Treasury. The laws, to come into force on January 1, 2018, will be unveiled on Tuesday and coincide with the first of three days of grilling of bank chief executives by Parliament's House of Representatives Economics Committee. Criminal offence The       \u00a0    BBSW is a key benchmark interest rate used to price billions of dollars of bills, bonds, loans and derivatives.Under the changes, it will become a specific criminal and civic offence, with jail sentences, to manipulate any financial benchmark or financial product used to determine a financial benchmark in Australia. </b></p>", "original_content": "<entry xmlns=\"http://www.w3.org/2005/Atom\"><id>urn:contentItem:5KVN-0G61-DY19-C4PY-00000-00</id><title>Jail time for rate riggers</title><published>2016-10-03T00:00:00Z</published><updated>2020-11-15T19:52:29Z</updated><author><name>LexisNexis</name></author><content type=\"application/xml\"><!--Transformation version 1.23--><articleDoc xmlns=\"\" xmlns:xsi=\"http://www.w3.org/2001/XMLSchema-instance\" xsi:noNamespaceSchemaLocation=\"http://www.lexisnexis.com/xmlschemas/content/public/articledoc/1/\" schemaVersion=\"1.8\" xml:lang=\"en\"><articleDocHead><itemInfo/></articleDocHead><nitf:body xmlns:nitf=\"http://iptc.org/std/NITF/2006-10-18/\"><nitf:body.head><nitf:hedline><nitf:hl1>Jail time for rate riggers</nitf:hl1></nitf:hedline><nitf:byline><author><person><nameText>Phillip Coorey</nameText></person></author></nitf:byline></nitf:body.head><nitf:body.content><bodyText><p nitf:lede=\"true\">The federal government will introduce criminal penalties and new regulations to prevent the manipulation of the bank bill swap rate, an alleged practice which precipitated calls earlier this year for a royal commission into banks.Treasurer Scott Morrison said the laws - the fifth move by the government since April to stave off a royal commission - \"will ensure that past egregious conduct by the banks in manipulating benchmarks is prevented in the future\".A decision by the Australian Securities and Investments Commission in April to pursue Westpac for alleged rigging of the BBSW led<url normalizedValue=\"http://www.afr.com/news/politics/labor-flags-royal-commission-into-banks-20160407-go0lsh\"> Prime Minister Malcolm Turnbull to give the banks a blast and for Mr Shorten to declare a line had been crossed </url>and demand a royal commission. Three of the big four banks - Westpac, NAB and ANZ - are now being pursued by ASIC in the courts over unconscionable conduct and manipulating the BBSW between 2010 and 2012. The banks are fighting ASIC and have not admitted any wrongdoing.The new penalties and regulations were recommended by the Council of Financial Regulators, comprising the Reserve Bank of Australia, the Australian Prudential Regulation Authority, ASIC and Treasury. The laws, to come into force on January 1, 2018, will be unveiled on Tuesday and coincide with the first of three days of grilling of bank chief executives by Parliament's House of Representatives Economics Committee. Criminal offence The       \u00a0    <url normalizedValue=\"http://www.afr.com/business/banking-and-finance/financial-services/the-day-bbsw-got-the-green-light-20160520-gozk80\">BBSW</url> is a key benchmark interest rate used to price billions of dollars of bills, bonds, loans and derivatives.Under the changes, it will become a specific criminal and civic offence, with jail sentences, to manipulate any financial benchmark or financial product used to determine a financial benchmark in Australia. </p><p>The offence will apply whether the manipulation is done domestically or abroad.Criminal acts will include making false or misleading statements or engaging in dishonest conduct in relation to determining a BBSW or other benchmark.As well, administrators of the BBSW and other significant financial benchmarks will be required to hold a new Benchmark Administration Licence issued by ASIC, and ASIC will be empowered to set enforceable rules for both the administrators of benchmarks and for entities such as banks that make submissions to such benchmarks.Other \"significant benchmarks\" to be included in the new laws are the S&amp;P/ASX 200 Index, the cash rate, the consumer price index, and the ASX bond futures settlement price.A significant issue over the past year has been the lack of trading and liquidity behind BBSW since the ASIC investigations began. Few want to go near it for fear of being investigated, putting the index in limbo.Since the clamour for a royal commission began six months ago, the government has fought back by boosting the powers and resources of ASIC, promising to establish an independent grievances tribunal for people who feel they have been wronged by banks, commissioning Small Business Ombudsman Kate Carnell to inquire into specific instances of bank misbehaviour, and setting up the annual parliamentary committee hearings.\"These measured changes will build on the steps that the Turnbull Government is already taking to strengthen our banking and financial system including strengthening ASIC's resources and capabilities and the establishment of a regular parliamentary inquiry into Australia's banking and financial system,\" Mr Morrison said of the new BBSW laws. Attempt to ward off royal commission On Monday, Labor leader Bill Shorten dismissed the Parliamentary hearings, to be conducted annually, as another attempt to ward off a royal commission. Prime Minister Malcolm Turnbull insisted they would drive cultural change in the banking sector and that a royal commission was not needed.The Commonwealth Bank's CEO Ian Narev, is scheduled to appear before the House Economics Committee at 2pm on Tuesday. The ANZ's CEO Shayne Elliott will appear at 9.15am on Wednesday, while the NAB's Andrew Thorburn will appear on Thursday morning and Westpac's Brian Hartzer on Thursday afternoon.Labor MP and member of the House Economics Committee Matt Thistlethwaite said he had fresh information from whistleblowers concerning unethical behaviour in the banking industry relating to the sale of insurance products and financial advice.Mr Thistlethwaite told Guardian Australia he would demonstrate that scandals and unethical behaviour were still occurring in the banking industry, that customers were \"still being ripped off\" and a royal commission was needed to recommend reforms to government.Mr Shorten said Labor would never give up on a royal commission and a committee appearances would not address the \"pathology\" in the banking sector.\"The only reason that the CEOs of the big banks are attending Canberra to a committee meeting is because Malcolm Turnbull has an absolute obsession about stopping a royal commission.\" Culture of accountability Mr Turnbull disagreed: \"It is very important to have a change to the culture of accountability so that appearance before the people's representatives, in the people's house in Canberra, is part of the banking calendar. This is going to be a very important way of ensuring greater accountability.\"Committee chair and Liberal Mr David Coleman said the recent decision by the banks to not pass on in full a RBA rate cut raised the issue of a greater need for competition in the sector. The hearings would probe giving customers more access to their data to enable them to change banks more easily.\"What that means is a consumer could go to bank \"X\", here's my transaction history with bank \"Y\", here's what I've done as a banking client in the past, open up that data make it easier for the consumer to switch accounts, and should lead to better outcomes for consumers,\" he said.It would also probe the capacity for customers to seek redress \" when things go wrong in the banking system\". This would include looking at the new grievances tribunal.Mr Coleman said non-monetary defaults, currently being examined by Ms Carnell, would be raised.<emphasis typeStyle=\"bf\">-with Primrose Riordan</emphasis></p></bodyText></nitf:body.content></nitf:body><metadata><dc:metadata xmlns:dc=\"http://purl.org/dc/elements/1.1/\"><dc:identifier identifierScheme=\"DOC-ID\">AFRONL-1014182309</dc:identifier><dc:source sourceScheme=\"royaltyReportingKey\">AFRONL2016</dc:source><dc:identifier identifierScheme=\"PGUID\">urn:contentItem:5KVN-0G61-DY19-C4PY-00000-00</dc:identifier><dc:source sourceScheme=\"productContentSetIdentifier\">429670</dc:source><dc:date dateType=\"last-updated\">2016-10-08</dc:date></dc:metadata><wordCount number=\"1013\"/><timeReceived>09:04 PM GMT</timeReceived><publicationInfo><copyright>Copyright 2016 Fairfax Media Publications Pty. Limited All Rights Reserved</copyright><publicationName>AFR Online</publicationName><publicationDate day=\"03\" month=\"10\" year=\"2016\"><dateText>October 3, 2016 Monday</dateText></publicationDate><classification classificationScheme=\"publicationtype\"><classificationItem><className>Web Publication</className></classificationItem></classification><classification classificationScheme=\"publicationtype\"><classificationItem><className>Industry Trade Press</className></classificationItem></classification></publicationInfo><classification classificationScheme=\"language\"><classificationItem classificationScheme=\"lang.english\"><className>ENGLISH</className></classificationItem></classification><classificationGroup classificationScheme=\"indexing-terms\"><classification classificationScheme=\"company\"><classificationItem score=\"55\"><classCode>CC00070OW</classCode><className>RESERVE BANK OF AUSTRALIA</className></classificationItem></classification></classificationGroup><classificationGroup classificationScheme=\"licensor.indexing-terms\"><classification classificationScheme=\"licensor.subject\"><classificationItem><className>Politics</className></classificationItem></classification></classificationGroup><classificationGroup classificationScheme=\"indexing-terms\"><classification classificationScheme=\"legal\"><classificationItem><className>Banking Law</className><classCode>Z3VpZD11cm46dG9waWM6QjQyMUFCOUJBNURBNEFDREE3MTNCNDk5QkQ4NUM3RjI7cGFyZW50Z3VpZD0</classCode><classificationItem score=\"50\"><className>Loans</className><classCode>Z3VpZD11cm46dG9waWM6RDI5M0E4NDRFRTc0NDQ2N0JGODJGNkQyMUZBQjgyMDg7cGFyZW50Z3VpZD11cm46dG9waWM6MDJDQjg1RTk0N0RFNEQ3MkJGRTk2OUZDMEZBN0QzOTA</classCode></classificationItem></classificationItem></classification><classification classificationScheme=\"subject\"><classificationItem score=\"90\"><classCode>N926150GC</classCode><className>BANKING &amp; FINANCE REGULATION</className><classCode/><className/></classificationItem><classificationItem score=\"90\"><classCode>N921120CC</classCode><className>LEGISLATIVE BODIES</className><classCode/><className/></classificationItem><classificationItem score=\"90\"><classCode>STX000037</classCode><className>AGENCY RULEMAKING</className><classCode>Z3VpZD11cm46dG9waWM6QkRFNDkwODkxNDVGNDI1NDg0RUU3RjREMTgwNEJEQzA7cGFyZW50Z3VpZD11cm46dG9waWM6NjMxMjc0MUIzQjkzNEM4MEI4NkZGQjVCREJCRDk4OUM</classCode><className>Agency Rulemaking</className></classificationItem><classificationItem score=\"89\"><classCode>STX000943</classCode><className>INTEREST RATES</className><classCode/><className/></classificationItem><classificationItem score=\"89\"><classCode>STX000174</classCode><className>BENCHMARKING</className><classCode/><className/></classificationItem><classificationItem score=\"89\"><classCode>STX000969</classCode><className>INVESTIGATIONS</className><classCode/><className/></classificationItem><classificationItem score=\"78\"><classCode>STX001020</classCode><className>LEGISLATION</className><classCode/><className/></classificationItem><classificationItem score=\"78\"><classCode>N521100MM</classCode><className>CENTRAL BANKS</className><classCode/><className/></classificationItem><classificationItem score=\"78\"><classCode>STX001149</classCode><className>MISCONDUCT</className><classCode/><className/></classificationItem><classificationItem score=\"78\"><classCode>STX000759</classCode><className>FRAUD &amp; FINANCIAL CRIME</className><classCode/><className/></classificationItem><classificationItem score=\"78\"><classCode>ST0009ERN</classCode><className>TREASURY DEPARTMENTS</className><classCode/><className/></classificationItem><classificationItem score=\"75\"><classCode>ST000DIJW</classCode><className>PRICES</className><classCode/><className/></classificationItem><classificationItem score=\"73\"><classCode>STX001550</classCode><className>SENTENCING</className><classCode>Z3VpZD11cm46dG9waWM6MUIzQ0NGRDZERUU3NERCODg2MEZFMDI2RTI0RTA3RTc7cGFyZW50Z3VpZD11cm46dG9waWM6NEU0RkE1OUQwNUQwNDgxODhEODZCMjkzOTg3NThBNzk</classCode><className>Sentencing</className></classificationItem><classificationItem score=\"73\"><classCode>ST000959S</classCode><className>CRIMINAL OFFENSES</className><classCode>Z3VpZD11cm46dG9waWM6REE3RUI5RUNDMTgyNDU3Rjk2QUMwOTVBOUI1NDNFOTY7cGFyZW50Z3VpZD11cm46dG9waWM6NEU0RkE1OUQwNUQwNDgxODhEODZCMjkzOTg3NThBNzk</classCode><className>Criminal Offenses</className></classificationItem><classificationItem score=\"73\"><classCode>ST000DANR</classCode><className>FALSE STATEMENTS</className><classCode/><className/></classificationItem><classificationItem score=\"73\"><classCode>ST000A4J3</classCode><className>JAIL SENTENCING</className><classCode/><className/></classificationItem><classificationItem score=\"71\"><classCode>ST000DL7Q</classCode><className>RETAIL PRICES</className><classCode/><className/></classificationItem><classificationItem score=\"71\"><classCode>STX000380</classCode><className>CONSUMER PRICE INDEX</className><classCode/><className/></classificationItem><classificationItem score=\"66\"><classCode>ST000D1BY</classCode><className>EXECUTIVES</className><classCode/><className/></classificationItem></classification><classification classificationScheme=\"industry\"><classificationItem score=\"90\"><classCode>N926150GC</classCode><className>BANKING &amp; FINANCE REGULATION</className><classCode/><className/></classificationItem><classificationItem score=\"90\"><classCode>STX001661</classCode><className>SWAP TRANSACTIONS</className><classCode/><className/></classificationItem><classificationItem score=\"89\"><classCode>STX000943</classCode><className>INTEREST RATES</className><classCode/><className/></classificationItem><classificationItem score=\"89\"><classCode>N520000CC</classCode><className>BANKING &amp; FINANCE</className><classCode/><className/></classificationItem><classificationItem score=\"78\"><classCode>ST0008X6T</classCode><className>DERIVATIVE INSTRUMENTS</className><classCode/><className/></classificationItem><classificationItem score=\"78\"><classCode>ST0009RX6</classCode><classCode/><className/></classificationItem><classificationItem score=\"78\"><classCode>N521100MM</classCode><className>CENTRAL BANKS</className><classCode/><className/></classificationItem><classificationItem score=\"78\"><classCode>STX000197</classCode><className>BOND MARKETS</className><classCode/><className/></classificationItem><classificationItem score=\"78\"><classCode>ST0009ERN</classCode><className>TREASURY DEPARTMENTS</className><classCode/><className/></classificationItem><classificationItem score=\"78\"><classCode>STX000198</classCode><className>BONDS</className><classCode/><className/></classificationItem><classificationItem score=\"78\"><classCode>STX000770</classCode><className>FUTURES</className><classCode/><className/></classificationItem><classificationItem score=\"73\"><classCode>ST0008WTK</classCode><className>INSURANCE REGULATORY BODIES</className><classCode>Z3VpZD11cm46dG9waWM6NTk2QzZCOTc1QzgxNEI0REFDNjYwM0UxMzNDOEEwQUE7cGFyZW50Z3VpZD11cm46dG9waWM6MDM4MzQ2QUYzMTY0NDQzQTkxRDQwRUUzRUM5RDg0OEM</classCode><className>Regulators</className></classificationItem><classificationItem score=\"71\"><classCode>ST000DL7Q</classCode><className>RETAIL PRICES</className><classCode/><className/></classificationItem></classification><classification classificationScheme=\"country\"><classificationItem score=\"94\"><classCode>GC301</classCode><className>AUSTRALIA</className><classCode/><className/></classificationItem></classification></classificationGroup></metadata></articleDoc></content></entry>"}