{"prediction_class": "Money laundering", "prediction_score": "1.0", "name": "Westpac", "title": "'Integrity' of financial system at stake as Westpac fine upheld;Regulation", "published": "2020-10-22T00:00:00Z", "updated": "2020-11-15T20:00:45Z", "cleaned_article": "[TITLE] 'Integrity' of financial system at stake as Westpac fine upheld;Regulation [TITLE] \n\nFederal Court judge Jonathan Beach has said the integrity of Australia's financial system depends on upholding anti-money laundering laws as he approved Westpac's $1.3 billion record penalty for systemic failures in its approach to financial crime.Justice Beach said the penalty, which is the biggest in Australian corporate history, was appropriate for Westpac's widespread breaches of the Anti-Money Laundering (AML) and Counter-Terrorism Financing Act, including its failure to report suspicious payments and conduct due diligence on its correspondent bank partners.\"Clearly the integrity of Australia's financial system depends upon Westpac and other major banks having first class, compliant, risk-based systems to address anti-money laundering and terrorism financing risks,\" he said yesterday. \"Financial institutions are an important line of defence in protecting the community and financial system ... even minor or inconsequential breaches of the act have very serious consequences.\"Justice Beach said Westpac accounts for a very significant portion of the payments made through Australia's financial system and therefore a substantial fine was necessary. Banks needed to ensure transparency of international payments to prevent financial crime, he said. \"It's obvious that money laundering is all about obscuring the origin and destination of funds.\"The financial crimes watchdog AUSTRAC launched legal action against Westpac in November after the bank was found to have breached AML laws 23 million times, including a failure to report 262 customers linked to child exploitation.The Federal Court heard Westpac's failure jeopardised law enforcement's ability to fight crime.\"Westpac's failures resulted in significantly less transparency in the flow of funds in and out of Australia,\" Ms Harris said. \"They compromised the ability of law enforcement agencies to deal with and prevent unlawful activity, and they undermined the taxation system by denying important information to the ATO [Australian Taxation Office].\" Ms Harris cleared the bank's board of any wrongdoing but said management oversight of AML compliance had been inadequate.\"There wasn't any deliberate intention to contravene the [anti-money laundering] Act. They did take steps to ensure Westpac complied,\" Ms Harris said. \"But despite those steps, that oversight by [the] board and senior management was deficient in a number of respects.\"The final hearing in the landmark case against Westpac comes after The Age and The Sydney Morning Herald revealed the lender maintained a correspondent banking relationship until 2018 with an offshore bank, Euro Pacific, that is now the subject of a major global tax evasion and money laundering probe. The investigation prompted senior academics from the University of Sydney and University of Melbourne to call for reform, including criminal prosecution for non-compliance and greater information-sharing between institutions.", "raw_cleaned_article": "<h2>'Integrity' of financial system at stake as Westpac fine upheld;Regulation</h2><p><b>Federal Court judge Jonathan Beach has said the integrity of Australia's financial system depends on upholding anti-money laundering laws as he approved Westpac's $1.3 billion record penalty for systemic failures in its approach to financial crime.</b><b>Justice Beach said the penalty, which is the biggest in Australian corporate history, was appropriate for Westpac's widespread breaches of the Anti-Money Laundering (AML) and Counter-Terrorism Financing Act, including its failure to report suspicious payments and conduct due diligence on its correspondent bank partners.</b><b>\"Clearly the integrity of Australia's financial system depends upon Westpac and other major banks having first class, compliant, risk-based systems to address anti-money laundering and terrorism financing risks,\" he said yesterday.</b> \"Financial institutions are an important line of defence in protecting the community and financial system ... even minor or inconsequential breaches of the act have very serious consequences.\"<b>Justice Beach said Westpac accounts for a very significant portion of the payments made through Australia's financial system and therefore a substantial fine was necessary.</b> Banks needed to ensure transparency of international payments to prevent financial crime, he said. \"It's obvious that money laundering is all about obscuring the origin and destination of funds.\"<b>The financial crimes watchdog AUSTRAC launched legal action against Westpac in November after the bank was found to have breached AML laws 23 million times, including a failure to report 262 customers linked to child exploitation.</b><b>The Federal Court heard Westpac's failure jeopardised law enforcement's ability to fight crime.</b><b>\"Westpac's failures resulted in significantly less transparency in the flow of funds in and out of Australia,\" Ms Harris said. \"They compromised the ability of law enforcement agencies to deal with and prevent unlawful activity, and they undermined the taxation system by denying important information to the ATO [Australian Taxation Office].\" Ms Harris cleared the bank's board of any wrongdoing but said management oversight of AML compliance had been inadequate.</b><b>\"There wasn't any deliberate intention to contravene the [anti-money laundering] Act. They did take steps to ensure Westpac complied,\" Ms Harris said. \"But despite those steps, that oversight by [the] board and senior management was deficient in a number of respects.\"</b><b>The final hearing in the landmark case against Westpac comes after The Age and The Sydney Morning Herald revealed the lender maintained a correspondent banking relationship until 2018 with an offshore bank, Euro Pacific, that is now the subject of a major global tax evasion and money laundering probe. The investigation prompted senior academics from the University of Sydney and University of Melbourne to call for reform, including criminal prosecution for non-compliance and greater information-sharing between institutions.</b></p>", "original_content": "<entry xmlns=\"http://www.w3.org/2005/Atom\"><id>urn:contentItem:6140-PTW1-F0J6-J51G-00000-00</id><title>'Integrity' of financial system at stake as Westpac fine upheld;Regulation</title><published>2020-10-22T00:00:00Z</published><updated>2020-11-15T20:00:45Z</updated><author><name>LexisNexis</name></author><content type=\"application/xml\"><!--Transformation version 1.23--><articleDoc xmlns=\"\" xmlns:xsi=\"http://www.w3.org/2001/XMLSchema-instance\" xsi:noNamespaceSchemaLocation=\"http://www.lexisnexis.com/xmlschemas/content/public/articledoc/1/\" schemaVersion=\"1.8\" xml:lang=\"en\"><articleDocHead><itemInfo><sourceSectionInfo><positionSection>BUSINESS</positionSection><positionSequence>Pg. 30</positionSequence></sourceSectionInfo></itemInfo></articleDocHead><nitf:body xmlns:nitf=\"http://iptc.org/std/NITF/2006-10-18/\"><nitf:body.head><nitf:hedline><nitf:hl1>'Integrity' of financial system at stake as Westpac fine upheld</nitf:hl1><nitf:hl2>Regulation</nitf:hl2></nitf:hedline><nitf:byline><author><person><nameText>Charlotte Grieve</nameText></person></author></nitf:byline></nitf:body.head><nitf:body.content><bodyText><p nitf:lede=\"true\">Federal Court judge Jonathan Beach has said the integrity of Australia's financial system depends on upholding anti-money laundering laws as he approved Westpac's $1.3 billion record penalty for systemic failures in its approach to financial crime.</p><p nitf:lede=\"true\">Justice Beach said the penalty, which is the biggest in Australian corporate history, was appropriate for Westpac's widespread breaches of the Anti-Money Laundering (AML) and Counter-Terrorism Financing Act, including its failure to report suspicious payments and conduct due diligence on its correspondent bank partners.</p><p>\"Clearly the integrity of Australia's financial system depends upon Westpac and other major banks having first class, compliant, risk-based systems to address anti-money laundering and terrorism financing risks,\" he said yesterday.</p><p>\"Financial institutions are an important line of defence in protecting the community and financial system ... even minor or inconsequential breaches of the act have very serious consequences.\"</p><p>Justice Beach said Westpac accounts for a very significant portion of the payments made through Australia's financial system and therefore a substantial fine was necessary.</p><p>Banks needed to ensure transparency of international payments to prevent financial crime, he said. \"It's obvious that money laundering is all about obscuring the origin and destination of funds.\"</p><p>The financial crimes watchdog AUSTRAC launched legal action against Westpac in November after the bank was found to have breached AML laws 23 million times, including a failure to report 262 customers linked to child exploitation.</p><p>Westpac has since made significant investments in bolstering its AML compliance by improving its digital systems and retraining staff. AUSTRAC's barrister Wendy Harris, QC, said Westpac had demonstrated it took AML compliance \"very seriously\" but only time would tell if this would be effective.</p><p>\"Now of course the proof is always in the pudding,\" Ms Harris said. \"You can have a system but there's also the implementation of the system, obviously we don't have a direct line of sight in that regard.\"</p><p>The Federal Court heard Westpac's failure jeopardised law enforcement's ability to fight crime.</p><p>\"Westpac's failures resulted in significantly less transparency in the flow of funds in and out of Australia,\" Ms Harris said. \"They compromised the ability of law enforcement agencies to deal with and prevent unlawful activity, and they undermined the taxation system by denying important information to the ATO [Australian Taxation Office].\" Ms Harris cleared the bank's board of any wrongdoing but said management oversight of AML compliance had been inadequate.</p><p>\"There wasn't any deliberate intention to contravene the [anti-money laundering] Act. They did take steps to ensure Westpac complied,\" Ms Harris said. \"But despite those steps, that oversight by [the] board and senior management was deficient in a number of respects.\"</p><p>The final hearing in the landmark case against Westpac comes after The Age and The Sydney Morning Herald revealed the lender maintained a correspondent banking relationship until 2018 with an offshore bank, Euro Pacific, that is now the subject of a major global tax evasion and money laundering probe. The investigation prompted senior academics from the University of Sydney and University of Melbourne to call for reform, including criminal prosecution for non-compliance and greater information-sharing between institutions.</p><p>Westpac's lawyer John Sheahan, QC, reiterated the bank's \"profound expression of regret\" before pointing to the ongoing collaboration between Westpac and AUSTRAC.</p><p>$1.3 billion</p><p>Westpac's record penalty for systemic failures in its approach to financial crime.</p></bodyText></nitf:body.content></nitf:body><metadata><dc:metadata xmlns:dc=\"http://purl.org/dc/elements/1.1/\"><dc:identifier identifierScheme=\"DOC-ID\">SMHRLD-doc7cuo7ibpmwwnjcnbn7n</dc:identifier><dc:source sourceScheme=\"royaltyReportingKey\">SMHRLD2020</dc:source><dc:identifier identifierScheme=\"PGUID\">urn:contentItem:6140-PTW1-F0J6-J51G-00000-00</dc:identifier><dc:source sourceScheme=\"productContentSetIdentifier\">314237</dc:source><dc:date dateType=\"last-updated\">2020-10-21</dc:date></dc:metadata><wordCount number=\"616\"/><publicationInfo><copyright>Copyright 2020 John Fairfax Publications Pty Ltd All Rights Reserved</copyright><publicationName>Sydney Morning Herald (Australia)</publicationName><edition>Print &amp; First Editions</edition><publicationDate day=\"22\" month=\"10\" year=\"2020\"><dateText>October 22, 2020 Thursday</dateText></publicationDate><classification classificationScheme=\"publicationtype\"><classificationItem><className>Newspaper</className></classificationItem></classification><classification classificationScheme=\"publicationtype\"><classificationItem><className>Newspapers</className></classificationItem></classification></publicationInfo><classification classificationScheme=\"language\"><classificationItem classificationScheme=\"lang.english\"><className>ENGLISH</className></classificationItem></classification><classificationGroup classificationScheme=\"indexing-terms\"><classification classificationScheme=\"legal\"><classificationItem><className>Business &amp; Corporate Compliance</className><classCode>Z3VpZD11cm46dG9waWM6MUFEMUQ2QTA1OUZCNEE5RjkzNTA2RERFMUNEOTk1RTI7cGFyZW50Z3VpZD0</classCode><classificationItem score=\"71\"><className>Financial Stability Oversight Council</className><classCode>Z3VpZD11cm46dG9waWM6MzlBNTNBNEI4RTVCNDY4OEFFMDM4MzVGQkU3QTk5N0U7cGFyZW50Z3VpZD11cm46dG9waWM6RkQxQjQ4OEIyMUE0NDVEQjk2QkFDMUQ3MEMyOTEwNTY</classCode></classificationItem></classificationItem><classificationItem><className>Criminal Law &amp; Procedure</className><classCode>Z3VpZD11cm46dG9waWM6NEU0RkE1OUQwNUQwNDgxODhEODZCMjkzOTg3NThBNzk7cGFyZW50Z3VpZD0</classCode><classificationItem score=\"99\"><className>General Overview</className><classCode>Z3VpZD11cm46dG9waWM6MUM4RjZFOEE4MDc3NDE4QjhCMkQwNzc2QTM0OUQ5NjI7cGFyZW50Z3VpZD11cm46dG9waWM6QzBDQzA4NEVCN0Q0NEZCRkEwNjY3Qzk3MDA3NzlCMjU</classCode></classificationItem></classificationItem><classificationItem><className>Securities Law</className><classCode>Z3VpZD11cm46dG9waWM6RkFFMTQ3ODhCRDYyNDkyN0IwQkEyQzRCRDlFMEM5ODc7cGFyZW50Z3VpZD0</classCode><classificationItem score=\"71\"><className>Financial Stability Oversight Council</className><classCode>Z3VpZD11cm46dG9waWM6MzlBNTNBNEI4RTVCNDY4OEFFMDM4MzVGQkU3QTk5N0U7cGFyZW50Z3VpZD11cm46dG9waWM6RkQxQjQ4OEIyMUE0NDVEQjk2QkFDMUQ3MEMyOTEwNTY</classCode></classificationItem></classificationItem></classification><classification classificationScheme=\"subject\"><classificationItem score=\"91\"><classCode>STX000713</classCode><className>FINANCIAL CRIME COUNTERMEASURES</className><classCode/><className/></classificationItem><classificationItem score=\"90\"><classCode>STX000759</classCode><className>FRAUD &amp; FINANCIAL CRIME</className><classCode/><className/></classificationItem><classificationItem score=\"90\"><classCode>STX001159</classCode><className>MONEY LAUNDERING</className><classCode>Z3VpZD11cm46dG9waWM6QzBDQzA4NEVCN0Q0NEZCRkEwNjY3Qzk3MDA3NzlCMjU7cGFyZW50Z3VpZD11cm46dG9waWM6NkUzNTQ1QUZBM0Y5NDcyQjk4N0I5Mjg0QzU3NDk0MDI</classCode><className>Money Laundering</className></classificationItem><classificationItem score=\"90\"><classCode>ST0009FJK</classCode><className>NEGATIVE PERSONAL NEWS</className><classCode/><className/></classificationItem><classificationItem score=\"89\"><classCode>STX001932</classCode><className>CRIME, LAW ENFORCEMENT &amp; CORRECTIONS</className><classCode/><className/></classificationItem><classificationItem score=\"89\"><classCode>STX000984</classCode><className>JUDGES</className><classCode>Z3VpZD11cm46dG9waWM6OTg1QUIzNkIwNzk5NDQ4NzhGMDdDQjVGNEYyRjY5OTI7cGFyZW50Z3VpZD11cm46dG9waWM6NURENzJGNTEyQzM0NEREQUI2RkVCRTM4RTc1RTZBREU</classCode><className>Judges</className></classificationItem><classificationItem score=\"89\"><classCode>N922110CC</classCode><className>LAW COURTS &amp; TRIBUNALS</className><classCode/><className/></classificationItem><classificationItem score=\"89\"><classCode>N922120CC</classCode><className>LAW ENFORCEMENT</className><classCode/><className/></classificationItem><classificationItem score=\"78\"><classCode>N926150GC</classCode><className>BANKING &amp; FINANCE REGULATION</className><classCode/><className/></classificationItem><classificationItem score=\"78\"><classCode>STX000168</classCode><className>BARRISTERS &amp; SOLICITORS</className><classCode/><className/></classificationItem><classificationItem score=\"78\"><classCode>STLL000CVGE</classCode><className>CHILDREN'S RIGHTS</className><classCode/><className/></classificationItem><classificationItem score=\"78\"><classCode>STX000417</classCode><className>COUNTERTERRORISM</className><classCode/><className/></classificationItem><classificationItem score=\"78\"><classCode>ST000DN6S</classCode><className>COUNTERTERRORISM LAWS</className><classCode/><className/></classificationItem><classificationItem score=\"78\"><classCode>ST0008XMR</classCode><className>LAW &amp; LEGAL SYSTEM</className><classCode/><className/></classificationItem><classificationItem score=\"78\"><classCode>STX001040</classCode><className>LITIGATION</className><classCode/><className/></classificationItem><classificationItem score=\"78\"><classCode>STX001500</classCode><className>RISK MANAGEMENT</className><classCode/><className/></classificationItem><classificationItem score=\"78\"><classCode>STX001648</classCode><className>SUITS &amp; CLAIMS</className><classCode/><className/></classificationItem><classificationItem score=\"78\"><classCode>STX001688</classCode><className>TAXES &amp; TAXATION</className><classCode/><className/></classificationItem><classificationItem score=\"77\"><classCode>ST00095AK</classCode><className>CRIME PREVENTION</className><classCode/><className/></classificationItem><classificationItem score=\"71\"><classCode>STX001710</classCode><className>TERRORISM</className><classCode>Z3VpZD11cm46dG9waWM6ODg4MDhDQ0I2QkY5NDU2Rjg1RDNEREFBODk1Nzg1QTY7cGFyZW50Z3VpZD11cm46dG9waWM6RjgwNUY4MjJCMTg5NDgzRUJBMDQwNkM4NkUyNTJBMEY</classCode><className>Terrorism</className></classificationItem><classificationItem score=\"69\"><classCode>ST000DLZF</classCode><className>EMPLOYEE RETRAINING</className><classCode/><className/></classificationItem></classification><classification classificationScheme=\"industry\"><classificationItem score=\"78\"><classCode>N520000CC</classCode><className>BANKING &amp; FINANCE</className><classCode/><className/></classificationItem><classificationItem score=\"78\"><classCode>N926150GC</classCode><className>BANKING &amp; FINANCE REGULATION</className><classCode/><className/></classificationItem><classificationItem score=\"78\"><classCode>STX000168</classCode><className>BARRISTERS &amp; SOLICITORS</className><classCode/><className/></classificationItem><classificationItem score=\"78\"><classCode>STX001500</classCode><className>RISK MANAGEMENT</className><classCode/><className/></classificationItem></classification><classification classificationScheme=\"city\"><classificationItem score=\"90\"><classCode>GX014</classCode><className>SYDNEY, AUSTRALIA</className><classCode/><className/></classificationItem></classification><classification classificationScheme=\"country\"><classificationItem score=\"97\"><classCode>GC301</classCode><className>AUSTRALIA</className><classCode/><className/></classificationItem></classification></classificationGroup></metadata></articleDoc></content></entry>"}