{"prediction_class": "Fraud Embezzlement Misappropriation", "prediction_score": "0.81", "name": "Woodside Petroleum", "title": "Woodside axes seven over fraud;Energy", "published": "2015-03-20T00:00:00Z", "updated": "2020-11-15T23:56:20Z", "cleaned_article": "[TITLE] Woodside axes seven over fraud;Energy [TITLE] \n\nWoodside Petroleum's annual sustainability report has revealed the surprising news that seven employees were sacked for \"fraud-related\" incidents last year. Altogether, eight staff were sacked for breaches of the company's code of conduct. No violations of anti-bribery and corruption laws were detected, nor were any legal findings against it linked to harassment or discrimination, Woodside added. Woodside achieved its targets on safety improvement, but fell short of some targets on gender diversity, with representation of women in middle and senior ranks remaining static at 12.4 per cent, short of the 13 per cent target. However, pay was found to be equitable between men and women on an equivalent basis.", "raw_cleaned_article": "<h2>Woodside axes seven over fraud;Energy</h2><p><b>Woodside Petroleum's annual sustainability report has revealed the surprising news that seven employees were sacked for \"fraud-related\" incidents last year. Altogether, eight staff were sacked for breaches of the company's code of conduct.</b> No violations of anti-bribery and corruption laws were detected, nor were any legal findings against it linked to harassment or discrimination, Woodside added. Woodside achieved its targets on safety improvement, but fell short of some targets on gender diversity, with representation of women in middle and senior ranks remaining static at 12.4 per cent, short of the 13 per cent target. However, pay was found to be equitable between men and women on an equivalent basis.</p>", "original_content": "<entry xmlns=\"http://www.w3.org/2005/Atom\"><id>urn:contentItem:5FJB-9YG1-JD34-V49D-00000-00</id><title>Woodside axes seven over fraud;Energy</title><published>2015-03-20T00:00:00Z</published><updated>2020-11-15T23:56:20Z</updated><author><name>LexisNexis</name></author><content type=\"application/xml\"><!--Transformation version 1.23--><articleDoc xmlns=\"\" xmlns:xsi=\"http://www.w3.org/2001/XMLSchema-instance\" xsi:noNamespaceSchemaLocation=\"http://www.lexisnexis.com/xmlschemas/content/public/articledoc/1/\" schemaVersion=\"1.8\" xml:lang=\"en\"><articleDocHead><itemInfo><sourceSectionInfo><positionSection>BUSINESS</positionSection><positionSequence>Pg. 25</positionSequence></sourceSectionInfo></itemInfo></articleDocHead><nitf:body xmlns:nitf=\"http://iptc.org/std/NITF/2006-10-18/\"><nitf:body.head><nitf:hedline><nitf:hl1>Woodside axes seven over fraud</nitf:hl1><nitf:hl2>Energy</nitf:hl2></nitf:hedline><nitf:byline><author><person><nameText>Angela Macdonald-Smith</nameText></person></author></nitf:byline></nitf:body.head><nitf:body.content><bodyText><p nitf:lede=\"true\">Woodside Petroleum's annual sustainability report has revealed the surprising news that seven employees were sacked for \"fraud-related\" incidents last year. Altogether, eight staff were sacked for breaches of the company's code of conduct.</p><p>No violations of anti-bribery and corruption laws were detected, nor were any legal findings against it linked to harassment or discrimination, Woodside added.</p><p>Woodside achieved its targets on safety improvement, but fell short of some targets on gender diversity, with representation of women in middle and senior ranks remaining static at 12.4 per cent, short of the 13 per cent target. However, pay was found to be equitable between men and women on an equivalent basis.</p><p>Indigenous participation in the workforce also stalled, at 2.6 per cent.</p><p>On environmental targets, Woodside reduced the volume of gas flaring per tonne of production and also cut energy used per unit of production, but reported a 1 per cent increase in total greenhouse gas emissions. Regarding political donations, Woodside said it donated $111,100 to the Australian Labor Party last year, and $136,100 to the Liberal Party.</p></bodyText></nitf:body.content></nitf:body><metadata><dc:metadata xmlns:dc=\"http://purl.org/dc/elements/1.1/\"><dc:identifier identifierScheme=\"DOC-ID\">AGEMLB-6joxgyatlmsvm3q68bb</dc:identifier><dc:source sourceScheme=\"royaltyReportingKey\">AGEMLB2015</dc:source><dc:identifier identifierScheme=\"PGUID\">urn:contentItem:5FJB-9YG1-JD34-V49D-00000-00</dc:identifier><dc:source sourceScheme=\"productContentSetIdentifier\">314239</dc:source><dc:date dateType=\"last-updated\">2019-10-03</dc:date></dc:metadata><wordCount number=\"189\"/><publicationInfo><copyright>Copyright 2015 The Age Company Limited All Rights Reserved</copyright><publicationName>The Age (Melbourne, Australia)</publicationName><edition>First Edition</edition><publicationDate day=\"20\" month=\"03\" year=\"2015\"><dateText>March 20, 2015 Friday</dateText></publicationDate><classification classificationScheme=\"publicationtype\"><classificationItem><className>Newspaper</className></classificationItem></classification><classification classificationScheme=\"publicationtype\"><classificationItem><className>Newspapers</className></classificationItem></classification></publicationInfo><classification classificationScheme=\"language\"><classificationItem classificationScheme=\"lang.english\"><className>ENGLISH</className></classificationItem></classification><classificationGroup classificationScheme=\"indexing-terms\"><classification classificationScheme=\"company\"><classificationItem score=\"92\"><classCode>CC0001W04</classCode><className>WOODSIDE PETROLEUM LTD</className></classificationItem></classification><classification classificationScheme=\"industry\"><classificationItem score=\"92\"><className>NAICS211112 NATURAL GAS LIQUID EXTRACTION</className></classificationItem><classificationItem score=\"92\"><className>NAICS211111 CRUDE PETROLEUM &amp; NATURAL GAS EXTRACTION</className></classificationItem><classificationItem score=\"92\"><className>SIC1321 NATURAL GAS LIQUIDS</className></classificationItem><classificationItem score=\"92\"><className>SIC1311 CRUDE PETROLEUM &amp; NATURAL GAS</className></classificationItem></classification><classification classificationScheme=\"ticker\"><classificationItem score=\"92\"><className>WPL (ASX)</className></classificationItem></classification></classificationGroup><classificationGroup classificationScheme=\"licensor.indexing-terms\"><classification classificationScheme=\"licensor.region\"><classificationItem><className>Australia</className></classificationItem></classification><classification classificationScheme=\"licensor.subject\"><classificationItem><className>Company/WOODSIDE PETROLEUM LTD</className></classificationItem><classificationItem><className>Crime/Fraud</className></classificationItem><classificationItem><className>Labour/Employment</className></classificationItem><classificationItem><className>Business/Companies/Financial reporting</className></classificationItem></classification></classificationGroup><classificationGroup classificationScheme=\"indexing-terms\"><classification classificationScheme=\"subject\"><classificationItem score=\"90\"><classCode>ST000CUVU</classCode><className>CORPORATE SUSTAINABILITY</className><classCode/><className/></classificationItem><classificationItem score=\"90\"><classCode>STX000512</classCode><className>DISMISSALS</className><classCode/><className/></classificationItem><classificationItem score=\"90\"><classCode>STX000759</classCode><className>FRAUD &amp; FINANCIAL CRIME</className><classCode/><className/></classificationItem><classificationItem score=\"90\"><classCode>N813940MM</classCode><className>POLITICAL PARTIES</className><classCode/><className/></classificationItem><classificationItem score=\"78\"><classCode>STX000211</classCode><className>BRIBERY</className><classCode>Z3VpZD11cm46dG9waWM6MDdBNUZBQTcxQ0QzNEQ2MDk3MUU1RUM0Rjg0RDM1NDk7cGFyZW50Z3VpZD11cm46dG9waWM6RjgwNUY4MjJCMTg5NDgzRUJBMDQwNkM4NkUyNTJBMEY</classCode><className>Bribery</className></classificationItem><classificationItem score=\"78\"><classCode>ST000D5SG</classCode><className>CORRUPTION</className><classCode/><className/></classificationItem><classificationItem score=\"78\"><classCode>STX000594</classCode><className>EMISSIONS</className><classCode/><className/></classificationItem><classificationItem score=\"78\"><classCode>STX000654</classCode><className>ETHICS</className><classCode/><className/></classificationItem><classificationItem score=\"78\"><classCode>ST000D7R3</classCode><className>GENDER EQUALITY</className><classCode/><className/></classificationItem><classificationItem score=\"78\"><classCode>ST000D8B1</classCode><className>GREENHOUSE GASES</className><classCode/><className/></classificationItem><classificationItem score=\"78\"><classCode>STX001948</classCode><className>LABOR &amp; EMPLOYMENT</className><classCode/><className/></classificationItem><classificationItem score=\"78\"><classCode>ST00097LT</classCode><className>LABOR FORCE</className><classCode/><className/></classificationItem><classificationItem score=\"78\"><classCode>ST000DBE6</classCode><className>POLITICAL DONATIONS &amp; FUNDRAISING</className><classCode/><className/></classificationItem><classificationItem score=\"78\"><classCode>ST000DL6M</classCode><className>SUSTAINABILITY</className><classCode/><className/></classificationItem><classificationItem score=\"73\"><classCode>ST000CYDJ</classCode><className>DISCRIMINATION</className><classCode/><className/></classificationItem><classificationItem score=\"72\"><classCode>ST000D9TK</classCode><className>POLITICAL PARTY DONATIONS</className><classCode/><className/></classificationItem><classificationItem score=\"67\"><classCode>STX000245</classCode><className>CAMPAIGN FINANCE</className><classCode/><className/></classificationItem></classification><classification classificationScheme=\"industry\"><classificationItem score=\"93\"><classCode>STX001198</classCode><className>NATURAL GAS PRODUCTS</className><classCode/><className/></classificationItem><classificationItem score=\"92\"><classCode>STX001240</classCode><className>OIL &amp; GAS INDUSTRY</className><classCode/><className/></classificationItem><classificationItem score=\"92\"><classCode>ST0009FBJ</classCode><className>PETROLEUM PRODUCTS</className><classCode/><className/></classificationItem><classificationItem score=\"91\"><classCode>STX001199</classCode><className>NATURAL GAS LIQUIDS</className><classCode/><className/></classificationItem><classificationItem score=\"90\"><classCode>ST000DBCO</classCode><className>NATURAL GAS</className><classCode>Z3VpZD11cm46dG9waWM6OTYxNzdCMkVBQkIyNEM2RTk2MDkzQjNEMTg4MzVFRTE7cGFyZW50Z3VpZD11cm46dG9waWM6OUUzODAyRDk1QzVFNEZGMEJDM0RGMDYxOTlEMEEzRDA</classCode><className>Natural Gas Industry</className></classificationItem><classificationItem score=\"90\"><classCode>ST0009T2J</classCode><className>NATURAL GAS EXTRACTION</className><classCode/><className/></classificationItem><classificationItem score=\"90\"><classCode>ST0009G87</classCode><className>NATURAL GAS PROCESSING</className><classCode/><className/></classificationItem><classificationItem score=\"78\"><classCode>STX000594</classCode><className>EMISSIONS</className><classCode/><className/></classificationItem></classification><classification classificationScheme=\"city\"><classificationItem score=\"88\"><classCode>GX015</classCode><className>MELBOURNE, AUSTRALIA</className><classCode/><className/></classificationItem></classification><classification classificationScheme=\"state\"><classificationItem score=\"90\"><classCode>GS007</classCode><className>VICTORIA, AUSTRALIA</className><classCode/><className/></classificationItem></classification><classification classificationScheme=\"country\"><classificationItem score=\"92\"><classCode>GC301</classCode><className>AUSTRALIA</className><classCode/><className/></classificationItem></classification></classificationGroup></metadata></articleDoc></content></entry>"}