{"prediction_class": "Fraud Embezzlement Misappropriation", "prediction_score": "0.98", "name": "Woodside Petroleum", "title": "Woodside sacked seven for fraud in 2014", "published": "2015-03-19T00:00:00Z", "updated": "2020-11-15T23:50:36Z", "cleaned_article": "[TITLE] Woodside sacked seven for fraud in 2014 [TITLE] \n\nWoodside Petroleum's annual sustainability report has revealed the surprising news that seven employees were sacked for \"fraud-related\" incidents last year. A spokeswoman declined to give further details of the incidents that led to the termination of the employees, which comprised the bulk of the eight staff that were sacked during the year for breaches of the company's code of conduct. Woodside describes its approach to unethical behaviour as one of \"zero-tolerance\" and puts employees through annual mandatory training on its code of conduct, which was enhanced last year to more thoroughly address its anti-bribery and corruption policy. Employees can use a confidential helpline to report on incidents.", "raw_cleaned_article": "<h2>Woodside sacked seven for fraud in 2014</h2><p><b>Woodside Petroleum's annual sustainability report has revealed the surprising news that seven employees were sacked for \"fraud-related\" incidents last year.</b> A spokeswoman declined to give further details of the incidents that led to the termination of the employees, which comprised the bulk of the eight staff that were sacked during the year for breaches of the company's code of conduct. Woodside describes its approach to unethical behaviour as one of \"zero-tolerance\" and puts employees through annual mandatory training on its code of conduct, which was enhanced last year to more thoroughly address its anti-bribery and corruption policy. Employees can use a confidential helpline to report on incidents.</p>", "original_content": "<entry xmlns=\"http://www.w3.org/2005/Atom\"><id>urn:contentItem:5FJ9-8BF1-DXMH-1057-00000-00</id><title>Woodside sacked seven for fraud in 2014</title><published>2015-03-19T00:00:00Z</published><updated>2020-11-15T23:50:36Z</updated><author><name>LexisNexis</name></author><content type=\"application/xml\"><!--Transformation version 1.23--><articleDoc xmlns=\"\" xmlns:xsi=\"http://www.w3.org/2001/XMLSchema-instance\" xsi:noNamespaceSchemaLocation=\"http://www.lexisnexis.com/xmlschemas/content/public/articledoc/1/\" schemaVersion=\"1.8\" xml:lang=\"en\"><articleDocHead><itemInfo/></articleDocHead><nitf:body xmlns:nitf=\"http://iptc.org/std/NITF/2006-10-18/\"><nitf:body.head><nitf:hedline><nitf:hl1>Woodside sacked seven for fraud in 2014</nitf:hl1></nitf:hedline><nitf:byline><author><person><nameText>Angela Macdonald-Smith</nameText></person></author></nitf:byline></nitf:body.head><nitf:body.content><bodyText><p nitf:lede=\"true\">Woodside Petroleum's annual sustainability report has revealed the surprising news that seven employees were sacked for \"fraud-related\" incidents last year.</p><p nitf:lede=\"true\">A spokeswoman declined to give further details of the incidents that led to the termination of the employees, which comprised the bulk of the eight staff that were sacked during the year for breaches of the company's code of conduct.</p><p>Woodside describes its approach to unethical behaviour as one of \"zero-tolerance\" and puts employees through annual mandatory training on its code of conduct, which was enhanced last year to more thoroughly address its anti-bribery and corruption policy. Employees can use a confidential helpline to report on incidents.</p><p>It said that 71 reports of \"improper behaviour\" or breaches of the code were investigated last year, of which 43 were substantiated and seven remain under investigation. Several of those resulted in warnings.</p><p>No violations of anti-bribery and corruption laws were detected in connection with the company last year, nor were there any legal findings against it linked to harassment or discrimination, Woodside added.</p><p>As a member of the Extractive Industries Transparency Initiative, a global commitment to transparency of payments in the resources sector, Woodside reports all petroleum tax and fee payments in EITI member countries where it operates, which include Timor-Leste, Gabon, Cameroon and Tanzania. Myanmar, where it has a growing exploration business, is also putting itself forward to join EITI after attaining the requirements last July.</p><p>The sustainability report also revealed that Woodside achieved its targets on safety improvement, but fell short of some targets on gender diversity, with representation of women in middle and senior ranks remaining static at 12.4 per cent, short of the 13 per cent target. Pay was however found to be equitable between men and women on an equivalent basis. Voluntary turnover fell to 7.3 per cent from 9.4 per cent, but the proportion of women leaving was higher than the overall number.</p><p>Indigenous participation in the workforce also stalled at 2.6 per cent, with Woodside still aiming to lift it to 3.3 per cent, in line with the demographics of WA, by the end of 2015. Total employee numbers fell from 3889 to 3803, of which 98 per cent were located in Australia.</p><p>\"I am conscious that we still have work to do in key areas, such as gender diversity, where we fell just short of our targets in 2014,\" chief executive Peter Coleman said in the report. \"Increasing mid-career professional development and graduate opportunities for women will be a focus in 2015.\"</p><p>On environmental targets, Woodside succeeded in reducing the volume of gas flaring per tonne of production and also cut energy used per unit of production, but reported a 1 per cent increase in total greenhouse gas emissions.</p><p>Regarding political donations, Woodside said it donated $111,100 to the Australian Labor Party last year, and $136,100 to the Liberal Party.</p></bodyText></nitf:body.content></nitf:body><metadata><dc:metadata xmlns:dc=\"http://purl.org/dc/elements/1.1/\"><dc:identifier identifierScheme=\"DOC-ID\">AGEAUS-97539552</dc:identifier><dc:source sourceScheme=\"royaltyReportingKey\">AGEAUS2015</dc:source><dc:identifier identifierScheme=\"PGUID\">urn:contentItem:5FJ9-8BF1-DXMH-1057-00000-00</dc:identifier><dc:source sourceScheme=\"productContentSetIdentifier\">404060</dc:source><dc:date dateType=\"last-updated\">2019-10-03</dc:date></dc:metadata><wordCount number=\"497\"/><timeReceived>04:59 PM GMT</timeReceived><publicationInfo><copyright>Copyright 2015 Fairfax Media Publications Pty. Limited All Rights Reserved</copyright><publicationName>The Age (Melbourne, Australia) - Online</publicationName><publicationDate day=\"19\" month=\"03\" year=\"2015\"><dateText>March 19, 2015 Thursday</dateText></publicationDate><classification classificationScheme=\"publicationtype\"><classificationItem><className>Web Publication</className></classificationItem></classification><classification classificationScheme=\"publicationtype\"><classificationItem><className>Web-based Publications</className></classificationItem></classification></publicationInfo><classification classificationScheme=\"language\"><classificationItem classificationScheme=\"lang.english\"><className>ENGLISH</className></classificationItem></classification><classificationGroup classificationScheme=\"indexing-terms\"><classification classificationScheme=\"company\"><classificationItem score=\"85\"><classCode>CC0001W04</classCode><className>WOODSIDE PETROLEUM LTD</className></classificationItem></classification><classification classificationScheme=\"industry\"><classificationItem score=\"85\"><className>NAICS211112 NATURAL GAS LIQUID EXTRACTION</className></classificationItem><classificationItem score=\"85\"><className>NAICS211111 CRUDE PETROLEUM &amp; NATURAL GAS EXTRACTION</className></classificationItem><classificationItem score=\"85\"><className>SIC1321 NATURAL GAS LIQUIDS</className></classificationItem><classificationItem score=\"85\"><className>SIC1311 CRUDE PETROLEUM &amp; NATURAL GAS</className></classificationItem></classification><classification classificationScheme=\"ticker\"><classificationItem score=\"85\"><className>WPL (ASX)</className></classificationItem></classification></classificationGroup><classificationGroup classificationScheme=\"licensor.indexing-terms\"><classification classificationScheme=\"licensor.subject\"><classificationItem><className>Mining and Resources</className></classificationItem><classificationItem><className>Oil</className></classificationItem><classificationItem><className>Gas</className></classificationItem></classification></classificationGroup><classificationGroup classificationScheme=\"indexing-terms\"><classification classificationScheme=\"subject\"><classificationItem score=\"90\"><classCode>ST000D5SG</classCode><className>CORRUPTION</className><classCode/><className/></classificationItem><classificationItem score=\"90\"><classCode>STX000654</classCode><className>ETHICS</className><classCode/><className/></classificationItem><classificationItem score=\"90\"><classCode>STX000759</classCode><className>FRAUD &amp; FINANCIAL CRIME</className><classCode/><className/></classificationItem><classificationItem score=\"90\"><classCode>STX000969</classCode><className>INVESTIGATIONS</className><classCode/><className/></classificationItem><classificationItem score=\"90\"><classCode>ST0009FJK</classCode><className>NEGATIVE PERSONAL NEWS</className><classCode/><className/></classificationItem><classificationItem score=\"89\"><classCode>ST000CUVU</classCode><className>CORPORATE SUSTAINABILITY</className><classCode/><className/></classificationItem><classificationItem score=\"89\"><classCode>ST000D7R3</classCode><className>GENDER EQUALITY</className><classCode/><className/></classificationItem><classificationItem score=\"89\"><classCode>ST000DL6M</classCode><className>SUSTAINABILITY</className><classCode/><className/></classificationItem><classificationItem score=\"78\"><classCode>ST000D4JV</classCode><className>CRIMINAL INVESTIGATIONS</className><classCode/><className/></classificationItem><classificationItem score=\"78\"><classCode>ST000CYDJ</classCode><className>DISCRIMINATION</className><classCode/><className/></classificationItem><classificationItem score=\"78\"><classCode>STX000594</classCode><className>EMISSIONS</className><classCode/><className/></classificationItem><classificationItem score=\"78\"><classCode>STX002027</classCode><className>EMPLOYEE TERMINATION</className><classCode/><className/></classificationItem><classificationItem score=\"78\"><classCode>STX000601</classCode><className>EMPLOYEE TRAINING</className><classCode/><className/></classificationItem><classificationItem score=\"78\"><classCode>ST000D8B1</classCode><className>GREENHOUSE GASES</className><classCode/><className/></classificationItem><classificationItem score=\"78\"><classCode>STX001948</classCode><className>LABOR &amp; EMPLOYMENT</className><classCode/><className/></classificationItem><classificationItem score=\"78\"><classCode>ST00097LT</classCode><className>LABOR FORCE</className><classCode/><className/></classificationItem><classificationItem score=\"78\"><classCode>STX001851</classCode><className>WOMEN</className><classCode/><className/></classificationItem><classificationItem score=\"75\"><classCode>STX000211</classCode><className>BRIBERY</className><classCode>Z3VpZD11cm46dG9waWM6MDdBNUZBQTcxQ0QzNEQ2MDk3MUU1RUM0Rjg0RDM1NDk7cGFyZW50Z3VpZD11cm46dG9waWM6RjgwNUY4MjJCMTg5NDgzRUJBMDQwNkM4NkUyNTJBMEY</classCode><className>Bribery</className></classificationItem><classificationItem score=\"73\"><classCode>STX000245</classCode><className>CAMPAIGN FINANCE</className><classCode/><className/></classificationItem><classificationItem score=\"73\"><classCode>STX000768</classCode><className>FUEL TAX</className><classCode/><className/></classificationItem><classificationItem score=\"69\"><classCode>N813940MM</classCode><className>POLITICAL PARTIES</className><classCode/><className/></classificationItem><classificationItem score=\"60\"><classCode>ST000DBE6</classCode><className>POLITICAL DONATIONS &amp; FUNDRAISING</className><classCode/><className/></classificationItem><classificationItem score=\"60\"><classCode>ST000D9TK</classCode><className>POLITICAL PARTY DONATIONS</className><classCode/><className/></classificationItem><classificationItem score=\"50\"><classCode>ST000D1BY</classCode><className>EXECUTIVES</className><classCode/><className/></classificationItem></classification><classification classificationScheme=\"industry\"><classificationItem score=\"93\"><classCode>STX001198</classCode><className>NATURAL GAS PRODUCTS</className><classCode/><className/></classificationItem><classificationItem score=\"92\"><classCode>ST0009FBJ</classCode><className>PETROLEUM PRODUCTS</className><classCode/><className/></classificationItem><classificationItem score=\"91\"><classCode>ST0009T2J</classCode><className>NATURAL GAS EXTRACTION</className><classCode/><className/></classificationItem><classificationItem score=\"91\"><classCode>STX001199</classCode><className>NATURAL GAS LIQUIDS</className><classCode/><className/></classificationItem><classificationItem score=\"91\"><classCode>STX001240</classCode><className>OIL &amp; GAS INDUSTRY</className><classCode/><className/></classificationItem><classificationItem score=\"90\"><classCode>ST000DBCO</classCode><className>NATURAL GAS</className><classCode>Z3VpZD11cm46dG9waWM6OTYxNzdCMkVBQkIyNEM2RTk2MDkzQjNEMTg4MzVFRTE7cGFyZW50Z3VpZD11cm46dG9waWM6OUUzODAyRDk1QzVFNEZGMEJDM0RGMDYxOTlEMEEzRDA</classCode><className>Natural Gas Industry</className></classificationItem><classificationItem score=\"90\"><classCode>ST0009G87</classCode><className>NATURAL GAS PROCESSING</className><classCode/><className/></classificationItem><classificationItem score=\"78\"><classCode>STX000594</classCode><className>EMISSIONS</className><classCode/><className/></classificationItem><classificationItem score=\"73\"><classCode>STX000768</classCode><className>FUEL TAX</className><classCode/><className/></classificationItem></classification><classification classificationScheme=\"city\"><classificationItem score=\"88\"><classCode>GX015</classCode><className>MELBOURNE, AUSTRALIA</className><classCode/><className/></classificationItem></classification><classification classificationScheme=\"state\"><classificationItem score=\"90\"><classCode>GS007</classCode><className>VICTORIA, AUSTRALIA</className><classCode/><className/></classificationItem></classification><classification classificationScheme=\"country\"><classificationItem score=\"93\"><classCode>GC301</classCode><className>AUSTRALIA</className><classCode/><className/></classificationItem><classificationItem score=\"79\"><classCode>GC390</classCode><className>GABON</className><classCode/><className/></classificationItem><classificationItem score=\"79\"><classCode>GC699</classCode><className>TIMOR-LESTE</className><classCode/><className/></classificationItem></classification></classificationGroup></metadata></articleDoc></content></entry>"}